"feature","factor","value","view","rank","gene_symbol","factor_var_pct_exp","group"
"O95817_S377sS386s","Factor5",0.0538348332047462,"Phosphoproteomics",5,"BAG3",0.316339731216431,"ADUEndur"
"O95817_S377sS386s","Factor3",0.646583020687103,"Phosphoproteomics",22,"BAG3",7.11556673049927,"ADUResist"
"O95817_S377sS386s","Factor9",-0.037540826946497,"Phosphoproteomics",36,"BAG3",0.235497951507568,"ADUResist"
"O95817_S377sS386s","Factor1",0.193658024072647,"Phosphoproteomics",46,"BAG3",2.5407075881958,"ADUResist"
"O95817_S377sS386s","Factor3",0.0283491723239422,"Phosphoproteomics",64,"BAG3",0.259184837341309,"ADUEndur"
"O95817_S377sS386s","Factor4",0.255780518054962,"Phosphoproteomics",77,"BAG3",3.42494249343872,"ADUEndur"
"O95817_S377sS386s","Factor10",0.260553002357483,"Phosphoproteomics",128,"BAG3",3.7848949432373,"ADUResist"
"O95817_S377sS386s","Factor8",-0.0739158540964127,"Phosphoproteomics",210,"BAG3",1.05330348014832,"ADUResist"
"O95817_S377sS386s","Factor4",0.0440204739570618,"Phosphoproteomics",335,"BAG3",0.770455598831177,"ADUResist"
"O95817_S377sS386s","Factor5",0.238819420337677,"Phosphoproteomics",369,"BAG3",8.9109480381012,"ADUResist"
"O95817_S377sS386s","Factor7",0.0664272084832191,"Phosphoproteomics",422,"BAG3",1.44950151443481,"ADUResist"
"O95817_S377sS386s","Factor8",0.00627473788335919,"Phosphoproteomics",449,"BAG3",0.115525722503662,"ADUEndur"
"O95817_S377sS386s","Factor7",0.00984292291104794,"Phosphoproteomics",598,"BAG3",0.300192832946777,"ADUEndur"
"O95817_S377sS386s","Factor10",0.0265425462275743,"Phosphoproteomics",729,"BAG3",1.41361951828003,"ADUEndur"
"O95817_S377sS386s","Factor6",-0.046493224799633,"Phosphoproteomics",778,"BAG3",4.47434186935425,"ADUEndur"
"O95817_S377sS386s","Factor2",-0.0697834342718124,"Phosphoproteomics",807,"BAG3",10.2646052837372,"ADUEndur"
"O95817_S377sS386s","Factor2",-0.0382537059485912,"Phosphoproteomics",840,"BAG3",6.12024068832397,"ADUResist"
"O95817_S377sS386s","Factor1",0.0117821879684925,"Phosphoproteomics",910,"BAG3",2.92626619338989,"ADUEndur"
"O95817_S377sS386s","Factor6",0.0111677376553416,"Phosphoproteomics",930,"BAG3",3.06875109672546,"ADUResist"
"O95817_S377sS386s","Factor9",0.00701257539913058,"Phosphoproteomics",958,"BAG3",4.33470010757446,"ADUEndur"
"ENSG00000118689.15","Factor1",0.637492716312408,"Transcriptomics",1,"FOXO3",7.49607086181641,"ADUEndur"
"O43524_S284s","Factor2",-0.611133098602295,"Phosphoproteomics",13,"FOXO3",10.2646052837372,"ADUEndur"
"O43524_S284s","Factor9",-0.621358454227448,"Phosphoproteomics",14,"FOXO3",4.33470010757446,"ADUEndur"
"ENSG00000118689.15","Factor9",-0.0627051666378975,"Transcriptomics",26,"FOXO3",0.383979082107544,"ADUEndur"
"ENSG00000118689.15","Factor3",0.450693249702454,"Transcriptomics",79,"FOXO3",8.80059003829956,"ADUEndur"
"O43524_S284s","Factor7",0.12431213259697,"Phosphoproteomics",131,"FOXO3",1.44950151443481,"ADUResist"
"ENSG00000118689.15","Factor2",0.209515705704689,"Transcriptomics",146,"FOXO3",3.6385715007782,"ADUResist"
"O43524_S284s","Factor8",0.0109556736424565,"Phosphoproteomics",183,"FOXO3",0.115525722503662,"ADUEndur"
"O43524_S284s","Factor3",0.0175962783396244,"Phosphoproteomics",264,"FOXO3",0.259184837341309,"ADUEndur"
"ENSG00000118689.15","Factor2",0.00447065616026521,"Transcriptomics",267,"FOXO3",0.0543713569641113,"ADUEndur"
"ENSG00000118689.15","Factor6",-0.178799241781235,"Transcriptomics",284,"FOXO3",4.2313814163208,"ADUResist"
"O43524_S284s","Factor10",-0.0811954960227013,"Phosphoproteomics",308,"FOXO3",1.41361951828003,"ADUEndur"
"ENSG00000118689.15","Factor4",0.124960966408253,"Transcriptomics",311,"FOXO3",3.75827550888062,"ADUEndur"
"O43524_S284s","Factor3",-0.191615208983421,"Phosphoproteomics",316,"FOXO3",7.11556673049927,"ADUResist"
"ENSG00000118689.15","Factor3",0.0887172371149063,"Transcriptomics",346,"FOXO3",2.1872878074646,"ADUResist"
"ENSG00000118689.15","Factor7",0.158602446317673,"Transcriptomics",349,"FOXO3",4.22167181968689,"ADUResist"
"ENSG00000118689.15","Factor8",0.169502317905426,"Transcriptomics",349,"FOXO3",4.75974678993225,"ADUEndur"
"ENSG00000118689.15","Factor8",0.158474937081337,"Transcriptomics",353,"FOXO3",4.58999276161194,"ADUResist"
"O43524_S284s","Factor4",-0.107371762394905,"Phosphoproteomics",358,"FOXO3",3.42494249343872,"ADUEndur"
"ENSG00000118689.15","Factor4",-0.216943487524986,"Transcriptomics",360,"FOXO3",8.42064023017883,"ADUResist"
"ENSG00000118689.15","Factor10",0.00269924220629036,"Transcriptomics",370,"FOXO3",0.0320196151733398,"ADUResist"
"O43524_S284s","Factor1",0.0848922282457352,"Phosphoproteomics",402,"FOXO3",2.92626619338989,"ADUEndur"
"O43524_S284s","Factor1",-0.0615615658462048,"Phosphoproteomics",410,"FOXO3",2.5407075881958,"ADUResist"
"O43524_S284s","Factor5",0.188174307346344,"Phosphoproteomics",444,"FOXO3",8.9109480381012,"ADUResist"
"O43524_S284s","Factor6",-0.11268063634634,"Phosphoproteomics",474,"FOXO3",4.47434186935425,"ADUEndur"
"O43524_S284s","Factor4",-0.0283742100000381,"Phosphoproteomics",537,"FOXO3",0.770455598831177,"ADUResist"
"ENSG00000118689.15","Factor7",0.127261787652969,"Transcriptomics",567,"FOXO3",5.63887357711792,"ADUEndur"
"O43524_S284s","Factor8",0.0320237800478935,"Phosphoproteomics",575,"FOXO3",1.05330348014832,"ADUResist"
"O43524_S284s","Factor9",0.00913793034851551,"Phosphoproteomics",600,"FOXO3",0.235497951507568,"ADUResist"
"ENSG00000118689.15","Factor1",-0.135586604475975,"Transcriptomics",622,"FOXO3",15.0260210037231,"ADUResist"
"O43524_S284s","Factor7",-0.0073807523585856,"Phosphoproteomics",700,"FOXO3",0.300192832946777,"ADUEndur"
"O43524_S284s","Factor5",0.00546845467761159,"Phosphoproteomics",761,"FOXO3",0.316339731216431,"ADUEndur"
"ENSG00000118689.15","Factor9",0.0515136606991291,"Transcriptomics",770,"FOXO3",4.54192757606506,"ADUResist"
"ENSG00000118689.15","Factor5",-0.0471694767475128,"Transcriptomics",829,"FOXO3",6.65818452835083,"ADUEndur"
"ENSG00000118689.15","Factor6",0.0184410270303488,"Transcriptomics",861,"FOXO3",2.19943523406982,"ADUEndur"
"O43524_S284s","Factor6",-0.0202513821423054,"Phosphoproteomics",880,"FOXO3",3.06875109672546,"ADUResist"
"ENSG00000118689.15","Factor10",-0.019537465646863,"Transcriptomics",893,"FOXO3",2.91973352432251,"ADUEndur"
"O43524_S284s","Factor10",-0.022072397172451,"Phosphoproteomics",897,"FOXO3",3.7848949432373,"ADUResist"
"ENSG00000118689.15","Factor5",-0.000250226381467655,"Transcriptomics",947,"FOXO3",0.0453412532806396,"ADUResist"
"O43524_S284s","Factor2",-0.00142147985752672,"Phosphoproteomics",994,"FOXO3",6.12024068832397,"ADUResist"
"P19484_S109sS114s","Factor4",-0.55848503112793,"Phosphoproteomics",7,"TFEB",3.42494249343872,"ADUEndur"
"P19484_S109sS114s","Factor3",-0.64162403345108,"Phosphoproteomics",23,"TFEB",7.11556673049927,"ADUResist"
"P19484_S109sS114s","Factor10",-0.153557404875755,"Phosphoproteomics",57,"TFEB",1.41361951828003,"ADUEndur"
"P19484_S109sS114s","Factor1",0.168043538928032,"Phosphoproteomics",65,"TFEB",2.5407075881958,"ADUResist"
"P19484_S109sS114s","Factor2",-0.236642599105835,"Phosphoproteomics",232,"TFEB",6.12024068832397,"ADUResist"
"P19484_S109sS114s","Factor10",-0.184227094054222,"Phosphoproteomics",280,"TFEB",3.7848949432373,"ADUResist"
"P19484_S109sS114s","Factor8",-0.00858873780816793,"Phosphoproteomics",295,"TFEB",0.115525722503662,"ADUEndur"
"P19484_S109sS114s","Factor6",-0.155216664075851,"Phosphoproteomics",354,"TFEB",4.47434186935425,"ADUEndur"
"P19484_S109sS114s","Factor1",-0.0717744752764702,"Phosphoproteomics",475,"TFEB",2.92626619338989,"ADUEndur"
"P19484_S109sS114s","Factor2",0.184738337993622,"Phosphoproteomics",530,"TFEB",10.2646052837372,"ADUEndur"
"P19484_S109sS114s","Factor5",-0.10204641520977,"Phosphoproteomics",654,"TFEB",8.9109480381012,"ADUResist"
"P19484_S109sS114s","Factor6",0.0499452017247677,"Phosphoproteomics",709,"TFEB",3.06875109672546,"ADUResist"
"P19484_S109sS114s","Factor7",-0.00488519482314587,"Phosphoproteomics",794,"TFEB",0.300192832946777,"ADUEndur"
"P19484_S109sS114s","Factor7",-0.0178917832672596,"Phosphoproteomics",822,"TFEB",1.44950151443481,"ADUResist"
"P19484_S109sS114s","Factor3",0.0031310124322772,"Phosphoproteomics",833,"TFEB",0.259184837341309,"ADUEndur"
"P19484_S109sS114s","Factor9",0.00329796271398664,"Phosphoproteomics",842,"TFEB",0.235497951507568,"ADUResist"
"P19484_S109sS114s","Factor9",0.017679201439023,"Phosphoproteomics",886,"TFEB",4.33470010757446,"ADUEndur"
"P19484_S109sS114s","Factor4",0.00260895164683461,"Phosphoproteomics",950,"TFEB",0.770455598831177,"ADUResist"
"P19484_S109sS114s","Factor5",-0.00110893452074379,"Phosphoproteomics",954,"TFEB",0.316339731216431,"ADUEndur"
"P19484_S109sS114s","Factor8",-0.00304154306650162,"Phosphoproteomics",960,"TFEB",1.05330348014832,"ADUResist"
