"AverageShortestPathLength","BetweennessCentrality","ClosenessCentrality","ClusteringCoefficient","Eccentricity","EdgeCount","Indegree","IsSingleNode","Matching.Attribute","name","NeighborhoodConnectivity","nms.score.avg","nms.score.EE","nms.score.RE","Outdegree","PartnerOfMultiEdgedNodePairs","selected","SelfLoops","shared name","Stress"
"0.0","0.0","0.0","0.03571428571428571","0","8","8","false","JDP2","JDP2","272.375","0.0147806255","0.007635158","0.021926093","0","0","false","0","JDP2","0"
"0.0","0.0","0.0","0.0","0","4","4","false","TRDN-AS1","TRDN-AS1","520.0","8.256334999999999E-4","2.4818E-4","0.001403087","0","0","false","0","TRDN-AS1","0"
"0.0","0.0","0.0","0.08333333333333333","0","4","4","false","OTUD1","OTUD1","639.75","0.0050190728355393776","8.27266710787558E-5","0.009955419","0","0","false","0","OTUD1","0"
"0.0","0.0","0.0","0.0","0","1","1","false","SEC24B","SEC24B","223.0","1.742E-4","2.4818E-4","1.0022E-4","0","0","false","0","SEC24B","0"
"0.0","0.0","0.0","0.05","0","5","5","false","RHOF","RHOF","277.6","0.012223313","0.013182918","0.011263708","0","0","false","0","RHOF","0"
"0.0","0.0","0.0","0.16666666666666666","0","4","4","false","ZNF483","ZNF483","586.0",,"0.003983032",,"0","1","false","0","ZNF483","0"
"0.0","0.0","0.0","0.0","0","5","5","false","SEMA7A","SEMA7A","321.0","0.0014208069999999998","1.65453E-4","0.002676161","0","0","false","0","SEMA7A","0"
"0.0","0.0","0.0","0.08333333333333333","0","4","4","false","GEM","GEM","481.75",,,"0.009654758","0","0","false","0","GEM","0"
"0.0","0.0","0.0","0.0","0","2","2","false","CEMIP2","CEMIP2","605.5","0.002041626","0.003983032","1.0022E-4","0","0","false","0","CEMIP2","0"
"0.0","0.0","0.0","0.0","0","2","2","false","TRMT44","TRMT44","601.5","0.0037722109999999997","0.006642438","9.01984E-4","0","0","false","0","TRMT44","0"
"0.0","0.0","0.0","0.5","0","2","2","false","ASNSD1","ASNSD1","690.5","0.007839084500000001","0.012118266","0.003559903","0","0","false","0","ASNSD1","0"
"1.9954853273137698","0.0","0.501131221719457","0.0","3","126","0","false","TMF1","TMF1","4.888888888888889","0.30046595649999996","0.581589359","0.019342554","126","0","false","0","TMF1","0"
"0.0","0.0","0.0","0.0","0","1","1","false","ADAM10","ADAM10","223.0","2.155635E-4","3.30907E-4","1.0022E-4","0","0","false","0","ADAM10","0"
"0.0","0.0","0.0","0.0","0","2","2","false","SPTSSA","SPTSSA","441.5","0.014173535999999999","0.028146631","2.00441E-4","0","0","false","0","SPTSSA","0"
"0.0","0.0","0.0","0.0","0","4","4","false","VPS45","VPS45","253.25","0.0020523755","8.27267E-4","0.003277484","0","0","false","0","VPS45","0"
"0.0","0.0","0.0","0.0","0","3","3","false","PPP1R3B","PPP1R3B","133.0","0.0038374435","0.006973344","7.01543E-4","0","0","false","0","PPP1R3B","0"
"0.0","0.0","0.0","0.0","0","3","3","false","FBXL20","FBXL20","195.0","2.418043355393779E-4","8.27266710787558E-5","4.00882E-4","0","0","false","0","FBXL20","0"
"0.0","0.0","0.0","0.0","0","2","2","false","FKBP15","FKBP15","121.0","1.415838355393779E-4","8.27266710787558E-5","2.00441E-4","0","0","false","0","FKBP15","0"
"0.0","0.0","0.0","0.0","0","3","3","false","OSER1","OSER1","592.0","0.001793446","0.003486672","1.0022E-4","0","0","false","0","OSER1","0"
"0.0","0.0","0.0","0.0","0","2","2","false","HIPK1","HIPK1","99.0","0.002041626","0.003983032","1.0022E-4","0","0","false","0","HIPK1","0"
"0.0","0.0","0.0","0.0","0","2","2","false","CCDC146","CCDC146","398.0","9.14733355393779E-5","8.27266710787558E-5","1.0022E-4","0","0","false","0","CCDC146","0"
"0.0","0.0","0.0","0.16666666666666666","0","3","3","false","NUDT15","NUDT15","513.0","0.0024942465","8.27267E-4","0.004161226","0","0","false","0","NUDT15","0"
"0.0","0.0","0.0","0.0","0","1","1","false","TBC1D4","TBC1D4","1158.0","0.005242104500000001","0.010283768","2.00441E-4","0","0","false","0","TBC1D4","0"
"0.0","0.0","0.0","0.0","0","3","3","false","DNAJB4","DNAJB4","260.6666666666667",,,"9.01984E-4","0","0","false","0","DNAJB4","0"
"0.0","0.0","0.0","0.5","0","2","2","false","EPC2","EPC2","690.5","0.001821314835539378","8.27266710787558E-5","0.003559903","0","0","false","0","EPC2","0"
"0.0","0.0","0.0","0.0","0","2","2","false","C2orf49","C2orf49","292.0","3.658945E-4","3.30907E-4","4.00882E-4","0","0","false","0","C2orf49","0"
"0.0","0.0","0.0","0.0","0","4","4","false","KDM6B","KDM6B","228.75","0.00413633","0.003321219","0.004951441","0","0","false","0","KDM6B","0"
"0.0","0.0","0.0","0.0","0","2","2","false","IRF2","IRF2","151.5","1.916938355393779E-4","8.27266710787558E-5","3.00661E-4","0","0","false","0","IRF2","0"
"0.0","0.0","0.0","0.0","0","1","1","false","ZSWIM1","ZSWIM1","229.0","0.0015804575","0.002760033","4.00882E-4","0","0","false","0","ZSWIM1","0"
"0.0","0.0","0.0","0.0","0","2","2","false","DNAJB1","DNAJB1","223.5","0.005640615","0.010780128","5.01102E-4","0","0","false","0","DNAJB1","0"
"0.0","0.0","0.0","0.0","0","5","5","false","RASA4","RASA4","133.6","5.313475E-4","6.61813E-4","4.00882E-4","0","0","false","0","RASA4","0"
"0.0","0.0","0.0","0.0","0","1","1","false","ZNF701","ZNF701","184.0","0.0019087895","0.003817579","0.0","0","0","false","0","ZNF701","0"
"0.0","0.0","0.0","0.0","0","4","4","false","HELZ2","HELZ2","334.75","0.003589717335539378","8.27266710787558E-5","0.007096708","0","0","false","0","HELZ2","0"
"0.0","0.0","0.0","0.05","0","8","8","false","PIK3R3","PIK3R3","376.0","0.0025228583355393778","8.27266710787558E-5","0.00496299","0","1","false","0","PIK3R3","0"
"0.0","0.0","0.0","0.0","0","4","4","false","GTPBP3","GTPBP3","213.75","0.0018694279999999998","6.61813E-4","0.003077043","0","0","false","0","GTPBP3","0"
"0.0","0.0","0.0","0.0","0","2","2","false","SIRT7","SIRT7","264.0","0.0078317475","0.015362834","3.00661E-4","0","0","false","0","SIRT7","0"
"0.0","0.0","0.0","0.0","0","1","1","false","RNF138","RNF138","223.0","4.2238000000000003E-4","7.4454E-4","1.0022E-4","0","0","false","0","RNF138","0"
"0.0","0.0","0.0","0.0","0","3","3","false","CCDC28B","CCDC28B","545.0","0.002935686","2.4818E-4","0.005623192","0","0","false","0","CCDC28B","0"
"0.0","0.0","0.0","0.0","0","1","1","false","PUM1","PUM1","1158.0","0.0034202595","0.006640078","2.00441E-4","0","0","false","0","PUM1","0"
"0.0","0.0","0.0","0.0","0","1","1","false","STARD8","STARD8","127.0","0.0015303469999999998","0.002760033","3.00661E-4","0","0","false","0","STARD8","0"
"0.0","0.0","0.0","0.0","0","1","1","false","ASH2L","ASH2L","223.0","0.0022310565","0.004361893","1.0022E-4","0","0","false","0","ASH2L","0"
"0.0","0.0","0.0","0.0","0","3","3","false","PLD2","PLD2","230.33333333333334","0.0125116895","0.022146777","0.002876602","0","0","false","0","PLD2","0"
"0.0","0.0","0.0","0.0","0","2","2","false","RCAN1","RCAN1","354.5",,,"9.01984E-4","0","0","false","0","RCAN1","0"
"0.0","0.0","0.0","0.0","0","2","2","false","EGLN3","EGLN3","243.5","4.1600450000000005E-4","3.30907E-4","5.01102E-4","0","0","false","0","EGLN3","0"
"0.0","0.0","0.0","0.0","0","7","7","false","ID2","ID2","192.4","0.003325223","4.9636E-4","0.006154086","0","1","false","0","ID2","0"
"0.0","0.0","0.0","0.0","0","3","3","false","COA7","COA7","421.3333333333333","0.0012442355","4.13633E-4","0.002074838","0","0","false","0","COA7","0"
"0.0","0.0","0.0","0.08333333333333333","0","4","4","false","ZBTB1","ZBTB1","449.0","0.0025228583355393778","8.27266710787558E-5","0.00496299","0","0","false","0","ZBTB1","0"
"0.0","0.0","0.0","0.0","0","2","2","false","ENSG00000272195.1","ENSG00000272195.1","563.5","0.0023574105","0.004313939","4.00882E-4","0","0","false","0","ENSG00000272195.1","0"
"0.0","0.0","0.0","0.0","0","6","6","false","RHOJ","RHOJ","301.5",,,"0.008098912","0","0","false","0","RHOJ","0"
"0.0","0.0","0.0","0.0","0","1","1","false","BTBD3","BTBD3","87.0","0.0014627435","0.002925487","0.0","0","0","false","0","BTBD3","0"
"0.0","0.0","0.0","0.0","0","2","2","false","HIF3A","HIF3A","398.0",,,"1.0022E-4","0","0","false","0","HIF3A","0"
"0.0","0.0","0.0","0.0","0","1","1","false","KANSL1L","KANSL1L","172.0","0.0086346325","0.017269265","0.0","0","0","false","0","KANSL1L","0"
"0.0","0.0","0.0","0.0","0","5","5","false","KCNJ2","KCNJ2","247.8","4.422453355393779E-4","8.27266710787558E-5","8.01764E-4","0","0","false","0","KCNJ2","0"
"0.0","0.0","0.0","0.0","0","1","1","false","ASXL2","ASXL2","209.0","3.15784E-4","3.30907E-4","3.00661E-4","0","0","false","0","ASXL2","0"
"0.0","0.0","0.0","0.15","0","6","6","false","ITIH6","ITIH6","492.0","0.018395544335539377","8.27266710787558E-5","0.036708362","0","1","false","0","ITIH6","0"
"0.0","0.0","0.0","0.0","0","1","1","false","ADORA1","ADORA1","544.0","4.9636E-4","9.9272E-4","0.0","0","0","false","0","ADORA1","0"
"0.0","0.0","0.0","0.0","0","2","2","false","UBE4B","UBE4B","271.0","0.011325987499999999","0.022251093","4.00882E-4","0","0","false","0","UBE4B","0"
"0.0","0.0","0.0","0.0","0","4","4","false","ALG5","ALG5","285.6666666666667","3.15784E-4","3.30907E-4","3.00661E-4","0","1","false","0","ALG5","0"
"0.0","0.0","0.0","0.0","0","2","2","false","PROSER1","PROSER1","398.0","5.051065E-4","9.09993E-4","1.0022E-4","0","0","false","0","PROSER1","0"
"0.0","0.0","0.0","0.0","0","4","4","false","DNAJC15","DNAJC15","275.0","0.003870656","0.002990312","0.004751","0","0","false","0","DNAJC15","0"
"0.0","0.0","0.0","0.0","0","3","3","false","EIF2S3","EIF2S3","192.0","0.0020265035","0.003652125","4.00882E-4","0","0","false","0","EIF2S3","0"
"0.0","0.0","0.0","0.0","0","4","4","false","ATAD2B","ATAD2B","203.75","0.007541253499999999","0.010531948","0.004550559","0","0","false","0","ATAD2B","0"
"0.0","0.0","0.0","0.3333333333333333","0","4","4","false","NFKBIA","NFKBIA","703.0","0.019182440999999998","3.30907E-4","0.038033975","0","0","false","0","NFKBIA","0"
"0.0","0.0","0.0","0.1","0","5","5","false","PNPLA7","PNPLA7","336.8","0.0063249050000000005","6.61813E-4","0.011987997","0","0","false","0","PNPLA7","0"
"0.0","0.0","0.0","0.07142857142857142","0","7","7","false","NRDE2","NRDE2","380.0","0.019860625","4.13633E-4","0.039307617","0","0","false","0","NRDE2","0"
"0.0","0.0","0.0","0.0","0","1","1","false","CDC42EP2","CDC42EP2","339.0","3.420248355393779E-4","8.27266710787558E-5","6.01323E-4","0","0","false","0","CDC42EP2","0"
"0.0","0.0","0.0","0.08333333333333333","0","4","4","false","ZNFX1","ZNFX1","287.25","0.003440561","0.003321219","0.003559903","0","0","false","0","ZNFX1","0"
"0.0","0.0","0.0","0.0","0","1","1","false","FBRS","FBRS","184.0","0.001743336","0.003486672","0.0","0","0","false","0","FBRS","0"
"0.0","0.0","0.0","0.0","0","3","3","false","E2F8","E2F8","221.66666666666666","0.0011376395","0.0","0.002275279","0","0","false","0","E2F8","0"
"0.0","0.0","0.0","0.0","0","5","5","false","ARID1A","ARID1A","281.0","0.004055832","4.13633E-4","0.007698031","0","0","false","0","ARID1A","0"
"0.0","0.0","0.0","0.0","0","4","4","false","GBP1","GBP1","227.5","0.0019871425","4.9636E-4","0.003477925","0","0","false","0","GBP1","0"
"0.0","0.0","0.0","0.0","0","1","1","false","TMEM214","TMEM214","1158.0",,,"2.00441E-4","0","0","false","0","TMEM214","0"
"0.0","0.0","0.0","0.0","0","2","2","false","SLC25A30","SLC25A30","802.0","6.991720000000001E-4","4.9636E-4","9.01984E-4","0","0","false","0","SLC25A30","0"
"0.0","0.0","0.0","0.5","0","2","2","false","MAX","MAX","690.5","0.003440561","0.003321219","0.003559903","0","0","false","0","MAX","0"
"0.0","0.0","0.0","0.0","0","1","1","false","SBNO1","SBNO1","1031.0","0.0037710309999999998","0.006640078","9.01984E-4","0","0","false","0","SBNO1","0"
"0.0","0.0","0.0","0.08333333333333333","0","4","4","false","HARS2","HARS2","256.5","0.002145846","3.30907E-4","0.003960785","0","0","false","0","HARS2","0"
"0.0","0.0","0.0","0.0","0","3","3","false","BICRAL","BICRAL","261.3333333333333","6.164455E-4","3.30907E-4","9.01984E-4","0","0","false","0","BICRAL","0"
"0.0","0.0","0.0","0.0","0","2","2","false","ABCC4","ABCC4","292.0","3.24531E-4","2.4818E-4","4.00882E-4","0","0","false","0","ABCC4","0"
"0.0","0.0","0.0","0.1","0","5","5","false","CCN1","CCN1","562.0","0.0090685575","3.30907E-4","0.017806208","0","0","false","0","CCN1","0"
"0.0","0.0","0.0","0.0","0","3","3","false","LMOD2","LMOD2","802.0","0.0018046719999999998","0.00270736","9.01984E-4","0","1","false","0","LMOD2","0"
"0.0","0.0","0.0","0.16666666666666666","0","3","3","false","CBR1","CBR1","452.6666666666667","0.009137161","0.014513978","0.003760344","0","0","false","0","CBR1","0"
"0.0","0.0","0.0","0.0","0","6","6","false","TBC1D15","TBC1D15","444.3333333333333","0.00381995","0.007138798","5.01102E-4","0","0","false","0","TBC1D15","0"
"0.0","0.0","0.0","0.0","0","3","3","false","ACSS1","ACSS1","299.3333333333333","0.008355171","0.013031976","0.003678366","0","0","false","0","ACSS1","0"
"0.0","0.0","0.0","0.0","0","4","4","false","PTPN23-DT","PTPN23-DT","438.25","0.002242067","0.003983032","5.01102E-4","0","0","false","0","PTPN23-DT","0"
"0.0","0.0","0.0","0.0","0","3","3","false","ETV6","ETV6","65.0","1.415838355393779E-4","8.27266710787558E-5","2.00441E-4","0","0","false","0","ETV6","0"
"0.0","0.0","0.0","0.0","0","2","2","false","ELF1","ELF1","335.5","0.0020742425","0.004148485","0.0","0","0","false","0","ELF1","0"
"0.0","0.0","0.0","0.0","0","2","2","false","ENAH","ENAH","441.5","1.8294699999999998E-4","1.65453E-4","2.00441E-4","0","0","false","0","ENAH","0"
,,,,,,,,"SLC25A28","SLC25A28",,,,,,,"false",,"SLC25A28",
"0.0","0.0","0.0","0.0","0","3","3","false","KANSL1","KANSL1","410.0","2.4818E-4","4.9636E-4","0.0","0","0","false","0","KANSL1","0"
"0.0","0.0","0.0","0.0","0","4","4","false","GNA13","GNA13","480.5","0.003370149","0.006640078","1.0022E-4","0","0","false","0","GNA13","0"
"0.0","0.0","0.0","0.0","0","4","4","false","IL10RA","IL10RA","314.5","0.002087363","4.9636E-4","0.003678366","0","0","false","0","IL10RA","0"
"0.0","0.0","0.0","0.0","0","4","4","false","CHMP1B","CHMP1B","374.5","1.742E-4","2.4818E-4","1.0022E-4","0","0","false","0","CHMP1B","0"
"0.0","0.0","0.0","0.0","0","3","3","false","RANBP2","RANBP2","366.3333333333333","0.0015804575","0.002760033","4.00882E-4","0","0","false","0","RANBP2","0"
"0.0","0.0","0.0","0.0","0","3","3","false","C1orf198","C1orf198","421.0","2.418043355393779E-4","8.27266710787558E-5","4.00882E-4","0","0","false","0","C1orf198","0"
"0.0","0.0","0.0","0.0","0","3","3","false","TMEM97","TMEM97","344.6666666666667","0.007497434000000001","0.012118266","0.002876602","0","0","false","0","TMEM97","0"
"1.0","0.08914459437726911","1.0","0.0","1","67","3","false","GATAD2B","GATAD2B","20.0","0.07113641300000001","0.073505242","0.068767584","64","0","false","0","GATAD2B","7108723"
,,,,,,,,"C11orf58","C11orf58",,,,,,,"false",,"C11orf58",
"0.0","0.0","0.0","0.0","0","2","2","false","DTX4","DTX4","642.5","2.919143355393779E-4","8.27266710787558E-5","5.01102E-4","0","0","false","0","DTX4","0"
"0.0","0.0","0.0","0.0","0","4","4","false","HERPUD2","HERPUD2","204.0","5.57588E-4","4.13633E-4","7.01543E-4","0","0","false","0","HERPUD2","0"
,,,,,,,,"CHMP4B","CHMP4B",,,,,,,"false",,"CHMP4B",
,,,,,,,,"ADAR","ADAR",,,,,,,"false",,"ADAR",
"0.0","0.0","0.0","0.0","0","3","3","false","RPRML","RPRML","345.0","4.33498E-4","1.65453E-4","7.01543E-4","0","0","false","0","RPRML","0"
"0.0","0.0","0.0","0.0","0","4","4","false","CHD1-DT","CHD1-DT","461.0","4.48621E-4","4.9636E-4","4.00882E-4","0","0","false","0","CHD1-DT","0"
"0.0","0.0","0.0","0.0","0","1","1","false","BAG3","BAG3","544.0","0.003444129","0.006888258","0.0","0","0","false","0","BAG3","0"
"0.0","0.0","0.0","0.0","0","2","2","false","NMRK1","NMRK1","398.0","9.14733355393779E-5","8.27266710787558E-5","1.0022E-4","0","0","false","0","NMRK1","0"
"0.0","0.0","0.0","0.0","0","1","1","false","ACSL1","ACSL1","565.0","2.895435E-4","5.79087E-4","0.0","0","0","false","0","ACSL1","0"
"0.0","0.0","0.0","0.0","0","2","2","false","DNASE2","DNASE2","190.5","2.6567400000000003E-4","3.30907E-4","2.00441E-4","0","0","false","0","DNASE2","0"
"0.0","0.0","0.0","0.0","0","2","2","false","ETV3","ETV3","542.0","4.13633355393779E-5","8.27266710787558E-5","0.0","0","0","false","0","ETV3","0"
"0.0","0.0","0.0","0.0","0","2","2","false","PCDHB12","PCDHB12","152.0","9.61068E-4","2.4818E-4","0.001673956","0","0","false","0","PCDHB12","0"
"0.0","0.0","0.0","0.0","0","2","2","false","ASB5","ASB5","802.0","5.75082E-4","2.4818E-4","9.01984E-4","0","0","false","0","ASB5","0"
"0.0","0.0","0.0","0.0","0","4","4","false","NEAT1","NEAT1","343.0","8.27265E-5","1.65453E-4","0.0","0","0","false","0","NEAT1","0"
"0.0","0.0","0.0","0.0","0","3","3","false","EIF4E","EIF4E","337.3333333333333","0.0018280649999999998","5.79087E-4","0.003077043","0","0","false","0","EIF4E","0"
"0.0","0.0","0.0","0.1","0","5","5","false","PRKD2","PRKD2","389.2","0.015269146","0.004810299","0.025727993","0","0","false","0","PRKD2","0"
"0.0","0.0","0.0","0.0","0","3","3","false","DLG5","DLG5","482.0","3.658945E-4","3.30907E-4","4.00882E-4","0","0","false","0","DLG5","0"
"0.0","0.0","0.0","0.0","0","2","2","false","NPC2","NPC2","457.5","3.89764E-4","5.79087E-4","2.00441E-4","0","0","false","0","NPC2","0"
"0.0","0.0","0.0","0.0","0","6","6","false","IER5","IER5","423.6666666666667","0.006802195335539377","8.27266710787558E-5","0.013521664","0","0","false","0","IER5","0"
"0.0","0.0","0.0","0.08333333333333333","0","4","4","false","KLF9","KLF9","392.75","0.0021808335","0.0","0.004361667","0","0","false","0","KLF9","0"
"0.0","0.0","0.0","0.0","0","5","5","false","PLEKHO2","PLEKHO2","548.8","6.81678E-4","6.61813E-4","7.01543E-4","0","0","false","0","PLEKHO2","0"
"0.0","0.0","0.0","0.08333333333333333","0","4","4","false","PIM1","PIM1","529.5","0.0098538775","0.006640078","0.013067677","0","0","false","0","PIM1","0"
"0.0","0.0","0.0","0.0","0","1","1","false","WDR59","WDR59","223.0","9.14733355393779E-5","8.27266710787558E-5","1.0022E-4","0","0","false","0","WDR59","0"
"0.0","0.0","0.0","0.0","0","4","4","false","LAMC1","LAMC1","258.25","0.002287804","4.9636E-4","0.004079248","0","0","false","0","LAMC1","0"
"0.0","0.0","0.0","0.0","0","2","2","false","MORC2","MORC2","556.5","0.003399572","0.003321219","0.003477925","0","0","false","0","MORC2","0"
"0.0","0.0","0.0","0.16666666666666666","0","4","4","false","AMMECR1","AMMECR1","455.0","0.0090975945","0.0","0.018195189","0","0","false","0","AMMECR1","0"
"0.0","0.0","0.0","0.0","0","3","3","false","SNPH","SNPH","168.33333333333334","4.072575E-4","4.13633E-4","4.00882E-4","0","0","false","0","SNPH","0"
"0.0","0.0","0.0","0.15","0","5","5","false","USF3","USF3","438.6",,,"0.034197428","0","0","false","0","USF3","0"
"0.0","0.0","0.0","0.0","0","2","2","false","MTG2","MTG2","316.0","0.001249551","0.00209822","4.00882E-4","0","0","false","0","MTG2","0"
"0.0","0.0","0.0","0.0","0","3","3","false","ANKRD1","ANKRD1","359.3333333333333","2.00441E-4","0.0","4.00882E-4","0","0","false","0","ANKRD1","0"
"0.0","0.0","0.0","0.0","0","3","3","false","ETS2","ETS2","564.0","0.007229247","0.010780128","0.003678366","0","0","false","0","ETS2","0"
"0.0","0.0","0.0","0.0","0","1","1","false","FAM186A","FAM186A","1158.0",,,"2.00441E-4","0","0","false","0","FAM186A","0"
"0.0","0.0","0.0","0.0","0","4","4","false","ENSG00000232611.1","ENSG00000232611.1","480.5","2.155635E-4","3.30907E-4","1.0022E-4","0","0","false","0","ENSG00000232611.1","0"
"1.0","0.13943302105494576","1.0","0.0","1","125","5","false","HES1","HES1","24.104","1.6611289645","2.976930034","0.345327895","120","0","false","0","HES1","9584586"
"0.0","0.0","0.0","0.0","0","2","2","false","CSNK1A1","CSNK1A1","605.5","0.0073106379999999995","0.014521056","1.0022E-4","0","0","false","0","CSNK1A1","0"
"0.0","0.0","0.0","0.16666666666666666","0","3","3","false","PARD3","PARD3","911.0","0.0029539855","7.4454E-4","0.005163431","0","0","false","0","PARD3","0"
"0.0","0.0","0.0","0.0","0","3","3","false","MTAP","MTAP","136.0","3.74641E-4","2.4818E-4","5.01102E-4","0","0","false","0","MTAP","0"
"0.0","0.0","0.0","0.0","0","2","2","false","ZNF426","ZNF426","308.0","0.005030389499999999","0.007384618","0.002676161","0","0","false","0","ZNF426","0"
"0.0","0.0","0.0","0.5","0","2","2","false","SF3B1","SF3B1","690.5","0.0017799515","0.0","0.003559903","0","0","false","0","SF3B1","0"
"0.0","0.0","0.0","0.15","0","5","5","false","MACROH2A2","MACROH2A2","388.8","0.0130683565","9.9272E-4","0.025143993","0","0","false","0","MACROH2A2","0"
"0.0","0.0","0.0","0.0","0","1","1","false","POFUT1","POFUT1","53.0","0.0016845865","0.003369173","0.0","0","0","false","0","POFUT1","0"
"0.0","0.0","0.0","0.0","0","4","4","false","SUCO","SUCO","243.25","0.0025409535","3.30907E-4","0.004751","0","0","false","0","SUCO","0"
"0.0","0.0","0.0","0.0","0","1","1","false","RNF122","RNF122","339.0","4.66115E-4","3.30907E-4","6.01323E-4","0","0","false","0","RNF122","0"
"0.0","0.0","0.0","0.0","0","5","5","false","HIPK2","HIPK2","218.25",,"4.13633E-4",,"0","1","false","0","HIPK2","0"
"0.0","0.0","0.0","0.03333333333333333","0","6","6","false","TMCC3","TMCC3","258.1666666666667",,,"0.005363872","0","0","false","0","TMCC3","0"
"0.0","0.0","0.0","0.0","0","5","5","false","ENSG00000226252.1","ENSG00000226252.1","482.6","4.923553355393778E-4","8.27266710787558E-5","9.01984E-4","0","0","false","0","ENSG00000226252.1","0"
"0.0","0.0","0.0","0.0","0","5","5","false","ZNF213","ZNF213","320.6","0.0032952045","1.65453E-4","0.006424956","0","0","false","0","ZNF213","0"
"0.0","0.0","0.0","0.0","0","4","4","false","BCORL1","BCORL1","228.75","0.002558447","1.65453E-4","0.004951441","0","0","false","0","BCORL1","0"
"0.0","0.0","0.0","0.0","0","2","2","false","GOLGA4","GOLGA4","554.5",,,"0.0","0","0","false","0","GOLGA4","0"
"0.0","0.0","0.0","0.0","0","2","2","false","PHC3","PHC3","297.0","0.0082944555","0.013110986","0.003477925","0","0","false","0","PHC3","0"
"0.0","0.0","0.0","0.0","0","1","1","false","ACTN2","ACTN2","127.0",,,"3.00661E-4","0","0","false","0","ACTN2","0"
"0.0","0.0","0.0","0.0","0","2","2","false","MAN2A1","MAN2A1","315.0","0.0013858195","4.9636E-4","0.002275279","0","0","false","0","MAN2A1","0"
"0.0","0.0","0.0","0.0","0","3","3","false","SIK1","SIK1","650.6666666666666","0.0015677065","0.001932767","0.001202646","0","0","false","0","SIK1","0"
"0.0","0.0","0.0","0.0","0","5","5","false","NEDD9","NEDD9","507.2","6.22821E-4","7.4454E-4","5.01102E-4","0","0","false","0","NEDD9","0"
"0.0","0.0","0.0","0.0","0","4","4","false","TNRC6C","TNRC6C","251.75","0.001680105335539378","8.27266710787558E-5","0.003277484","0","0","false","0","TNRC6C","0"
"0.0","0.0","0.0","0.5","0","2","2","false","PRPF4B","PRPF4B","690.5","0.002234948","9.09993E-4","0.003559903","0","0","false","0","PRPF4B","0"
"0.0","0.0","0.0","0.0","0","2","2","false","TP53BP2","TP53BP2","441.5","4.724905E-4","7.4454E-4","2.00441E-4","0","0","false","0","TP53BP2","0"
"0.0","0.0","0.0","0.0","0","5","5","false","MAP3K13","MAP3K13","284.4","0.0086154475","0.013352088","0.003878807","0","0","false","0","MAP3K13","0"
"0.0","0.0","0.0","0.0","0","5","5","false","KDM5A","KDM5A","312.6","0.004280142000000001","6.61813E-4","0.007898471","0","0","false","0","KDM5A","0"
"0.0","0.0","0.0","0.0","0","4","4","false","ISG20L2","ISG20L2","315.0","0.00324687","0.003817579","0.002676161","0","0","false","0","ISG20L2","0"
"0.0","0.0","0.0","0.5","0","2","2","false","CEP85L","CEP85L","690.5","0.003440561","0.003321219","0.003559903","0","0","false","0","CEP85L","0"
"0.0","0.0","0.0","0.0","0","2","2","false","UCK2","UCK2","369.5","0.0059111735","0.011621906","2.00441E-4","0","0","false","0","UCK2","0"
"0.0","0.0","0.0","0.0","0","3","3","false","ARPP19","ARPP19","260.6666666666667","7.818985E-4","6.61813E-4","9.01984E-4","0","0","false","0","ARPP19","0"
"0.0","0.0","0.0","0.0","0","1","1","false","TTC7A","TTC7A","223.0",,,"1.0022E-4","0","0","false","0","TTC7A","0"
"0.0","0.0","0.0","0.0","0","3","3","false","ATP1B1","ATP1B1","434.6666666666667","4.724905E-4","7.4454E-4","2.00441E-4","0","0","false","0","ATP1B1","0"
"0.0","0.0","0.0","0.0","0","3","3","false","DUSP5","DUSP5","346.0","0.0072248855","0.013848448","6.01323E-4","0","0","false","0","DUSP5","0"
"0.0","0.0","0.0","0.0","0","2","2","false","NUP98","NUP98","646.5","0.0034202595","0.006640078","2.00441E-4","0","0","false","0","NUP98","0"
"0.0","0.0","0.0","0.0","0","4","4","false","PDE4A","PDE4A","296.0","3.006615E-4","0.0","6.01323E-4","0","0","false","0","PDE4A","0"
"0.0","0.0","0.0","0.0","0","1","1","false","ZNF805","ZNF805","519.0","0.007221023","0.014442046","0.0","0","0","false","0","ZNF805","0"
"0.0","0.0","0.0","0.0","0","2","2","false","SPHK2","SPHK2","193.5","2.6567400000000003E-4","3.30907E-4","2.00441E-4","0","0","false","0","SPHK2","0"
"0.0","0.0","0.0","0.0","0","3","3","false","CS","CS","554.3333333333334",,,"0.003878807","0","0","false","0","CS","0"
"0.0","0.0","0.0","0.0","0","1","1","false","BRD2","BRD2","519.0","0.004397344","0.008794688","0.0","0","0","false","0","BRD2","0"
"0.0","0.0","0.0","0.0","0","3","3","false","MYC","MYC","576.3333333333334","7.429068355393779E-4","8.27266710787558E-5","0.001403087","0","0","false","0","MYC","0"
"0.0","0.0","0.0","0.0","0","4","4","false","DTNBP1","DTNBP1","344.75","0.0190324435","0.032441695","0.005623192","0","0","false","0","DTNBP1","0"
"0.0","0.0","0.0","0.16666666666666666","0","3","3","false","MED13","MED13","691.0","0.0025983755","0.001436407","0.003760344","0","0","false","0","MED13","0"
"0.0","0.0","0.0","0.0","0","2","2","false","SLC36A1","SLC36A1","354.5","0.0070029459999999995","0.013103908","9.01984E-4","0","0","false","0","SLC36A1","0"
"0.0","0.0","0.0","0.0","0","4","4","false","RASA4B","RASA4B","170.5","0.0012130259999999999","0.001323627","0.001102425","0","0","false","0","RASA4B","0"
"0.0","0.0","0.0","0.0","0","2","2","false","TFAM","TFAM","526.0","1.916938355393779E-4","8.27266710787558E-5","3.00661E-4","0","0","false","0","TFAM","0"
"0.0","0.0","0.0","0.0","0","6","6","false","PHF23","PHF23","356.0","0.004031962","1.65453E-4","0.007898471","0","0","false","0","PHF23","0"
"0.0","0.0","0.0","0.0","0","3","3","false","PLAU","PLAU","320.0","0.0021223505","1.65453E-4","0.004079248","0","0","false","0","PLAU","0"
"0.0","0.0","0.0","0.08333333333333333","0","4","4","false","ABHD2","ABHD2","527.25","0.0062896625","4.13633E-4","0.012165692","0","0","false","0","ABHD2","0"
"0.0","0.0","0.0","0.0","0","4","4","false","SMURF1","SMURF1","377.25","9.14733355393779E-5","8.27266710787558E-5","1.0022E-4","0","0","false","0","SMURF1","0"
"0.0","0.0","0.0","0.0","0","3","3","false","RAB15","RAB15","358.6666666666667","0.002126724","0.003652125","6.01323E-4","0","0","false","0","RAB15","0"
"0.0","0.0","0.0","0.5","0","2","2","false","HBP1","HBP1","690.5","0.0019040415000000002","2.4818E-4","0.003559903","0","0","false","0","HBP1","0"
"0.0","0.0","0.0","0.16666666666666666","0","3","3","false","GPR75","GPR75","622.3333333333334","0.004910105499999999","1.65453E-4","0.009654758","0","0","false","0","GPR75","0"
"0.0","0.0","0.0","0.0","0","2","2","false","OSBPL7","OSBPL7","316.0","0.00389275","0.007384618","4.00882E-4","0","0","false","0","OSBPL7","0"
"1.0","0.14823594741423415","1.0","0.0010705773037611602","1","223","1","false","MEF2A","MEF2A","8.533632286995516","0.9719960270000001","1.416102605","0.527889449","222","0","false","0","MEF2A","13574852"
"0.0","0.0","0.0","0.0","0","2","2","false","ATF6","ATF6","354.5","6.164455E-4","3.30907E-4","9.01984E-4","0","0","false","0","ATF6","0"
"0.0","0.0","0.0","0.0","0","5","5","false","RASIP1","RASIP1","482.6","7.818985E-4","6.61813E-4","9.01984E-4","0","0","false","0","RASIP1","0"
"0.0","0.0","0.0","0.0","0","2","2","false","MCMBP","MCMBP","542.0","0.0079295975","0.015859195","0.0","0","0","false","0","MCMBP","0"
"0.0","0.0","0.0","0.0","0","3","3","false","ZKSCAN2-DT","ZKSCAN2-DT","313.0",,"4.13633E-4",,"0","0","false","0","ZKSCAN2-DT","0"
"0.0","0.0","0.0","0.16666666666666666","0","3","3","false","MED26","MED26","576.3333333333334","0.0041548555000000004","0.004148485","0.004161226","0","0","false","0","MED26","0"
"4.373069076071117","1.5829676202055127","0.22867235403892294","4.8209366391184575E-4","9","121","2","false","ZBTB7A","ZBTB7A","12.950413223140496","0.256081497","0.163902182","0.348260812","119","0","false","0","ZBTB7A","155620766"
"0.0","0.0","0.0","0.0","0","1","1","false","GDAP1","GDAP1","519.0","2.068165E-4","4.13633E-4","0.0","0","0","false","0","GDAP1","0"
"0.0","0.0","0.0","0.0","0","4","4","false","MED25","MED25","131.5","0.0010437945","4.13633E-4","0.001673956","0","0","false","0","MED25","0"
"0.0","0.0","0.0","0.0","0","1","1","false","CHRAC1","CHRAC1","223.0","1.742E-4","2.4818E-4","1.0022E-4","0","0","false","0","CHRAC1","0"
"0.0","0.0","0.0","0.08333333333333333","0","4","4","false","IL1R1","IL1R1","485.0","0.004868742335539377","8.27266710787558E-5","0.009654758","0","0","false","0","IL1R1","0"
"0.0","0.0","0.0","0.05","0","5","5","false","ENSG00000286379.1","ENSG00000286379.1","319.4",,,"0.010857403","0","0","false","0","ENSG00000286379.1","0"
"0.0","0.0","0.0","0.0","0","5","5","false","BMI1","BMI1","179.5","0.002176834","0.003652125","7.01543E-4","0","1","false","0","BMI1","0"
"0.0","0.0","0.0","0.08333333333333333","0","4","4","false","FBXO31","FBXO31","552.0","0.0022110785","6.61813E-4","0.003760344","0","0","false","0","FBXO31","0"
"1.0","0.05714594366880995","1.0","0.0067226890756302525","1","35","2","false","EEA1","EEA1","39.68571428571428","0.032325358","0.026750768","0.037899948","33","0","false","0","EEA1","4320618"
"0.0","0.0","0.0","0.0","0","4","4","false","CPEB4","CPEB4","258.25","0.0022464405","4.13633E-4","0.004079248","0","0","false","0","CPEB4","0"
"0.0","0.0","0.0","0.0","0","4","4","false","RNF152","RNF152","223.33333333333334","6.49062E-4","4.9636E-4","8.01764E-4","0","1","false","0","RNF152","0"
"0.0","0.0","0.0","0.0","0","1","1","false","PLP2","PLP2","407.0","0.003687113","0.006973344","4.00882E-4","0","0","false","0","PLP2","0"
"0.0","0.0","0.0","0.3333333333333333","0","3","3","false","SLC7A6","SLC7A6","487.3333333333333","0.0104308475","0.008873698","0.011987997","0","0","false","0","SLC7A6","0"
"0.0","0.0","0.0","0.0","0","2","2","false","PRR33","PRR33","223.5","5.400945E-4","5.79087E-4","5.01102E-4","0","0","false","0","PRR33","0"
"0.0","0.0","0.0","0.0","0","2","2","false","GDAP2","GDAP2","605.5","1.742E-4","2.4818E-4","1.0022E-4","0","0","false","0","GDAP2","0"
"0.0","0.0","0.0","0.0","0","6","6","false","NR4A1","NR4A1","423.6666666666667",,,"0.013521664","0","0","false","0","NR4A1","0"
"0.0","0.0","0.0","0.0","0","2","2","false","P4HA1","P4HA1","349.0","0.00394286","0.007384618","5.01102E-4","0","0","false","0","P4HA1","0"
"0.0","0.0","0.0","0.0","0","2","2","false","UPK3BL1","UPK3BL1","455.0","0.00592327","0.011445658","4.00882E-4","0","0","false","0","UPK3BL1","0"
"0.0","0.0","0.0","0.0","0","2","2","false","PPM1F-AS1","PPM1F-AS1","211.5",,"8.27266710787558E-5",,"0","0","false","0","PPM1F-AS1","0"
"0.0","0.0","0.0","0.0","0","4","4","false","SIAH1","SIAH1","342.75","0.007841473","0.015682946","0.0","0","0","false","0","SIAH1","0"
"0.0","0.0","0.0","0.0","0","6","6","false","EGR2","EGR2","423.6666666666667","0.007133102","7.4454E-4","0.013521664","0","0","false","0","EGR2","0"
"0.0","0.0","0.0","0.0","0","4","4","false","ENSG00000280138.1","ENSG00000280138.1","212.25","0.0016212479999999998","1.65453E-4","0.003077043","0","0","false","0","ENSG00000280138.1","0"
"0.0","0.0","0.0","0.06666666666666667","0","6","6","false","ENSG00000279759.1","ENSG00000279759.1","316.1666666666667","0.009846792","5.79087E-4","0.019114497","0","0","false","0","ENSG00000279759.1","0"
"0.0","0.0","0.0","0.0","0","3","3","false","SRSF3","SRSF3","467.0","0.0044415915","0.007880978","0.001002205","0","0","false","0","SRSF3","0"
"0.0","0.0","0.0","0.0","0","1","1","false","CEP76","CEP76","223.0",,,"1.0022E-4","0","0","false","0","CEP76","0"
"0.0","0.0","0.0","0.0","0","3","3","false","ZCCHC17","ZCCHC17","455.0","4.072575E-4","4.13633E-4","4.00882E-4","0","1","false","0","ZCCHC17","0"
"0.0","0.0","0.0","0.0","0","5","5","false","RNFT1","RNFT1","408.6","0.0024401369999999998","0.004479392","4.00882E-4","0","0","false","0","RNFT1","0"
"0.0","0.0","0.0","0.0","0","1","1","false","MYLK2","MYLK2","223.0","0.002537986","0.004975752","1.0022E-4","0","0","false","0","MYLK2","0"
"0.0","0.0","0.0","0.0","0","2","2","false","DIDO1","DIDO1","606.5","0.0019612709999999997","0.003321219","6.01323E-4","0","0","false","0","DIDO1","0"
"0.0","0.0","0.0","0.5","0","2","2","false","ENSG00000289293.1","ENSG00000289293.1","690.5","0.0019040415000000002","2.4818E-4","0.003559903","0","0","false","0","ENSG00000289293.1","0"
"0.0","0.0","0.0","0.0","0","1","1","false","ENSG00000288980.1","ENSG00000288980.1","223.0","0.0016783064999999998","0.003256393","1.0022E-4","0","0","false","0","ENSG00000288980.1","0"
"0.0","0.0","0.0","0.05","0","5","5","false","ENSG00000279088.1","ENSG00000279088.1","277.6","0.007623370000000001","0.003983032","0.011263708","0","0","false","0","ENSG00000279088.1","0"
"0.0","0.0","0.0","0.0","0","3","3","false","SRSF5","SRSF5","265.3333333333333","0.008576288","0.016851915","3.00661E-4","0","0","false","0","SRSF5","0"
"0.0","0.0","0.0","0.0","0","9","9","false","DUSP1","DUSP1","375.7142857142857","0.0078221205","2.4818E-4","0.015396061","0","2","false","0","DUSP1","0"
"0.0","0.0","0.0","0.25","0","5","5","false","PRRC2B","PRRC2B","445.25","0.0217815845","0.030973849","0.01258932","0","1","false","0","PRRC2B","0"
"0.0","0.0","0.0","0.16666666666666666","0","4","4","false","B3GLCT","B3GLCT","283.0",,"0.003486672",,"0","1","false","0","B3GLCT","0"
"0.0","0.0","0.0","0.0","0","1","1","false","SNW1","SNW1","1158.0","0.008153908","0.016107375","2.00441E-4","0","0","false","0","SNW1","0"
"0.0","0.0","0.0","0.0","0","2","2","false","PSMC6","PSMC6","605.5","0.002041626","0.003983032","1.0022E-4","0","0","false","0","PSMC6","0"
"0.0","0.0","0.0","0.0","0","2","2","false","ENSG00000287570.1","ENSG00000287570.1","925.0","3.15784E-4","3.30907E-4","3.00661E-4","0","0","false","0","ENSG00000287570.1","0"
"0.0","0.0","0.0","0.0","0","3","3","false","ENSG00000251615.3","ENSG00000251615.3","343.6666666666667","4.66115E-4","3.30907E-4","6.01323E-4","0","0","false","0","ENSG00000251615.3","0"
"0.0","0.0","0.0","0.0","0","1","1","false","HMOX1","HMOX1","1158.0","2.6567400000000003E-4","3.30907E-4","2.00441E-4","0","0","false","0","HMOX1","0"
"0.0","0.0","0.0","0.0","0","2","2","false","ABHD4","ABHD4","605.5","1.742E-4","2.4818E-4","1.0022E-4","0","0","false","0","ABHD4","0"
"0.0","0.0","0.0","0.0","0","4","4","false","AREG","AREG","258.25","0.002080987335539378","8.27266710787558E-5","0.004079248","0","0","false","0","AREG","0"
"0.0","0.0","0.0","0.16666666666666666","0","4","4","false","TOM1","TOM1","499.75","0.0024465075","3.30907E-4","0.004562108","0","0","false","0","TOM1","0"
"0.0","0.0","0.0","0.0","0","2","2","false","WHAMMP3","WHAMMP3","312.5","0.013209322999999999","0.024143367","0.002275279","0","0","false","0","WHAMMP3","0"
"0.0","0.0","0.0","0.16666666666666666","0","3","3","false","GABPB1-IT1","GABPB1-IT1","442.0","0.0035232875","0.003486672","0.003559903","0","0","false","0","GABPB1-IT1","0"
"0.0","0.0","0.0","0.0","0","2","2","false","ENSG00000278922.1","ENSG00000278922.1","289.5","0.014273756499999998","0.028146631","4.00882E-4","0","0","false","0","ENSG00000278922.1","0"
"0.0","0.0","0.0","0.0","0","3","3","false","ENSG00000273576.1","ENSG00000273576.1","318.0",,,"2.00441E-4","0","0","false","0","ENSG00000273576.1","0"
"0.0","0.0","0.0","0.0","0","1","1","false","ENSG00000273295.1","ENSG00000273295.1","223.0","9.14733355393779E-5","8.27266710787558E-5","1.0022E-4","0","0","false","0","ENSG00000273295.1","0"
"0.0","0.0","0.0","0.0","0","4","4","false","JOSD1","JOSD1","478.0","3.3965350000000004E-4","5.79087E-4","1.0022E-4","0","0","false","0","JOSD1","0"
"0.0","0.0","0.0","0.0","0","3","3","false","IRS2","IRS2","410.0","0.0024051495","0.004810299","0.0","0","0","false","0","IRS2","0"
"0.0","0.0","0.0","0.0","0","2","2","false","SLC19A2","SLC19A2","455.0","4.072575E-4","4.13633E-4","4.00882E-4","0","0","false","0","SLC19A2","0"
"0.0","0.0","0.0","0.0","0","5","5","false","ENSG00000272144.1","ENSG00000272144.1","354.8","0.005516835","0.007956627","0.003077043","0","0","false","0","ENSG00000272144.1","0"
"0.0","0.0","0.0","0.0","0","5","5","false","TTLL11","TTLL11","254.0",,"4.13633E-4",,"0","1","false","0","TTLL11","0"
"0.0","0.0","0.0","0.0","0","3","3","false","SORT1","SORT1","434.6666666666667","0.00176083","0.003321219","2.00441E-4","0","0","false","0","SORT1","0"
"0.0","0.0","0.0","0.05","0","5","5","false","ENSG00000280287.1","ENSG00000280287.1","460.8","0.0023049234999999997","2.4818E-4","0.004361667","0","0","false","0","ENSG00000280287.1","0"
"0.0","0.0","0.0","0.0","0","2","2","false","SMG1P4","SMG1P4","247.0","0.0015303469999999998","0.002760033","3.00661E-4","0","0","false","0","SMG1P4","0"
"0.0","0.0","0.0","0.0","0","4","4","false","ENSG00000272078.1","ENSG00000272078.1","251.75","0.002687852","0.00209822","0.003277484","0","0","false","0","ENSG00000272078.1","0"
"0.0","0.0","0.0","0.16666666666666666","0","3","3","false","SNTB1","SNTB1","413.0",,"0.008377338",,"0","0","false","0","SNTB1","0"
"0.0","0.0","0.0","0.0","0","5","5","false","KCNK6","KCNK6","548.8","5.16225E-4","3.30907E-4","7.01543E-4","0","0","false","0","KCNK6","0"
"0.0","0.0","0.0","0.05","0","5","5","false","IZUMO4","IZUMO4","448.6","0.002128352","4.9636E-4","0.003760344","0","0","false","0","IZUMO4","0"
"0.0","0.0","0.0","0.1","0","5","5","false","AMPD3","AMPD3","532.0","0.0100082405","0.0","0.020016481","0","0","false","0","AMPD3","0"
"0.0","0.0","0.0","0.0","0","3","3","false","CASTOR2","CASTOR2","330.3333333333333","0.0018932975","9.09993E-4","0.002876602","0","0","false","0","CASTOR2","0"
"0.0","0.0","0.0","0.5","0","2","2","false","IKZF5","IKZF5","690.5","0.001945405","3.30907E-4","0.003559903","0","0","false","0","IKZF5","0"
"0.0","0.0","0.0","0.03333333333333333","0","6","6","false","ENSG00000267934.1","ENSG00000267934.1","268.6666666666667","0.007270708999999999","1.65453E-4","0.014375965","0","0","false","0","ENSG00000267934.1","0"
"0.0","0.0","0.0","0.0","0","2","2","false","RAB11FIP3","RAB11FIP3","526.5","0.001943777","0.003486672","4.00882E-4","0","0","false","0","RAB11FIP3","0"
"0.0","0.0","0.0","0.0","0","3","3","false","ENSG00000267724.1","ENSG00000267724.1","201.66666666666666","3.8338799999999997E-4","1.65453E-4","6.01323E-4","0","0","false","0","ENSG00000267724.1","0"
"0.0","0.0","0.0","0.3333333333333333","0","4","4","false","SLC43A2","SLC43A2","198.33333333333334",,"0.007138798",,"0","1","false","0","SLC43A2","0"
"0.0","0.0","0.0","0.0","0","3","3","false","DPH1","DPH1","288.6666666666667","0.00352166","0.006642438","4.00882E-4","0","0","false","0","DPH1","0"
"0.0","0.0","0.0","0.0","0","4","4","false","SNAP23","SNAP23","547.0","3.332775E-4","1.65453E-4","5.01102E-4","0","1","false","0","SNAP23","0"
"0.0","0.0","0.0","0.0","0","3","3","false","PDCD7","PDCD7","481.3333333333333","3.07037E-4","4.13633E-4","2.00441E-4","0","0","false","0","PDCD7","0"
"0.0","0.0","0.0","0.1","0","5","5","false","CCER2","CCER2","490.6","0.012838215","0.002760033","0.022916397","0","0","false","0","CCER2","0"
"0.0","0.0","0.0","0.0","0","2","2","false","ESF1","ESF1","650.0","0.0043151299999999995","0.008129158","5.01102E-4","0","0","false","0","ESF1","0"
"0.0","0.0","0.0","0.16666666666666666","0","3","3","false","ORC5","ORC5","513.6666666666666","0.006871376","0.003486672","0.01025608","0","0","false","0","ORC5","0"
"0.0","0.0","0.0","0.0","0","4","4","false","TIPARP","TIPARP","181.0",,"3.30907E-4",,"0","1","false","0","TIPARP","0"
"0.0","0.0","0.0","0.0","0","2","2","false","ENSG00000260793.3","ENSG00000260793.3","190.5","0.001926283","0.003652125","2.00441E-4","0","0","false","0","ENSG00000260793.3","0"
"0.0","0.0","0.0","0.0","0","3","3","false","DIAPH1","DIAPH1","406.6666666666667","0.006023490499999999","0.011445658","6.01323E-4","0","0","false","0","DIAPH1","0"
"0.0","0.0","0.0","0.05","0","5","5","false","ARL5A","ARL5A","236.0",,"0.004313939",,"0","0","false","0","ARL5A","0"
"0.0","0.0","0.0","0.0","0","4","4","false","CACHD1","CACHD1","168.0",,"8.27266710787558E-5",,"0","0","false","0","CACHD1","0"
"0.0","0.0","0.0","0.0","0","2","2","false","SYNE1","SYNE1","140.5","0.002176834","0.003652125","7.01543E-4","0","0","false","0","SYNE1","0"
"0.0","0.0","0.0","0.0","0","2","2","false","NOX4","NOX4","139.0","0.0068025049999999995","0.013103908","5.01102E-4","0","0","false","0","NOX4","0"
"0.0","0.0","0.0","0.5","0","2","2","false","TSPAN7","TSPAN7","329.0",,"0.003486672",,"0","0","false","0","TSPAN7","0"
"0.0","0.0","0.0","0.0","0","3","3","false","CHERP","CHERP","213.0","4.8360849999999996E-4","1.65453E-4","8.01764E-4","0","0","false","0","CHERP","0"
"0.0","0.0","0.0","0.0","0","5","5","false","ERF","ERF","520.0","9.497234999999999E-4","4.9636E-4","0.001403087","0","1","false","0","ERF","0"
"0.0","0.0","0.0","0.0","0","3","3","false","ENSG00000260751.2","ENSG00000260751.2","426.0","0.0042365505","0.003321219","0.005151882","0","0","false","0","ENSG00000260751.2","0"
"0.0","0.0","0.0","0.0","0","3","3","false","AKAP6","AKAP6","163.0",,"8.27266710787558E-5",,"0","0","false","0","AKAP6","0"
"0.0","0.0","0.0","0.0","0","2","2","false","RAB10","RAB10","315.0","0.0083981675","0.014521056","0.002275279","0","0","false","0","RAB10","0"
"0.0","0.0","0.0","0.0","0","1","1","false","ENSG00000258987.2","ENSG00000258987.2","73.0","4.13633355393779E-5","8.27266710787558E-5","0.0","0","0","false","0","ENSG00000258987.2","0"
"0.0","0.0","0.0","0.0","0","2","2","false","NFE2L1","NFE2L1","384.0","0.012925892999999999","0.025150243","7.01543E-4","0","0","false","0","NFE2L1","0"
"0.0","0.0","0.0","0.0","0","2","2","false","NNT-AS1","NNT-AS1","398.0","0.007643403","0.015186586","1.0022E-4","0","0","false","0","NNT-AS1","0"
"0.0","0.0","0.0","0.03333333333333333","0","9","9","false","SEMA4C","SEMA4C","229.83333333333334","0.0130352595","0.015513777","0.010556742","0","1","false","0","SEMA4C","0"
"0.0","0.0","0.0","0.0","0","2","2","false","PKP1","PKP1","549.5","2.919143355393779E-4","8.27266710787558E-5","5.01102E-4","0","0","false","0","PKP1","0"
"0.0","0.0","0.0","0.03333333333333333","0","6","6","false","UBE2Q2","UBE2Q2","247.16666666666666",,"0.004148485",,"0","0","false","0","UBE2Q2","0"
"0.0","0.0","0.0","0.0","0","5","5","false","CXCL2","CXCL2","440.8","5.488415E-4","4.9636E-4","6.01323E-4","0","0","false","0","CXCL2","0"
"0.0","0.0","0.0","0.0","0","5","5","false","GATA2","GATA2","441.0","6.81678E-4","6.61813E-4","7.01543E-4","0","0","false","0","GATA2","0"
"0.0","0.0","0.0","0.16666666666666666","0","3","3","false","ENSG00000242588.6","ENSG00000242588.6","691.0","0.0139948995","0.024229455","0.003760344","0","0","false","0","ENSG00000242588.6","0"
"0.0","0.0","0.0","0.08333333333333333","0","4","4","false","FAM8A1","FAM8A1","282.5",,"0.006640078",,"0","0","false","0","FAM8A1","0"
"0.0","0.0","0.0","0.3333333333333333","0","3","3","false","SYT11","SYT11","201.0",,"0.006311531",,"0","0","false","0","SYT11","0"
"0.0","0.0","0.0","0.0","0","2","2","false","ZSWIM4","ZSWIM4","180.5",,"8.27266710787558E-5",,"0","0","false","0","ZSWIM4","0"
"0.0","0.0","0.0","0.0","0","1","1","false","REXO1","REXO1","519.0","4.13633355393779E-5","8.27266710787558E-5","0.0","0","0","false","0","REXO1","0"
"0.0","0.0","0.0","0.15","0","5","5","false","ENSG00000238273.3","ENSG00000238273.3","510.6","0.012043729999999999","0.011197478","0.012889982","0","0","false","0","ENSG00000238273.3","0"
"4.801224132905858","0.3649622685442366","0.20828021611121228","0.0","9","52","3","false","ZHX2","ZHX2","40.23076923076923","0.1438515985","0.177964381","0.109738816","49","0","false","0","ZHX2","48015597"
"0.0","0.0","0.0","0.0","0","2","2","false","DDX24","DDX24","531.0","0.0018610505","0.003321219","4.00882E-4","0","0","false","0","DDX24","0"
"0.0","0.0","0.0","0.5","0","3","3","false","MAP1S","MAP1S","237.33333333333334",,"0.015362834",,"0","0","false","0","MAP1S","0"
"0.0","0.0","0.0","0.0","0","4","4","false","SNX9","SNX9","344.0",,"4.9636E-4",,"0","0","false","0","SNX9","0"
"0.0","0.0","0.0","0.0","0","1","1","false","OSBPL8","OSBPL8","128.0","0.0059111735","0.011621906","2.00441E-4","0","0","false","0","OSBPL8","0"
"0.0","0.0","0.0","0.0","0","4","4","false","FOSL2","FOSL2","461.0","0.0021092305","0.003817579","4.00882E-4","0","0","false","0","FOSL2","0"
"0.0","0.0","0.0","0.08333333333333333","0","5","5","false","ATXN1","ATXN1","223.0",,"0.006640078",,"0","1","false","0","ATXN1","0"
"0.0","0.0","0.0","0.03333333333333333","0","6","6","false","ACIN1","ACIN1","372.6666666666667","0.013359534000000001","0.004810299","0.021908769","0","0","false","0","ACIN1","0"
"0.0","0.0","0.0","0.0","0","6","6","false","JUN","JUN","482.6666666666667","0.0057408355","0.010780128","7.01543E-4","0","0","false","0","JUN","0"
"0.0","0.0","0.0","0.15","0","5","5","false","MPHOSPH10","MPHOSPH10","263.6",,"0.017021085",,"0","0","false","0","MPHOSPH10","0"
"0.0","0.0","0.0","0.0","0","1","1","false","SNHG7","SNHG7","35.0","0.0013800165","0.002760033","0.0","0","0","false","0","SNHG7","0"
"0.0","0.0","0.0","0.08333333333333333","0","5","5","false","NCOA5","NCOA5","278.75",,"0.003486672",,"0","1","false","0","NCOA5","0"
"0.0","0.0","0.0","0.0","0","3","3","false","SEH1L","SEH1L","169.0","0.0074108585","0.014521056","3.00661E-4","0","0","false","0","SEH1L","0"
"0.0","0.0","0.0","0.0","0","1","1","false","NCK2","NCK2","73.0","8.27265E-5","1.65453E-4","0.0","0","0","false","0","NCK2","0"
"0.0","0.0","0.0","0.05","0","5","5","false","MBNL1-AS1","MBNL1-AS1","175.4","0.0048425015","3.30907E-4","0.009354096","0","0","false","0","MBNL1-AS1","0"
"0.0","0.0","0.0","0.0","0","3","3","false","TGIF1","TGIF1","592.0","2.9829000000000005E-4","4.9636E-4","1.0022E-4","0","0","false","0","TGIF1","0"
"0.0","0.0","0.0","0.06666666666666667","0","6","6","false","ATP2B1","ATP2B1","464.0","0.008955103","0.003817579","0.014092627","0","0","false","0","ATP2B1","0"
"0.0","0.0","0.0","0.5","0","2","2","false","OSBPL3","OSBPL3","690.5","0.0019040415000000002","2.4818E-4","0.003559903","0","0","false","0","OSBPL3","0"
"0.0","0.0","0.0","0.16666666666666666","0","3","3","false","CDKN1A","CDKN1A","638.0","0.0057937625","0.001932767","0.009654758","0","0","false","0","CDKN1A","0"
"0.0","0.0","0.0","0.0","0","2","2","false","PHRF1","PHRF1","292.0","3.658945E-4","3.30907E-4","4.00882E-4","0","0","false","0","PHRF1","0"
"0.0","0.0","0.0","0.16666666666666666","0","3","3","false","ENOX1","ENOX1","242.33333333333334",,"0.006640078",,"0","0","false","0","ENOX1","0"
"0.0","0.0","0.0","0.0","0","3","3","false","CSNK2A2","CSNK2A2","577.3333333333334","0.012133614000000001","0.023164803","0.001102425","0","0","false","0","CSNK2A2","0"
"0.0","0.0","0.0","0.05","0","5","5","false","PUM3","PUM3","438.2","0.0085253545","0.003983032","0.013067677","0","0","false","0","PUM3","0"
"0.0","0.0","0.0","0.0","0","2","2","false","SELENOS","SELENOS","723.5",,"0.002263673",,"0","0","false","0","SELENOS","0"
"0.0","0.0","0.0","0.08333333333333333","0","4","4","false","SET","SET","343.0",,"0.006640078",,"0","0","false","0","SET","0"
"0.0","0.0","0.0","0.0","0","1","1","false","TNFRSF1A","TNFRSF1A","135.0","1.654535E-4","3.30907E-4","0.0","0","0","false","0","TNFRSF1A","0"
"0.0","0.0","0.0","0.0","0","6","6","false","RASSF1","RASSF1","517.25","0.0049573285","0.004361893","0.005552764","0","2","false","0","RASSF1","0"
"0.0","0.0","0.0","0.0","0","2","2","false","ENSG00000225032.5","ENSG00000225032.5","148.0",,,"1.0022E-4","0","0","false","0","ENSG00000225032.5","0"
"0.0","0.0","0.0","0.0","0","2","2","false","GPR179","GPR179","269.0","8.733725E-4","7.4454E-4","0.001002205","0","0","false","0","GPR179","0"
"0.0","0.0","0.0","0.5","0","2","2","false","GAB3","GAB3","168.5","0.0026230788355393777","8.27266710787558E-5","0.005163431","0","0","false","0","GAB3","0"
"0.0","0.0","0.0","0.0","0","3","3","false","NEDD4","NEDD4","606.3333333333334","5.814575E-4","6.61813E-4","5.01102E-4","0","0","false","0","NEDD4","0"
"0.0","0.0","0.0","0.0","0","1","1","false","LIMCH1","LIMCH1","223.0","0.0094257435","0.018751267","1.0022E-4","0","0","false","0","LIMCH1","0"
"0.0","0.0","0.0","0.0","0","5","5","false","PDC-AS1","PDC-AS1","283.2","0.0093204825","0.014762158","0.003878807","0","0","false","0","PDC-AS1","0"
"0.0","0.0","0.0","0.0","0","3","3","false","WIPF3","WIPF3","406.6666666666667","0.0042411505000000006","0.007880978","6.01323E-4","0","0","false","0","WIPF3","0"
"0.0","0.0","0.0","0.08333333333333333","0","4","4","false","CEBPD","CEBPD","589.0","0.0100626915","0.015362834","0.004762549","0","0","false","0","CEBPD","0"
"0.0","0.0","0.0","0.0","0","2","2","false","SOCS7","SOCS7","452.0","1.8294699999999998E-4","1.65453E-4","2.00441E-4","0","0","false","0","SOCS7","0"
"0.0","0.0","0.0","0.0","0","5","5","false","GPSM2","GPSM2","313.4","0.004014469","3.30907E-4","0.007698031","0","0","false","0","GPSM2","0"
"4.121101719615273","3.0020865404907586","0.24265355917818876","3.797513070510103E-4","8","367","4","false","NCOA1","NCOA1","8.299703264094955","1.6641784020000001","1.815355394","1.51300141","363","30","false","0","NCOA1","271087783"
"0.0","0.0","0.0","0.08333333333333333","0","4","4","false","FABP3","FABP3","573.75","0.007409922","7.4454E-4","0.014075304","0","0","false","0","FABP3","0"
"0.0","0.0","0.0","0.0","0","3","3","false","PPP2R5A","PPP2R5A","452.3333333333333","9.14733355393779E-5","8.27266710787558E-5","1.0022E-4","0","0","false","0","PPP2R5A","0"
"0.0","0.0","0.0","0.08333333333333333","0","4","4","false","SCAF8","SCAF8","453.75","0.0021219763355393778","8.27266710787558E-5","0.004161226","0","0","false","0","SCAF8","0"
"0.0","0.0","0.0","0.0","0","3","3","false","SLK","SLK","606.3333333333334","2.919143355393779E-4","8.27266710787558E-5","5.01102E-4","0","0","false","0","SLK","0"
"0.0","0.0","0.0","0.0","0","4","4","false","FSD1L","FSD1L","188.5",,"4.9636E-4",,"0","0","false","0","FSD1L","0"
"0.0","0.0","0.0","0.5","0","2","2","false","RAB12","RAB12","690.5","0.0022763115","9.9272E-4","0.003559903","0","0","false","0","RAB12","0"
"0.0","0.0","0.0","0.0","0","2","2","false","TBC1D22B","TBC1D22B","605.5","1.742E-4","2.4818E-4","1.0022E-4","0","0","false","0","TBC1D22B","0"
"0.0","0.0","0.0","0.16666666666666666","0","3","3","false","MIER2","MIER2","279.0",,"0.004148485",,"0","0","false","0","MIER2","0"
"0.0","0.0","0.0","0.08333333333333333","0","4","4","false","MIR29B2CHG","MIR29B2CHG","454.0","0.003682473","0.00320372","0.004161226","0","0","false","0","MIR29B2CHG","0"
"0.0","0.0","0.0","0.0","0","5","5","false","SATB2-AS1","SATB2-AS1","300.0",,,"0.006625397","0","0","false","0","SATB2-AS1","0"
"0.0","0.0","0.0","0.0","0","2","2","false","AFG3L1P","AFG3L1P","398.0","1.328365E-4","1.65453E-4","1.0022E-4","0","0","false","0","AFG3L1P","0"
"0.0","0.0","0.0","0.5","0","2","2","false","RASSF5","RASSF5","685.0","0.0051169225","5.79087E-4","0.009654758","0","0","false","0","RASSF5","0"
"0.0","0.0","0.0","0.0","0","2","2","false","FAM184B","FAM184B","315.0","0.002963702","0.003652125","0.002275279","0","0","false","0","FAM184B","0"
"0.0","0.0","0.0","0.16666666666666666","0","3","3","false","CCNI","CCNI","521.6666666666666","0.009404065","0.006642438","0.012165692","0","0","false","0","CCNI","0"
"0.0","0.0","0.0","0.0","0","3","3","false","LCP2","LCP2","255.0","0.0011790028355393779","8.27266710787558E-5","0.002275279","0","0","false","0","LCP2","0"
"0.0","0.0","0.0","0.08333333333333333","0","4","4","false","GSPT1","GSPT1","235.25",,"0.004975752",,"0","0","false","0","GSPT1","0"
"0.0","0.0","0.0","0.06666666666666667","0","7","7","false","ZXDB","ZXDB","304.6666666666667","0.008188327","0.003486672","0.012889982","0","1","false","0","ZXDB","0"
"0.0","0.0","0.0","0.05","0","5","5","false","PIAS1","PIAS1","380.4","0.0029642695","0.001767313","0.004161226","0","0","false","0","PIAS1","0"
"0.0","0.0","0.0","0.16666666666666666","0","3","3","false","ARHGEF7","ARHGEF7","390.0",,"0.003983032",,"0","0","false","0","ARHGEF7","0"
"0.0","0.0","0.0","0.0","0","2","2","false","ATP6V0A1","ATP6V0A1","155.0","7.683135E-4","0.001436407","1.0022E-4","0","0","false","0","ATP6V0A1","0"
"0.0","0.0","0.0","0.0","0","1","1","false","ENSG00000215022.8","ENSG00000215022.8","223.0",,,"1.0022E-4","0","0","false","0","ENSG00000215022.8","0"
"0.0","0.0","0.0","0.0","0","3","3","false","UVRAG","UVRAG","265.3333333333333","0.003952787","0.007304251","6.01323E-4","0","0","false","0","UVRAG","0"
"0.0","0.0","0.0","0.0","0","2","2","false","JMJD1C","JMJD1C","605.5","4.2238000000000003E-4","7.4454E-4","1.0022E-4","0","0","false","0","JMJD1C","0"
"0.0","0.0","0.0","0.08333333333333333","0","4","4","false","YEATS2","YEATS2","450.5","0.004417749835539378","8.27266710787558E-5","0.008752773","0","0","false","0","YEATS2","0"
"0.0","0.0","0.0","0.0","0","2","2","false","EDC4","EDC4","221.5","1.916938355393779E-4","8.27266710787558E-5","3.00661E-4","0","0","false","0","EDC4","0"
"0.0","0.0","0.0","0.1","0","5","5","false","PLCL2","PLCL2","410.6","0.008538503","5.79087E-4","0.016497919","0","0","false","0","PLCL2","0"
"0.0","0.0","0.0","0.0","0","3","3","false","ZNF540","ZNF540","406.3333333333333","1.2409E-4","2.4818E-4","0.0","0","0","false","0","ZNF540","0"
"0.0","0.0","0.0","0.03333333333333333","0","6","6","false","ARL16","ARL16","325.8333333333333","0.006274540335539378","8.27266710787558E-5","0.012466354","0","0","false","0","ARL16","0"
"0.0","0.0","0.0","0.0","0","2","2","false","PPM1A","PPM1A","347.5",,"1.65453E-4",,"0","0","false","0","PPM1A","0"
"0.0","0.0","0.0","0.0","0","2","2","false","RND3","RND3","441.5","4.724905E-4","7.4454E-4","2.00441E-4","0","0","false","0","RND3","0"
"0.0","0.0","0.0","0.16666666666666666","0","4","4","false","PKIA","PKIA","553.25","0.003801707335539378","8.27266710787558E-5","0.007520688","0","0","false","0","PKIA","0"
"0.0","0.0","0.0","0.0","0","3","3","false","BCAR1","BCAR1","592.0","0.007731527","0.015362834","1.0022E-4","0","0","false","0","BCAR1","0"
"0.0","0.0","0.0","0.0","0","2","2","false","CALCOCO1","CALCOCO1","292.0","0.005466415","0.010531948","4.00882E-4","0","0","false","0","CALCOCO1","0"
"0.0","0.0","0.0","0.08333333333333333","0","4","4","false","SLC25A29","SLC25A29","536.5","0.0021697155","5.79087E-4","0.003760344","0","0","false","0","SLC25A29","0"
"0.0","0.0","0.0","0.0","0","4","4","false","ZNF254","ZNF254","330.5","0.003271908","0.00259458","0.003949236","0","0","false","0","ZNF254","0"
"0.0","0.0","0.0","0.0","0","3","3","false","IFRD1","IFRD1","467.0","0.010914535999999999","0.020826867","0.001002205","0","0","false","0","IFRD1","0"
"0.0","0.0","0.0","0.25","0","5","5","false","PXN","PXN","206.0",,"0.024581951",,"0","0","false","0","PXN","0"
"0.0","0.0","0.0","0.0","0","2","2","false","MT-TN","MT-TN","190.5","1.8294699999999998E-4","1.65453E-4","2.00441E-4","0","0","false","0","MT-TN","0"
"0.0","0.0","0.0","0.0","0","3","3","false","HCP5","HCP5","399.3333333333333","0.0035427889999999997","0.004810299","0.002275279","0","0","false","0","HCP5","0"
"0.0","0.0","0.0","0.0","0","5","5","false","REST","REST","203.0",,"4.13633E-4",,"0","0","false","0","REST","0"
"0.0","0.0","0.0","0.0","0","3","3","false","SAMD9","SAMD9","293.0","0.002857214","0.003038267","0.002676161","0","0","false","0","SAMD9","0"
"0.0","0.0","0.0","0.0","0","1","1","false","SLC35F1","SLC35F1","1158.0","0.017653631000000003","0.035106821","2.00441E-4","0","0","false","0","SLC35F1","0"
"0.0","0.0","0.0","0.16666666666666666","0","3","3","false","RANBP9","RANBP9","247.33333333333334","0.0028990369999999997","0.001436407","0.004361667","0","0","false","0","RANBP9","0"
"0.0","0.0","0.0","0.0","0","3","3","false","SIK2","SIK2","592.0","3.3965350000000004E-4","5.79087E-4","1.0022E-4","0","0","false","0","SIK2","0"
"0.0","0.0","0.0","0.0","0","3","3","false","PRECSIT","PRECSIT","434.6666666666667","2.6567400000000003E-4","3.30907E-4","2.00441E-4","0","0","false","0","PRECSIT","0"
"0.0","0.0","0.0","0.0","0","4","4","false","PDK4","PDK4","366.25","9.56099E-4","9.09993E-4","0.001002205","0","0","false","0","PDK4","0"
"0.0","0.0","0.0","0.0","0","3","3","false","HDAC9","HDAC9","329.0",,"3.30907E-4",,"0","1","false","0","HDAC9","0"
"0.0","0.0","0.0","0.0","0","2","2","false","BTBD8","BTBD8","155.0","5.011E-5","0.0","1.0022E-4","0","0","false","0","BTBD8","0"
"0.0","0.0","0.0","0.16666666666666666","0","3","3","false","CYTH3","CYTH3","691.0","0.001921535335539378","8.27266710787558E-5","0.003760344","0","0","false","0","CYTH3","0"
"0.0","0.0","0.0","0.0","0","1","1","false","EIF3J","EIF3J","1214.0",,"5.79087E-4",,"0","0","false","0","EIF3J","0"
"0.0","0.0","0.0","0.0","0","3","3","false","HSF2","HSF2","454.3333333333333","0.0075588185","0.015017417","1.0022E-4","0","0","false","0","HSF2","0"
"0.0","0.0","0.0","0.0","0","3","3","false","ZFX","ZFX","192.0","0.0021092305","0.003817579","4.00882E-4","0","0","false","0","ZFX","0"
"0.0","0.0","0.0","0.0","0","1","1","false","TPRG1","TPRG1","407.0","0.0021092305","0.003817579","4.00882E-4","0","0","false","0","TPRG1","0"
"0.0","0.0","0.0","0.0","0","1","1","false","PLEKHN1","PLEKHN1","223.0",,,"1.0022E-4","0","0","false","0","PLEKHN1","0"
"0.0","0.0","0.0","0.08333333333333333","0","4","4","false","GCLM","GCLM","402.75","0.0023049234999999997","2.4818E-4","0.004361667","0","0","false","0","GCLM","0"
"0.0","0.0","0.0","0.03333333333333333","0","6","6","false","NCOA6","NCOA6","460.8333333333333","0.018023486","0.016348476","0.019698496","0","0","false","0","NCOA6","0"
"0.0","0.0","0.0","0.03333333333333333","0","6","6","false","SEC31B","SEC31B","223.5","0.0051017995","2.4818E-4","0.009955419","0","0","false","0","SEC31B","0"
"0.0","0.0","0.0","0.5","0","2","2","false","MT1X","MT1X","690.5","0.0073786905","0.011197478","0.003559903","0","0","false","0","MT1X","0"
"0.0","0.0","0.0","0.08333333333333333","0","4","4","false","CREBBP","CREBBP","406.5","0.0037412224999999995","0.003321219","0.004161226","0","0","false","0","CREBBP","0"
"0.0","0.0","0.0","0.0","0","3","3","false","C3orf35","C3orf35","312.3333333333333","0.0030051734999999996","0.003534627","0.00247572","0","0","false","0","C3orf35","0"
"0.0","0.0","0.0","0.0","0","1","1","false","PSMA7","PSMA7","1214.0",,"5.79087E-4",,"0","0","false","0","PSMA7","0"
"0.0","0.0","0.0","0.0","0","3","3","false","TLK1","TLK1","149.0","2.50551E-4","0.0","5.01102E-4","0","0","false","0","TLK1","0"
"0.0","0.0","0.0","0.0","0","1","1","false","POLR2M","POLR2M","103.0",,"8.27266710787558E-5",,"0","0","false","0","POLR2M","0"
"0.0","0.0","0.0","0.0","0","2","2","false","E2F6","E2F6","605.5","9.14733355393779E-5","8.27266710787558E-5","1.0022E-4","0","0","false","0","E2F6","0"
"0.0","0.0","0.0","0.1","0","5","5","false","LAD1","LAD1","455.6","0.019459719","0.023819183","0.015100255","0","0","false","0","LAD1","0"
"0.0","0.0","0.0","0.0","0","1","1","false","NUP133","NUP133","212.0","0.005049432","0.009798203","3.00661E-4","0","0","false","0","NUP133","0"
"0.0","0.0","0.0","0.08333333333333333","0","4","4","false","TSPYL2","TSPYL2","444.0","0.017348245499999998","0.030535265","0.004161226","0","0","false","0","TSPYL2","0"
"0.0","0.0","0.0","0.15","0","5","5","false","SEMA3F","SEMA3F","500.4","0.011219406","0.004810299","0.017628513","0","0","false","0","SEMA3F","0"
"0.0","0.0","0.0","0.08333333333333333","0","4","4","false","ZNF441","ZNF441","384.0","0.005169403335539378","8.27266710787558E-5","0.01025608","0","0","false","0","ZNF441","0"
"0.0","0.0","0.0","0.0","0","2","2","false","TLE1","TLE1","210.5","0.008354349","0.016107375","6.01323E-4","0","0","false","0","TLE1","0"
"0.0","0.0","0.0","0.3333333333333333","0","3","3","false","JRKL","JRKL","487.3333333333333","0.007208562","0.002429127","0.011987997","0","0","false","0","JRKL","0"
"0.0","0.0","0.0","0.16666666666666666","0","3","3","false","ATG2B","ATG2B","474.6666666666667","0.0059017545","0.006640078","0.005163431","0","0","false","0","ATG2B","0"
"0.0","0.0","0.0","0.0","0","3","3","false","ZNF252P","ZNF252P","168.33333333333334","4.899845E-4","5.79087E-4","4.00882E-4","0","0","false","0","ZNF252P","0"
"0.0","0.0","0.0","0.0","0","1","1","false","KDM7A","KDM7A","519.0","0.003320039","0.006640078","0.0","0","0","false","0","KDM7A","0"
"0.0","0.0","0.0","0.0","0","1","1","false","SLC12A2","SLC12A2","212.0","1.916938355393779E-4","8.27266710787558E-5","3.00661E-4","0","0","false","0","SLC12A2","0"
"0.0","0.0","0.0","0.0","0","2","2","false","FRAT2","FRAT2","190.5","0.0022159345","0.004030987","4.00882E-4","0","0","false","0","FRAT2","0"
"0.0","0.0","0.0","0.0","0","3","3","false","PHKG2","PHKG2","463.6666666666667","2.744205E-4","2.4818E-4","3.00661E-4","0","0","false","0","PHKG2","0"
"0.0","0.0","0.0","0.0","0","3","3","false","ELMO2","ELMO2","121.0","2.895435E-4","5.79087E-4","0.0","0","0","false","0","ELMO2","0"
"0.0","0.0","0.0","0.0","0","4","4","false","SLX4","SLX4","167.75","0.0018280649999999998","5.79087E-4","0.003077043","0","0","false","0","SLX4","0"
"0.0","0.0","0.0","0.16666666666666666","0","3","3","false","TMEM201","TMEM201","401.6666666666667",,,"0.003760344","0","0","false","0","TMEM201","0"
"0.0","0.0","0.0","0.0","0","3","3","false","MED14","MED14","171.33333333333334","3.658945E-4","3.30907E-4","4.00882E-4","0","0","false","0","MED14","0"
"0.0","0.0","0.0","0.0","0","4","4","false","MAPRE2","MAPRE2","596.0","3.332775E-4","1.65453E-4","5.01102E-4","0","0","false","0","MAPRE2","0"
"0.0","0.0","0.0","0.0","0","4","4","false","OST4","OST4","469.5","0.0125704145","0.024639727","5.01102E-4","0","0","false","0","OST4","0"
"0.0","0.0","0.0","0.0","0","3","3","false","PTCH1","PTCH1","123.66666666666667","0.0086741375","0.017348275","0.0","0","0","false","0","PTCH1","0"
"0.0","0.0","0.0","0.0","0","3","3","false","GLDC","GLDC","50.0","2.9829000000000005E-4","4.9636E-4","1.0022E-4","0","0","false","0","GLDC","0"
"0.0","0.0","0.0","0.0","0","1","1","false","MADD","MADD","573.0","0.0097514425","0.019502885","0.0","0","0","false","0","MADD","0"
"0.0","0.0","0.0","0.0","0","4","4","false","ZNF546","ZNF546","299.5","0.001703975","3.30907E-4","0.003077043","0","0","false","0","ZNF546","0"
"0.0","0.0","0.0","0.0","0","4","4","false","ENTPD5","ENTPD5","361.25","7.55658E-4","9.09993E-4","6.01323E-4","0","0","false","0","ENTPD5","0"
"0.0","0.0","0.0","0.5","0","3","3","false","ULK1","ULK1","596.0","0.009864059","0.007138798","0.01258932","0","0","false","0","ULK1","0"
"0.0","0.0","0.0","0.0","0","4","4","false","ZBTB6","ZBTB6","359.75","0.0074250165","0.008625518","0.006224515","0","0","false","0","ZBTB6","0"
"0.0","0.0","0.0","0.0","0","4","4","false","SEMA4B","SEMA4B","298.0","0.002918538","0.002760033","0.003077043","0","0","false","0","SEMA4B","0"
"0.0","0.0","0.0","0.0","0","3","3","false","GAPVD1","GAPVD1","448.6666666666667","0.0019588995000000002","0.003817579","1.0022E-4","0","0","false","0","GAPVD1","0"
"0.0","0.0","0.0","0.16666666666666666","0","4","4","false","ZBTB40","ZBTB40","470.0","0.011540925","1.65453E-4","0.022916397","0","0","false","0","ZBTB40","0"
"0.0","0.0","0.0","0.0","0","3","3","false","NFIL3","NFIL3","592.0","0.0021243525","0.004148485","1.0022E-4","0","0","false","0","NFIL3","0"
"0.0","0.0","0.0","0.0","0","5","5","false","SOX17","SOX17","441.0","0.006694050500000001","0.012686558","7.01543E-4","0","0","false","0","SOX17","0"
"0.0","0.0","0.0","0.05","0","5","5","false","PRR14L","PRR14L","305.6","0.011015906999999998","0.017269265","0.004762549","0","0","false","0","PRR14L","0"
"0.0","0.0","0.0","0.16666666666666666","0","3","3","false","CXCR6","CXCR6","505.3333333333333","0.0089163895","0.014272876","0.003559903","0","0","false","0","CXCR6","0"
"0.0","0.0","0.0","0.0","0","2","2","false","CEP57L1","CEP57L1","173.5","2.33057E-4","1.65453E-4","3.00661E-4","0","0","false","0","CEP57L1","0"
"0.0","0.0","0.0","0.0","0","2","2","false","SIK1B","SIK1B","354.5","6.164455E-4","3.30907E-4","9.01984E-4","0","0","false","0","SIK1B","0"
"0.0","0.0","0.0","0.0","0","2","2","false","CAMTA1","CAMTA1","315.0","0.001551273","8.27267E-4","0.002275279","0","0","false","0","CAMTA1","0"
"0.0","0.0","0.0","0.05","0","5","5","false","ASXL1","ASXL1","352.2","0.0044857625","0.004810299","0.004161226","0","0","false","0","ASXL1","0"
"0.0","0.0","0.0","0.0","0","2","2","false","SPNS2","SPNS2","312.5","0.0056590735","0.009042868","0.002275279","0","0","false","0","SPNS2","0"
"0.0","0.0","0.0","0.0","0","4","4","false","ZNF721","ZNF721","251.75","0.0017628320000000002","2.4818E-4","0.003277484","0","0","false","0","ZNF721","0"
"0.0","0.0","0.0","0.0","0","1","1","false","TMEM126B","TMEM126B","1158.0","0.0018435565","0.003486672","2.00441E-4","0","0","false","0","TMEM126B","0"
"0.0","0.0","0.0","0.0","0","2","2","false","BLOC1S6","BLOC1S6","369.5","0.010977586999999999","0.021754733","2.00441E-4","0","0","false","0","BLOC1S6","0"
"0.0","0.0","0.0","0.0","0","4","4","false","STARD4","STARD4","513.25","0.014460052999999999","0.028218563","7.01543E-4","0","0","false","0","STARD4","0"
"0.0","0.0","0.0","0.0","0","2","2","false","USP31","USP31","338.0","3.006615E-4","0.0","6.01323E-4","0","0","false","0","USP31","0"
"0.0","0.0","0.0","0.0","0","3","3","false","NIPBL","NIPBL","452.3333333333333","0.003618329","0.007136438","1.0022E-4","0","0","false","0","NIPBL","0"
"0.0","0.0","0.0","0.023809523809523808","0","7","7","false","LIMK2","LIMK2","288.0",,,"0.013067677","0","0","false","0","LIMK2","0"
"0.0","0.0","0.0","0.05","0","5","5","false","ERCC6L2","ERCC6L2","346.2",,,"0.011263708","0","0","false","0","ERCC6L2","0"
"0.0","0.0","0.0","0.0","0","5","5","false","ABCC1","ABCC1","486.6","0.0080422","0.006311531","0.009772869","0","0","false","0","ABCC1","0"
"0.0","0.0","0.0","0.0","0","1","1","false","TNRC18","TNRC18","1031.0","5.75082E-4","2.4818E-4","9.01984E-4","0","0","false","0","TNRC18","0"
"0.0","0.0","0.0","0.0","0","3","3","false","LSMEM1","LSMEM1","201.66666666666666","4.2475149999999997E-4","2.4818E-4","6.01323E-4","0","0","false","0","LSMEM1","0"
"0.0","0.0","0.0","0.0","0","2","2","false","KLHL41","KLHL41","117.5","0.001993887","0.003486672","5.01102E-4","0","0","false","0","KLHL41","0"
"1.0","0.0","1.0","0.0","1","52","0","false","DR1","DR1","3.6153846153846154","0.9847299225","1.969459845","0.0","52","0","false","0","DR1","0"
"0.0","0.0","0.0","0.06666666666666667","0","6","6","false","PLA2G4F","PLA2G4F","338.6666666666667","0.01266418","0.012438378","0.012889982","0","0","false","0","PLA2G4F","0"
"0.0","0.0","0.0","0.0","0","5","5","false","PLD5","PLD5","206.8",,,"0.005151882","0","0","false","0","PLD5","0"
"0.0","0.0","0.0","0.0","0","2","2","false","PCBP1-AS1","PCBP1-AS1","348.5","0.0018435565","0.003486672","2.00441E-4","0","0","false","0","PCBP1-AS1","0"
"1.4027777777777777","0.0","0.712871287128713","0.0","2","172","0","false","PITX3","PITX3","4.383720930232558","0.7841587449999999","1.556691914","0.011625576","172","0","false","0","PITX3","0"
"0.0","0.0","0.0","0.08333333333333333","0","4","4","false","LRP1B","LRP1B","403.0","0.0032124494999999998","0.002263673","0.004161226","0","0","false","0","LRP1B","0"
"0.0","0.0","0.0","0.0","0","4","4","false","SNX18","SNX18","192.25","0.001068975","0.001436407","7.01543E-4","0","0","false","0","SNX18","0"
"0.0","0.0","0.0","0.0","0","1","1","false","TAP1","TAP1","35.0","0.001991516","0.003983032","0.0","0","0","false","0","TAP1","0"
"0.0","0.0","0.0","0.0","0","1","1","false","MIB1","MIB1","544.0","2.4818E-4","4.9636E-4","0.0","0","0","false","0","MIB1","0"
"0.0","0.0","0.0","0.0","0","1","1","false","JPT2","JPT2","565.0","0.0011318365","0.002263673","0.0","0","0","false","0","JPT2","0"
"0.0","0.0","0.0","0.3333333333333333","0","3","3","false","ZNF234","ZNF234","353.6666666666667","0.0054209535","0.003321219","0.007520688","0","0","false","0","ZNF234","0"
"0.0","0.0","0.0","0.16666666666666666","0","4","4","false","WDR26","WDR26","541.75","0.0176629865","0.027805285","0.007520688","0","0","false","0","WDR26","0"
"0.0","0.0","0.0","0.0","0","2","2","false","ERO1A","ERO1A","441.5","1.415838355393779E-4","8.27266710787558E-5","2.00441E-4","0","0","false","0","ERO1A","0"
"0.0","0.0","0.0","0.0","0","3","3","false","TPM1-AS","TPM1-AS","452.0","0.0028459880000000003","0.003817579","0.001874397","0","0","false","0","TPM1-AS","0"
"0.0","0.0","0.0","0.0","0","5","5","false","TAL1","TAL1","440.8","3.420248355393779E-4","8.27266710787558E-5","6.01323E-4","0","0","false","0","TAL1","0"
"0.0","0.0","0.0","0.08333333333333333","0","4","4","false","GARRE1","GARRE1","385.25","0.0033818115","0.00320372","0.003559903","0","0","false","0","GARRE1","0"
"0.0","0.0","0.0","0.0","0","2","2","false","MTRNR2L8","MTRNR2L8","221.5","0.0015303469999999998","0.002760033","3.00661E-4","0","0","false","0","MTRNR2L8","0"
"0.0","0.0","0.0","0.16666666666666666","0","5","5","false","APPL2","APPL2","386.5","0.0126437245","0.002760033","0.022527416","0","1","false","0","APPL2","0"
"0.0","0.0","0.0","0.0","0","5","5","false","PPTC7","PPTC7","313.0","0.004975537","5.79087E-4","0.009371987","0","0","false","0","PPTC7","0"
"0.0","0.0","0.0","0.08333333333333333","0","4","4","false","ENSG00000255148.2","ENSG00000255148.2","639.75","0.0069692255000000005","0.003983032","0.009955419","0","0","false","0","ENSG00000255148.2","0"
"0.0","0.0","0.0","0.0","0","4","4","false","TAMALIN","TAMALIN","461.0","5.313475E-4","6.61813E-4","4.00882E-4","0","0","false","0","TAMALIN","0"
"0.0","0.0","0.0","0.0","0","4","4","false","LINC00476","LINC00476","286.0","0.003004101","0.005306659","7.01543E-4","0","0","false","0","LINC00476","0"
"0.0","0.0","0.0","0.0","0","3","3","false","SQSTM1","SQSTM1","439.6666666666667","0.0038525665","0.007304251","4.00882E-4","0","0","false","0","SQSTM1","0"
"0.0","0.0","0.0","0.16666666666666666","0","3","3","false","ATP9B","ATP9B","580.6666666666666",,,"0.004161226","0","0","false","0","ATP9B","0"
"0.0","0.0","0.0","0.0","0","4","4","false","HDAC2","HDAC2","315.75","0.007931968000000001","0.015362834","5.01102E-4","0","0","false","0","HDAC2","0"
"0.0","0.0","0.0","0.0","0","4","4","false","NSMF","NSMF","150.75","0.0026859575","0.004971033","4.00882E-4","0","0","false","0","NSMF","0"
"0.0","0.0","0.0","0.0","0","1","1","false","SNHG32","SNHG32","108.0","0.0036684395","0.007136438","2.00441E-4","0","0","false","0","SNHG32","0"
"0.0","0.0","0.0","0.0","0","4","4","false","DACT1","DACT1","305.25","0.0051496525","0.009798203","5.01102E-4","0","0","false","0","DACT1","0"
"0.0","0.0","0.0","0.0","0","3","3","false","MEG9","MEG9","521.0",,"0.004361893",,"0","0","false","0","MEG9","0"
"0.0","0.0","0.0","0.0","0","3","3","false","OGDH","OGDH","663.3333333333334","6.40315E-4","5.79087E-4","7.01543E-4","0","0","false","0","OGDH","0"
"0.0","0.0","0.0","0.0","0","2","2","false","PDIK1L","PDIK1L","223.5","2.919143355393779E-4","8.27266710787558E-5","5.01102E-4","0","0","false","0","PDIK1L","0"
"0.0","0.0","0.0","0.0","0","2","2","false","HOGA1","HOGA1","925.0","0.0056249795","0.010949298","3.00661E-4","0","0","false","0","HOGA1","0"
"0.0","0.0","0.0","0.16666666666666666","0","4","4","false","ENSG00000165121.12","ENSG00000165121.12","605.25","0.0037428500000000003","1.65453E-4","0.007320247","0","0","false","0","ENSG00000165121.12","0"
"0.0","0.0","0.0","0.0","0","1","1","false","HNRNPK","HNRNPK","1158.0","0.00176083","0.003321219","2.00441E-4","0","0","false","0","HNRNPK","0"
"0.0","0.0","0.0","0.16666666666666666","0","3","3","false","PKD1P6","PKD1P6","622.0","0.010404721","0.003321219","0.017488223","0","0","false","0","PKD1P6","0"
"0.0","0.0","0.0","0.0","0","1","1","false","TMEM184A","TMEM184A","35.0","0.0021569695","0.004313939","0.0","0","0","false","0","TMEM184A","0"
"0.0","0.0","0.0","0.0","0","3","3","false","LRRFIP2","LRRFIP2","289.3333333333333","0.001703975","3.30907E-4","0.003077043","0","0","false","0","LRRFIP2","0"
"0.0","0.0","0.0","0.05","0","5","5","false","XXYLT1","XXYLT1","366.2","0.0049777095","0.0","0.009955419","0","0","false","0","XXYLT1","0"
"0.0","0.0","0.0","0.0","0","1","1","false","NR1D2","NR1D2","332.0","1.415838355393779E-4","8.27266710787558E-5","2.00441E-4","0","0","false","0","NR1D2","0"
"0.0","0.0","0.0","0.0","0","3","3","false","IFNGR2","IFNGR2","228.0","8.05768E-4","9.09993E-4","7.01543E-4","0","0","false","0","IFNGR2","0"
"0.0","0.0","0.0","0.0","0","2","2","false","SLC16A1-AS1","SLC16A1-AS1","354.5","0.0023597815","0.003817579","9.01984E-4","0","0","false","0","SLC16A1-AS1","0"
"0.0","0.0","0.0","0.0","0","1","1","false","ICE1","ICE1","361.0","0.0018936665","0.003486672","3.00661E-4","0","0","false","0","ICE1","0"
"0.0","0.0","0.0","0.1","0","5","5","false","HMGB2","HMGB2","457.8","0.013858173500000001","0.015427688","0.012288659","0","0","false","0","HMGB2","0"
"0.0","0.0","0.0","0.0","0","2","2","false","POP7","POP7","312.5","0.0014685459999999998","6.61813E-4","0.002275279","0","0","false","0","POP7","0"
"0.0","0.0","0.0","0.0","0","3","3","false","PDE7B","PDE7B","230.33333333333334","0.0038434504999999997","0.004810299","0.002876602","0","0","false","0","PDE7B","0"
"0.0","0.0","0.0","0.0","0","1","1","false","OGFOD1","OGFOD1","835.0",,"9.09993E-4",,"0","0","false","0","OGFOD1","0"
"0.0","0.0","0.0","0.0","0","2","2","false","CEL","CEL","223.5","2.50551E-4","0.0","5.01102E-4","0","0","false","0","CEL","0"
"0.0","0.0","0.0","0.15","0","5","5","false","GADD45G","GADD45G","550.4","0.0112612515","5.79087E-4","0.021943416","0","0","false","0","GADD45G","0"
"0.0","0.0","0.0","0.0","0","3","3","false","LINC02693","LINC02693","256.3333333333333","5.337185E-4","1.65453E-4","9.01984E-4","0","0","false","0","LINC02693","0"
"0.0","0.0","0.0","0.0","0","1","1","false","YY1AP1","YY1AP1","223.0","0.0017346965","0.003369173","1.0022E-4","0","0","false","0","YY1AP1","0"
"0.0","0.0","0.0","0.05","0","6","6","false","DCAF16","DCAF16","392.8","0.0022460665","3.30907E-4","0.004161226","0","1","false","0","DCAF16","0"
"0.0","0.0","0.0","0.0","0","4","4","false","SH3BGR","SH3BGR","358.25","0.005020475","0.006963907","0.003077043","0","0","false","0","SH3BGR","0"
"0.0","0.0","0.0","0.0","0","2","2","false","IPO7","IPO7","194.5","0.0053652165000000005","0.01012911","6.01323E-4","0","0","false","0","IPO7","0"
"0.0","0.0","0.0","0.0","0","1","1","false","BBS5","BBS5","158.0","1.916938355393779E-4","8.27266710787558E-5","3.00661E-4","0","0","false","0","BBS5","0"
"0.0","0.0","0.0","0.0","0","2","2","false","RAB24","RAB24","312.5","0.0041495695","0.00602386","0.002275279","0","0","false","0","RAB24","0"
"0.0","0.0","0.0","0.0","0","2","2","false","EAPP","EAPP","602.0","8.646255E-4","8.27267E-4","9.01984E-4","0","0","false","0","EAPP","0"
"0.0","0.0","0.0","0.0","0","2","2","false","C1QTNF9","C1QTNF9","30.5","6.88054E-4","0.001075447","3.00661E-4","0","0","false","0","C1QTNF9","0"
"0.0","0.0","0.0","0.16666666666666666","0","3","3","false","CSNK1G1","CSNK1G1","401.6666666666667",,,"0.003760344","0","0","false","0","CSNK1G1","0"
"0.0","0.0","0.0","0.05","0","5","5","false","STX18","STX18","297.4","0.0022221968355393778","8.27266710787558E-5","0.004361667","0","0","false","0","STX18","0"
"0.0","0.0","0.0","0.0","0","2","2","false","TBC1D8","TBC1D8","354.5","5.337185E-4","1.65453E-4","9.01984E-4","0","0","false","0","TBC1D8","0"
"0.0","0.0","0.0","0.0","0","3","3","false","DTYMK","DTYMK","345.6666666666667","0.0015210274999999998","1.65453E-4","0.002876602","0","0","false","0","DTYMK","0"
"0.0","0.0","0.0","0.1","0","5","5","false","NXF1","NXF1","556.4","0.0066968405000000005","0.005472112","0.007921569","0","0","false","0","NXF1","0"
"0.0","0.0","0.0","0.0","0","4","4","false","ANKS3","ANKS3","269.5","4.072575E-4","4.13633E-4","4.00882E-4","0","0","false","0","ANKS3","0"
"0.0","0.0","0.0","0.5","0","2","2","false","GDNF","GDNF","67.5",,"0.007384618",,"0","0","false","0","GDNF","0"
"0.0","0.0","0.0","0.0","0","5","5","false","ABCA5","ABCA5","411.4","0.009886137500000001","0.019672055","1.0022E-4","0","0","false","0","ABCA5","0"
"0.0","0.0","0.0","0.16666666666666666","0","3","3","false","MAML1","MAML1","472.0","0.0017799515","0.0","0.003559903","0","0","false","0","MAML1","0"
"0.0","0.0","0.0","0.05","0","5","5","false","MRNIP","MRNIP","435.4","0.0024226378355393778","8.27266710787558E-5","0.004762549","0","0","false","0","MRNIP","0"
"0.0","0.0","0.0","0.0","0","3","3","false","MXRA7","MXRA7","668.3333333333334","0.007861851","0.014521056","0.001202646","0","0","false","0","MXRA7","0"
"0.0","0.0","0.0","0.0","0","5","5","false","SP2","SP2","346.8","0.001680105335539378","8.27266710787558E-5","0.003277484","0","0","false","0","SP2","0"
"0.0","0.0","0.0","0.0","0","4","4","false","ISLR2","ISLR2","369.75","0.0048983640000000005","0.004644846","0.005151882","0","0","false","0","ISLR2","0"
"0.0","0.0","0.0","0.0","0","3","3","false","UBALD1","UBALD1","449.0","9.14733355393779E-5","8.27266710787558E-5","1.0022E-4","0","0","false","0","UBALD1","0"
"0.0","0.0","0.0","0.0","0","6","6","false","CNPY4","CNPY4","318.6666666666667","0.0041974155","4.9636E-4","0.007898471","0","0","false","0","CNPY4","0"
"0.0","0.0","0.0","0.0","0","4","4","false","NR4A2","NR4A2","461.0","4.48621E-4","4.9636E-4","4.00882E-4","0","0","false","0","NR4A2","0"
"0.0","0.0","0.0","0.08333333333333333","0","4","4","false","LMCD1","LMCD1","527.25","0.006331026","4.9636E-4","0.012165692","0","0","false","0","LMCD1","0"
"0.0","0.0","0.0","0.0","0","2","2","false","SKI","SKI","292.0","2.00441E-4","0.0","4.00882E-4","0","0","false","0","SKI","0"
"0.0","0.0","0.0","0.0","0","4","4","false","HNRNPU","HNRNPU","345.5","0.001991516","0.003983032","0.0","0","0","false","0","HNRNPU","0"
"0.0","0.0","0.0","0.0","0","1","1","false","SPPL3","SPPL3","223.0","9.14733355393779E-5","8.27266710787558E-5","1.0022E-4","0","0","false","0","SPPL3","0"
"0.0","0.0","0.0","0.0","0","2","2","false","NRROS","NRROS","614.5","0.0034715494999999997","0.006642438","3.00661E-4","0","0","false","0","NRROS","0"
"0.0","0.0","0.0","0.0","0","5","5","false","RAB8B","RAB8B","260.4","5.24972E-4","2.4818E-4","8.01764E-4","0","0","false","0","RAB8B","0"
"0.0","0.0","0.0","0.16666666666666666","0","4","4","false","ADAMTS15","ADAMTS15","430.5","0.009398256","0.0","0.018796512","0","0","false","0","ADAMTS15","0"
"0.0","0.0","0.0","0.0","0","3","3","false","CEP295","CEP295","340.0","0.006678415","0.012855728","5.01102E-4","0","0","false","0","CEP295","0"
"0.0","0.0","0.0","0.0","0","2","2","false","HOMER1","HOMER1","650.0","2.919143355393779E-4","8.27266710787558E-5","5.01102E-4","0","0","false","0","HOMER1","0"
"0.0","0.0","0.0","0.0","0","4","4","false","KCNE4","KCNE4","492.75","0.0024314975","0.004361893","5.01102E-4","0","0","false","0","KCNE4","0"
"0.0","0.0","0.0","0.0","0","3","3","false","TRUB1","TRUB1","318.0","0.0039177995","0.007635158","2.00441E-4","0","0","false","0","TRUB1","0"
"0.0","0.0","0.0","0.0","0","2","2","false","DCUN1D3","DCUN1D3","217.0","0.008984524","0.017668387","3.00661E-4","0","0","false","0","DCUN1D3","0"
"0.0","0.0","0.0","0.0","0","2","2","false","SAV1","SAV1","327.5","0.0020742425","0.004148485","0.0","0","0","false","0","SAV1","0"
"0.0","0.0","0.0","0.0","0","5","5","false","DEPP1","DEPP1","244.8","0.005783081","0.005141206","0.006424956","0","0","false","0","DEPP1","0"
"0.0","0.0","0.0","0.0","0","5","5","false","CRIM1","CRIM1","300.2","0.0016606095","0.003321219","0.0","0","0","false","0","CRIM1","0"
"0.0","0.0","0.0","0.0","0","2","2","false","PDE1C","PDE1C","128.5","4.2238000000000003E-4","7.4454E-4","1.0022E-4","0","0","false","0","PDE1C","0"
"0.0","0.0","0.0","0.0","0","2","2","false","PPDPFL","PPDPFL","173.5",,,"3.00661E-4","0","0","false","0","PPDPFL","0"
"0.0","0.0","0.0","0.0","0","2","2","false","NCKAP1","NCKAP1","369.5","0.013752647","0.027304853","2.00441E-4","0","0","false","0","NCKAP1","0"
"0.0","0.0","0.0","0.0","0","2","2","false","ARID5B","ARID5B","327.0","0.002239696","0.004479392","0.0","0","0","false","0","ARID5B","0"
"0.0","0.0","0.0","0.5","0","2","2","false","MBNL1","MBNL1","690.5","0.011155584999999999","0.018751267","0.003559903","0","0","false","0","MBNL1","0"
"0.0","0.0","0.0","0.16666666666666666","0","3","3","false","CCDC50","CCDC50","489.3333333333333","0.001821314835539378","8.27266710787558E-5","0.003559903","0","0","false","0","CCDC50","0"
"0.0","0.0","0.0","0.0","0","3","3","false","NEB","NEB","527.3333333333334","0.0015653350000000002","0.002429127","7.01543E-4","0","0","false","0","NEB","0"
"0.0","0.0","0.0","0.0","0","1","1","false","ADCY1","ADCY1","223.0","0.00190015","0.00370008","1.0022E-4","0","0","false","0","ADCY1","0"
"0.0","0.0","0.0","0.0","0","1","1","false","DSEL","DSEL","127.0",,,"3.00661E-4","0","0","false","0","DSEL","0"
"0.0","0.0","0.0","0.0","0","6","6","false","USP49","USP49","315.3333333333333","0.030625091","0.057772257","0.003477925","0","0","false","0","USP49","0"
"0.0","0.0","0.0","0.0","0","3","3","false","CITED2","CITED2","261.0","0.0031466495000000002","0.003817579","0.00247572","0","0","false","0","CITED2","0"
"0.0","0.0","0.0","0.0","0","5","5","false","CCDC51","CCDC51","196.6","0.0035423245","0.001932767","0.005151882","0","0","false","0","CCDC51","0"
"0.0","0.0","0.0","0.0","0","3","3","false","ARHGEF3","ARHGEF3","230.33333333333334","0.0014796643355393779","8.27266710787558E-5","0.002876602","0","0","false","0","ARHGEF3","0"
"0.0","0.0","0.0","0.0","0","5","5","false","MAPRE3","MAPRE3","636.4","0.0094810375","0.012607548","0.006354527","0","0","false","0","MAPRE3","0"
"0.0","0.0","0.0","0.0","0","4","4","false","RELL1","RELL1","258.25","0.0023291674999999998","5.79087E-4","0.004079248","0","0","false","0","RELL1","0"
"0.0","0.0","0.0","0.0","0","2","2","false","JPH2","JPH2","646.5","1.8294699999999998E-4","1.65453E-4","2.00441E-4","0","0","false","0","JPH2","0"
"0.0","0.0","0.0","0.0","0","2","2","false","OGT","OGT","411.5","2.831675E-4","1.65453E-4","4.00882E-4","0","0","false","0","OGT","0"
"0.0","0.0","0.0","0.0","0","4","4","false","USP28","USP28","353.75","6.904255E-4","5.79087E-4","8.01764E-4","0","0","false","0","USP28","0"
"0.0","0.0","0.0","0.0","0","4","4","false","TOMM5","TOMM5","521.25","0.006549273","5.79087E-4","0.012519459","0","0","false","0","TOMM5","0"
"0.0","0.0","0.0","0.0","0","2","2","false","MAPKAPK2","MAPKAPK2","642.5",,"0.003421847",,"0","0","false","0","MAPKAPK2","0"
"0.0","0.0","0.0","0.16666666666666666","0","3","3","false","RNF169","RNF169","524.0","0.004791166","0.003817579","0.005764753","0","0","false","0","RNF169","0"
"0.0","0.0","0.0","0.0","0","1","1","false","SESN3","SESN3","361.0","0.0028013005","0.00530194","3.00661E-4","0","0","false","0","SESN3","0"
"0.0","0.0","0.0","0.0","0","1","1","false","PAM","PAM","348.0","0.0020591200000000002","0.003817579","3.00661E-4","0","0","false","0","PAM","0"
"0.0","0.0","0.0","0.16666666666666666","0","3","3","false","TAF5","TAF5","580.6666666666666","0.002080613","0.0","0.004161226","0","0","false","0","TAF5","0"
"0.0","0.0","0.0","0.0","0","2","2","false","NOTCH1","NOTCH1","457.5","1.415838355393779E-4","8.27266710787558E-5","2.00441E-4","0","0","false","0","NOTCH1","0"
"0.0","0.0","0.0","0.0","0","2","2","false","VCL","VCL","369.5","0.0034202595","0.006640078","2.00441E-4","0","0","false","0","VCL","0"
"0.0","0.0","0.0","0.0","0","2","2","false","AMFR","AMFR","579.0",,"7.4454E-4",,"0","0","false","0","AMFR","0"
"0.0","0.0","0.0","0.0","0","4","4","false","U2AF1L4","U2AF1L4","226.75","0.0023230185","4.9636E-4","0.004149677","0","0","false","0","U2AF1L4","0"
"0.0","0.0","0.0","0.0","0","1","1","false","ANKRD2","ANKRD2","127.0","1.916938355393779E-4","8.27266710787558E-5","3.00661E-4","0","0","false","0","ANKRD2","0"
"0.0","0.0","0.0","0.0","0","2","2","false","ZNF714","ZNF714","144.5","4.899845E-4","5.79087E-4","4.00882E-4","0","0","false","0","ZNF714","0"
"0.0","0.0","0.0","0.0","0","3","3","false","PI4KB","PI4KB","452.3333333333333","0.009925642500000002","0.019751065","1.0022E-4","0","0","false","0","PI4KB","0"
"0.0","0.0","0.0","0.0","0","3","3","false","IQCC","IQCC","230.33333333333334","0.0014796643355393779","8.27266710787558E-5","0.002876602","0","0","false","0","IQCC","0"
"0.0","0.0","0.0","0.0","0","6","6","false","THEM4","THEM4","286.8333333333333","0.0042149095","3.30907E-4","0.008098912","0","0","false","0","THEM4","0"
"0.0","0.0","0.0","0.0","0","2","2","false","SH3KBP1","SH3KBP1","139.0","2.50551E-4","0.0","5.01102E-4","0","0","false","0","SH3KBP1","0"
"0.0","0.0","0.0","0.0","0","1","1","false","ZNF622","ZNF622","544.0","0.0019087895","0.003817579","0.0","0","0","false","0","ZNF622","0"
"0.0","0.0","0.0","0.08333333333333333","0","4","4","false","ABRA","ABRA","639.75",,,"0.009955419","0","0","false","0","ABRA","0"
"0.0","0.0","0.0","0.16666666666666666","0","3","3","false","MEPCE","MEPCE","580.6666666666666","0.0021219763355393778","8.27266710787558E-5","0.004161226","0","0","false","0","MEPCE","0"
"0.0","0.0","0.0","0.0","0","5","5","false","ZNF618","ZNF618","247.8",,,"8.01764E-4","0","0","false","0","ZNF618","0"
"0.0","0.0","0.0","0.0","0","2","2","false","ZNF697","ZNF697","377.0","2.831675E-4","1.65453E-4","4.00882E-4","0","0","false","0","ZNF697","0"
"0.0","0.0","0.0","0.0","0","1","1","false","LCA5L","LCA5L","573.0",,,"0.0","0","0","false","0","LCA5L","0"
"0.0","0.0","0.0","0.0","0","3","3","false","PWWP3B","PWWP3B","169.33333333333334","6.40315E-4","5.79087E-4","7.01543E-4","0","0","false","0","PWWP3B","0"
"0.0","0.0","0.0","0.0","0","2","2","false","IL34","IL34","144.5",,,"4.00882E-4","0","0","false","0","IL34","0"
"0.0","0.0","0.0","0.0","0","1","1","false","CCT5","CCT5","400.0",,"2.4818E-4",,"0","0","false","0","CCT5","0"
"0.0","0.0","0.0","0.0","0","2","2","false","KAT6B","KAT6B","223.5",,,"5.01102E-4","0","0","false","0","KAT6B","0"
"0.0","0.0","0.0","0.0","0","4","4","false","EIF2AK3","EIF2AK3","258.25","0.0076383630000000004","0.011197478","0.004079248","0","0","false","0","EIF2AK3","0"
"0.0","0.0","0.0","0.0","0","1","1","false","BDP1","BDP1","135.0","8.27265E-5","1.65453E-4","0.0","0","0","false","0","BDP1","0"
"0.0","0.0","0.0","0.0","0","1","1","false","C11orf24","C11orf24","544.0","4.136335E-4","8.27267E-4","0.0","0","0","false","0","C11orf24","0"
"0.0","0.0","0.0","0.08333333333333333","0","4","4","false","NFS1","NFS1","485.25",,,"0.004562108","0","0","false","0","NFS1","0"
"0.0","0.0","0.0","0.0","0","1","1","false","PDLIM5","PDLIM5","71.0","0.0013474","0.00259458","1.0022E-4","0","0","false","0","PDLIM5","0"
"0.0","0.0","0.0","0.0","0","1","1","false","PSMA5","PSMA5","835.0",,"9.09993E-4",,"0","0","false","0","PSMA5","0"
"0.0","0.0","0.0","0.0","0","2","2","false","FBXL18","FBXL18","406.5",,,"0.002074838","0","0","false","0","FBXL18","0"
"0.0","0.0","0.0","0.16666666666666666","0","3","3","false","CENPC","CENPC","691.0","0.001880172","0.0","0.003760344","0","0","false","0","CENPC","0"
"0.0","0.0","0.0","0.0","0","4","4","false","MPPE1","MPPE1","318.0","1.8294699999999998E-4","1.65453E-4","2.00441E-4","0","1","false","0","MPPE1","0"
"0.0","0.0","0.0","0.0","0","3","3","false","RNF139","RNF139","282.3333333333333","0.0034648045","0.003652125","0.003277484","0","0","false","0","RNF139","0"
"0.0","0.0","0.0","0.0","0","1","1","false","SNIP1","SNIP1","209.0","0.015673221","0.031045781","3.00661E-4","0","0","false","0","SNIP1","0"
"0.0","0.0","0.0","0.0","0","2","2","false","PPM1D","PPM1D","354.5","5.337185E-4","1.65453E-4","9.01984E-4","0","0","false","0","PPM1D","0"
"0.0","0.0","0.0","0.0","0","2","2","false","SOCS6","SOCS6","354.5","6.164455E-4","3.30907E-4","9.01984E-4","0","0","false","0","SOCS6","0"
"0.0","0.0","0.0","0.0","0","3","3","false","LIMS1","LIMS1","590.0","0.0073377015","0.011197478","0.003477925","0","0","false","0","LIMS1","0"
"0.0","0.0","0.0","0.16666666666666666","0","3","3","false","RUSC2","RUSC2","535.0",,"0.008873698",,"0","0","false","0","RUSC2","0"
"0.0","0.0","0.0","0.03333333333333333","0","6","6","false","NCAPD3","NCAPD3","274.3333333333333","0.0062896625","4.13633E-4","0.012165692","0","0","false","0","NCAPD3","0"
"0.0","0.0","0.0","0.15","0","5","5","false","RHOB","RHOB","523.0","0.006569081","2.4818E-4","0.012889982","0","0","false","0","RHOB","0"
"0.0","0.0","0.0","0.0","0","5","5","false","VIPAS39","VIPAS39","207.8",,,"0.006625397","0","0","false","0","VIPAS39","0"
"0.0","0.0","0.0","0.0","0","2","2","false","ZC3H6","ZC3H6","174.0","3.921348355393779E-4","8.27266710787558E-5","7.01543E-4","0","0","false","0","ZC3H6","0"
"0.0","0.0","0.0","0.0","0","2","2","false","ARNT","ARNT","315.0","0.0011376395","0.0","0.002275279","0","0","false","0","ARNT","0"
"0.0","0.0","0.0","0.0","0","3","3","false","MCL1","MCL1","219.33333333333334","3.24531E-4","2.4818E-4","4.00882E-4","0","0","false","0","MCL1","0"
"0.0","0.0","0.0","0.0","0","3","3","false","VGLL2","VGLL2","467.0",,,"0.001002205","0","0","false","0","VGLL2","0"
"0.0","0.0","0.0","0.0","0","2","2","false","LMOD1","LMOD1","192.0","4.8123700000000003E-4","6.61813E-4","3.00661E-4","0","0","false","0","LMOD1","0"
"0.0","0.0","0.0","0.023809523809523808","0","8","8","false","DIPK2B","DIPK2B","345.14285714285717",,,"0.014375965","0","1","false","0","DIPK2B","0"
"0.0","0.0","0.0","0.08333333333333333","0","4","4","false","MAT2A","MAT2A","639.75","0.0049777095","0.0","0.009955419","0","0","false","0","MAT2A","0"
"0.0","0.0","0.0","0.0","0","2","2","false","DOK3","DOK3","173.5",,,"3.00661E-4","0","0","false","0","DOK3","0"
"0.0","0.0","0.0","0.0","0","3","3","false","LIMA1","LIMA1","301.0","9.14733355393779E-5","8.27266710787558E-5","1.0022E-4","0","0","false","0","LIMA1","0"
"0.0","0.0","0.0","0.25","0","4","4","false","RANBP10","RANBP10","537.25","0.008737168","0.003983032","0.013491304","0","0","false","0","RANBP10","0"
"0.0","0.0","0.0","0.0","0","2","2","false","PRPH2","PRPH2","394.0","5.814575E-4","6.61813E-4","5.01102E-4","0","0","false","0","PRPH2","0"
"0.0","0.0","0.0","0.0","0","1","1","false","LCLAT1","LCLAT1","544.0","0.0126632455","0.025326491","0.0","0","0","false","0","LCLAT1","0"
"0.0","0.0","0.0","0.0","0","3","3","false","C18orf25","C18orf25","451.3333333333333","4.5736750000000004E-4","4.13633E-4","5.01102E-4","0","0","false","0","C18orf25","0"
"0.0","0.0","0.0","0.0","0","1","1","false","HOOK3","HOOK3","544.0","4.13633355393779E-5","8.27266710787558E-5","0.0","0","0","false","0","HOOK3","0"
"3.9615272515301663","4.0032357974703645","0.2524278987639788","4.913946018505202E-4","9","409","3","false","SPEN","SPEN","7.200488997555012","0.7462092175","0.526011859","0.966406576","406","0","false","0","SPEN","341251563"
"0.0","0.0","0.0","0.16666666666666666","0","3","3","false","SLC25A4","SLC25A4","529.0","0.0040646070000000005","5.79087E-4","0.007550127","0","0","false","0","SLC25A4","0"
"0.0","0.0","0.0","0.0","0","5","5","false","PPOX","PPOX","309.2","0.0027891335","8.27267E-4","0.004751","0","0","false","0","PPOX","0"
"0.0","0.0","0.0","0.0","0","2","2","false","TBK1","TBK1","425.0","0.007881858","0.015362834","4.00882E-4","0","0","false","0","TBK1","0"
"0.0","0.0","0.0","0.0","0","4","4","false","HLX","HLX","370.5","9.14733355393779E-5","8.27266710787558E-5","1.0022E-4","0","0","false","0","HLX","0"
"0.0","0.0","0.0","0.2","0","5","5","false","TRIM8","TRIM8","618.4","0.0160391155","0.003486672","0.028591559","0","0","false","0","TRIM8","0"
"0.0","0.0","0.0","0.0","0","4","4","false","CKMT2-AS1","CKMT2-AS1","520.0","8.256334999999999E-4","2.4818E-4","0.001403087","0","0","false","0","CKMT2-AS1","0"
"0.0","0.0","0.0","0.0","0","1","1","false","CRTC3","CRTC3","223.0",,,"1.0022E-4","0","0","false","0","CRTC3","0"
