GeneSym,ENCODE_2015,Pinar_2025,any
C12orf73,0,NA,0
ENSG00000286658.1,NA,NA,0
PRSS43P,NA,NA,0
SARNP,1,NA,1
PSMB10,1,NA,1
ENSG00000286861.1,NA,NA,0
ENSG00000287737.2,NA,NA,0
PRR13,1,NA,1
CRYGS,0,NA,0
ENSG00000288597.1,NA,NA,0
ENSG00000288187.1,NA,NA,0
ENSG00000288924.1,NA,NA,0
GIMAP1,0,NA,0
F8A1,0,NA,0
C8orf82,0,NA,0
KANSL1-AS1,NA,NA,0
MRPL23,1,NA,1
ZSWIM7,1,NA,1
ENSG00000268575.1,NA,NA,0
LINC00863,NA,NA,0
TPI1P1,NA,NA,0
ENSG00000271420.1,NA,NA,0
ENSG00000226833.7,NA,NA,0
AAAS,1,NA,1
ENSG00000272335.1,NA,NA,0
SLC35E4,1,NA,1
ZNF595,1,NA,1
TAPBP,0,NA,0
IL2RB,1,NA,1
PTCD1,1,NA,1
RAB3D,0,NA,0
ZNF862,1,NA,1
ENSG00000235859.5,NA,NA,0
GET4,1,NA,1
LINC01138,NA,NA,0
TIA1,1,NA,1
PI4KA,1,NA,1
ATP5PO,NA,NA,0
ACY1,1,NA,1
MRPL20,1,NA,1
UBE2V1,1,NA,1
LRRC77P,NA,NA,0
CIAPIN1,1,NA,1
OIP5-AS1,1,NA,1
ALAS1,1,NA,1
STRAP,1,NA,1
ENSG00000251364.8,NA,NA,0
ENSG00000279453.1,NA,NA,0
ENSG00000279744.1,NA,NA,0
LINC02761,NA,NA,0
BCDIN3D-AS1,NA,NA,0
ENSG00000279833.1,NA,NA,0
C5orf22,0,NA,0
ENSG00000280214.1,NA,NA,0
THTPA,0,NA,0
SMAP2,1,NA,1
MRPL46,1,NA,1
ENSG00000280285.1,NA,NA,0
FIGNL1,1,NA,1
AK6,NA,NA,0
STARD3,1,NA,1
ENSG00000260274.1,NA,NA,0
NUDC,1,NA,1
OVCA2,1,NA,1
KIF16B,1,NA,1
GTF2IP12,NA,NA,0
ENSG00000261303.6,NA,NA,0
SMPX,0,NA,0
MRPL12,1,NA,1
PHF21A,1,NA,1
SNU13,NA,NA,0
ENSG00000285108.1,NA,NA,0
MRPS18A,1,NA,1
ARFRP1,1,NA,1
ST8SIA5-DT,NA,NA,0
PSMA7,1,NA,1
MDC1,1,NA,1
PSMD7,1,NA,1
NCBP2AS2,NA,NA,0
ENSG00000285781.1,NA,NA,0
EIF3J,1,NA,1
ARL3,1,NA,1
AAGAB,1,NA,1
DMAC2,NA,NA,0
CA2,0,NA,0
ENSG00000288162.1,NA,NA,0
SYNPO2L-AS1,NA,NA,0
CIC,1,1,1
CCDC47,1,NA,1
LINC02371,NA,NA,0
INTS3,1,NA,1
CISD3,1,NA,1
MTCH2,1,NA,1
SCRN3,1,NA,1
HSPA9,1,NA,1
COX7A2,1,NA,1
MAPKAPK3,1,NA,1
ZMYM3,1,NA,1
MRPL3,1,NA,1
MRM1,1,NA,1
SNX17,1,NA,1
SEMA3G,0,NA,0
COX7A2L,1,NA,1
CNPPD1,1,NA,1
ENSG00000279207.1,NA,NA,0
SBNO2,1,NA,1
RPF1,1,NA,1
WDR77,1,NA,1
ATP6V0B,1,NA,1
ENSG00000286162.3,NA,NA,0
IPO13,1,NA,1
ZC3H15,1,NA,1
PFKP,0,NA,0
TCP1,1,NA,1
ELP6,1,NA,1
ATG101,1,NA,1
CCDC112,1,NA,1
RAD54L2,0,NA,0
SNRPB2,1,NA,1
MTRR,1,NA,1
DUS4L-BCAP29,NA,NA,0
ATP1B3,1,NA,1
NCLN,1,NA,1
ZXDC,0,NA,0
MRPS26,1,NA,1
CANX,1,NA,1
JMJD7-PLA2G4B,1,NA,1
TOMM40,1,NA,1
THEM6,1,NA,1
COX4I1,1,NA,1
JMJD6,1,NA,1
PSME3,1,NA,1
POMP,1,NA,1
SELENOS,NA,NA,0
PUM3,NA,NA,0
TCEAL4,0,NA,0
ZNF586,0,NA,0
BOLA1,1,NA,1
TBRG4,1,NA,1
KLC4,1,NA,1
NT5DC1,1,NA,1
ICAM1,1,NA,1
NUP50,1,NA,1
SH2D3C,1,NA,1
NECAP1,1,NA,1
DPP9,1,NA,1
HNRNPC,1,NA,1
ZNF787,1,NA,1
PFDN2,1,NA,1
CBARP,NA,NA,0
MRPS5,1,NA,1
APOL1,1,NA,1
CHAC2,1,NA,1
CYP4F12,1,NA,1
NDUFS6,1,NA,1
AGAP4,0,NA,0
PNN,1,NA,1
ALDH1L1,1,NA,1
COMMD10,1,NA,1
RBBP8,1,NA,1
NTMT1,1,NA,1
EIF3M,1,NA,1
MAGT1,0,NA,0
SUV39H2,1,NA,1
LIME1,1,NA,1
NDRG1,1,NA,1
DPH3,1,NA,1
ATP6V0D1,1,NA,1
GPATCH4,1,NA,1
SEC61B,1,NA,1
CASZ1,1,NA,1
PSMD6,1,NA,1
NFIB,0,NA,0
CCNL2,1,NA,1
UNC5B,1,NA,1
METTL13,1,NA,1
MAP3K8,1,NA,1
NDUFB8,1,NA,1
ENSG00000234338.1,NA,NA,0
SAFB,1,NA,1
MFF,0,NA,0
LINC01119,NA,NA,0
UGP2,1,NA,1
JADE2,1,1,1
HAUS5,1,NA,1
FAM86JP,NA,NA,0
SEMA6A-AS1,NA,NA,0
COMMD1,1,NA,1
RBM25,1,NA,1
ALG2,1,NA,1
CYCS,1,NA,1
FLYWCH1,1,NA,1
CORO1C,1,1,1
PPP1R14B,1,NA,1
DCTN2,0,NA,0
ENSG00000260855.1,NA,NA,0
GNG5,1,NA,1
CLTB,1,NA,1
CKAP5,1,NA,1
CSTF3,1,NA,1
AURKAIP1,1,NA,1
ZNF594-DT,NA,NA,0
RNGTT,1,NA,1
CDC26,1,NA,1
ENSG00000177359.21,NA,NA,0
TALDO1,1,NA,1
MRFAP1,1,NA,1
COQ10B,1,NA,1
FRG1HP,NA,NA,0
UPP1,1,NA,1
APOO,1,NA,1
IL1R1,0,NA,0
SEMA4A,1,NA,1
RNA5-8SN1,NA,NA,0
ENSG00000285803.1,NA,NA,0
FAM3C,1,NA,1
STX12,1,NA,1
RPF2,1,NA,1
TGM1,0,NA,0
FITM2,1,NA,1
TAF13,1,NA,1
PFDN6,0,NA,0
MEF2A,1,NA,1
GPR75,0,NA,0
NR4A3,1,NA,1
CPT1B,0,NA,0
HEBP1,0,NA,0
SMNDC1,1,NA,1
DNAJC27-AS1,1,NA,1
HDAC10,0,NA,0
SAMM50,1,NA,1
NCAPH2,1,NA,1
LINC00327,0,NA,0
HSBP1,1,NA,1
ENSG00000235288.3,NA,NA,0
MRI1,1,NA,1
ARHGAP5,1,NA,1
HOXA11-AS,0,NA,0
PARP3,1,NA,1
TMEM250,NA,1,1
CEP192,1,NA,1
PGAM5,1,NA,1
CDADC1,1,NA,1
DTNBP1,1,NA,1
CHKB-CPT1B,1,NA,1
MAILR,NA,NA,0
CROCC,0,NA,0
TAGAP-AS1,NA,NA,0
ROGDI,1,NA,1
AP3M2,1,NA,1
ARPP19,1,NA,1
GABARAPL1,1,NA,1
AGBL1,0,NA,0
ENSG00000281571.2,NA,NA,0
RPS4Y1,1,NA,1
NGDN,1,NA,1
DHX58,1,NA,1
SMARCD2,1,NA,1
ENSG00000283175.1,NA,NA,0
ARPC1B,1,NA,1
ENSG00000288849.1,NA,NA,0
ZNF346,1,NA,1
SMARCD3,0,NA,0
DYRK3,1,NA,1
RIPOR3,NA,NA,0
ZMYM5,1,NA,1
MAPKAPK5,1,NA,1
LOXL2,0,NA,0
NDST1,1,NA,1
SLC38A2,1,NA,1
MACROH2A2,NA,NA,0
PPP4R1L,0,NA,0
XRCC3,1,NA,1
RBBP9,1,NA,1
PNPLA8,1,NA,1
TNRC6A,1,NA,1
POT1,1,NA,1
CHD8,1,NA,1
KIF3A,0,NA,0
RNF144B,1,NA,1
PIM1,1,NA,1
DTWD1,1,NA,1
RGS9,1,NA,1
THBS1,1,NA,1
ATG2A,1,NA,1
TPM4,1,NA,1
TPO,0,NA,0
SERF2,1,NA,1
NAB2,1,NA,1
TLNRD1,NA,NA,0
CDC42EP5,0,NA,0
KCNC4,1,NA,1
ESCO1,1,NA,1
PPM1H,1,NA,1
SH3GL1,1,NA,1
C2CD5,1,NA,1
BCL10,1,NA,1
TERF1,0,NA,0
FAM120B,1,NA,1
ARHGEF11,0,NA,0
CCN1,NA,1,1
ADAM15,1,NA,1
GPR17,0,NA,0
CETN3,1,NA,1
FANCL,1,NA,1
GUK1,1,NA,1
STOM,1,NA,1
PRDM8,1,NA,1
PITPNC1,1,NA,1
PCYOX1L,1,NA,1
STX16,1,NA,1
SMG1,1,NA,1
ANKRD9,1,NA,1
LUC7L2,1,NA,1
CCDC28B,1,NA,1
TRIM66,0,NA,0
SRSF2,1,NA,1
UCK1,1,NA,1
LRRC38,0,NA,0
EIF4A1,1,NA,1
VCAM1,1,NA,1
ATF3,1,1,1
PNP,1,NA,1
PLEKHA7,1,NA,1
TEX2,1,NA,1
PHF8,1,NA,1
RGS14,1,NA,1
CLIC1,0,NA,0
ZC3H12A,1,NA,1
SLN,0,NA,0
AMIGO3,1,NA,1
NOS3,0,NA,0
ZNF483,0,NA,0
GEM,1,NA,1
RHOF,1,1,1
OTUD1,1,NA,1
SAMD12,1,NA,1
AQP3,1,NA,1
ZMYND19,0,NA,0
ENSG00000244998.1,NA,NA,0
CCDC66,1,NA,1
NDST2,1,NA,1
HOXC9,0,NA,0
AMIGO1,1,NA,1
WASH6P,NA,NA,0
PPOX,1,NA,1
SLC27A3,1,NA,1
TUBA1A,1,NA,1
HMCN1,0,NA,0
JAG2,1,NA,1
PRPF39,1,NA,1
ZSCAN30,1,NA,1
GP1BA,1,NA,1
ENSG00000272512.1,NA,NA,0
ZNF74,1,NA,1
PPIP5K2,0,NA,0
MAT2A,1,NA,1
ENSG00000279196.1,NA,NA,0
LINC00265,1,NA,1
POC5,1,NA,1
COMMD5,1,NA,1
TMEM63A,1,NA,1
LINC02210,NA,NA,0
SCAND1,1,NA,1
RSL1D1,1,NA,1
C20orf204,NA,NA,0
DRAM2,1,NA,1
ZNF628,1,NA,1
BCL2L1,1,NA,1
EIF2AK3,1,NA,1
BSG,1,NA,1
CEBPB,1,NA,1
ASPH,1,NA,1
ABRA,0,NA,0
FUT1,0,NA,0
AP1G2,1,NA,1
ENSG00000250575.1,NA,NA,0
FOSL1,1,NA,1
PHYKPL,0,NA,0
ENSG00000256694.1,NA,NA,0
PPP1R32,1,NA,1
SPHK1,1,NA,1
TTTY14,0,NA,0
DLGAP1-AS1,NA,NA,0
HFM1,0,NA,0
C2orf69,0,NA,0
GPR155,1,NA,1
NAP1L5,0,NA,0
ENSG00000226281.5,NA,NA,0
5_8S_rRNA,NA,NA,0
PPP1R27,1,NA,1
LINC01359,NA,NA,0
CHST15,1,NA,1
USP49,1,NA,1
RNA5-8SN3,NA,NA,0
RBM12B,1,NA,1
RNA5-8SN5,NA,NA,0
AP3M1,1,NA,1
CCAR1,1,NA,1
GBX1,0,NA,0
RNA5-8SN4,NA,NA,0
PIP5K1C,0,NA,0
RNA5-8SN2,NA,NA,0
DEPP1,NA,NA,0
ENSG00000284391.1,NA,NA,0
ENSG00000237094.12,NA,NA,0
CEP295,NA,NA,0
SRSF10,1,NA,1
CEP57,1,NA,1
AMACR,1,NA,1
TSC22D2,1,NA,1
EGFL8,0,NA,0
STXBP4,1,NA,1
SNCB,0,NA,0
TMEM68,1,NA,1
BATF2,1,NA,1
COX20,1,NA,1
BZW1,1,NA,1
GPX3,1,NA,1
TRIM56,1,NA,1
KIAA0100,1,NA,1
EIF3I,1,NA,1
SELENOH,NA,NA,0
PDE7B,0,NA,0
ENSG00000272316.1,NA,NA,0
KRT31,0,NA,0
POP7,1,1,1
GTF2IP13,NA,NA,0
PLEKHG2,1,NA,1
NUTM2B-AS1,NA,NA,0
NMNAT1,1,NA,1
NKAP,1,NA,1
ZDHHC24,1,NA,1
SEC23IP,1,NA,1
SNHG15,1,NA,1
HCG18,1,NA,1
JAK2,1,NA,1
HOGA1,1,NA,1
GK5,1,NA,1
SUMO1,1,NA,1
C1orf127,0,NA,0
ENSG00000283236.1,NA,NA,0
ITGA2-AS1,NA,NA,0
PAAF1,1,NA,1
FAM238C,NA,NA,0
PYROXD2,1,NA,1
ENSG00000255148.2,NA,NA,0
PSMB5,1,NA,1
ENSG00000259948.2,NA,NA,0
ATP6V1D,1,NA,1
ENSG00000288884.1,NA,NA,0
DCTD,1,NA,1
TPM1-AS,NA,NA,0
DVL2,1,NA,1
MAP1LC3A,0,NA,0
RARA-AS1,NA,NA,0
ADCK2,1,NA,1
RORA,0,NA,0
ISCA1,1,NA,1
MIR23AHG,NA,NA,0
FGF9,1,NA,1
WDR97,NA,NA,0
SCYL2,1,NA,1
FLT1,0,NA,0
CHCHD3,1,NA,1
ENSG00000272631.1,NA,NA,0
RAB11A,1,1,1
ENSG00000273599.1,NA,NA,0
CHAMP1,1,NA,1
FCSK,NA,NA,0
SPNS2,1,NA,1
SEC13,1,NA,1
PI4KAP1,0,NA,0
TYW5,1,NA,1
GRWD1,1,NA,1
RBM12B-AS1,1,NA,1
STX1A,1,NA,1
PDAP1,1,NA,1
CDNF,1,NA,1
ENSG00000284024.4,NA,NA,0
MMADHC,1,NA,1
EDF1,1,NA,1
FEZ2,1,NA,1
IL20RB,0,NA,0
UNKL,1,NA,1
RHOG,1,NA,1
LRRC59,1,NA,1
SIVA1,1,NA,1
SLX4,1,NA,1
GSPT2,1,NA,1
WASH3P,1,NA,1
ZNF263,1,NA,1
LCNL1,0,NA,0
ZNF252P,1,NA,1
FOXK1,1,NA,1
SMAP1,1,NA,1
MCM2,1,NA,1
SUB1,1,NA,1
ENSG00000264490.3,NA,NA,0
SRSF8,1,NA,1
KIF22,1,NA,1
HMGB3,0,NA,0
FDFT1,1,NA,1
PGM1,1,NA,1
AGAP9,0,NA,0
MPV17,1,NA,1
ZNF425,1,NA,1
WWC3,0,NA,0
NDUFS7,1,NA,1
SYNJ2BP,1,NA,1
EPAS1,1,NA,1
SLC4A11,0,NA,0
ANKRD24,1,NA,1
FLT3LG,1,NA,1
LINC01341,NA,NA,0
FABP3,1,NA,1
ENSG00000228327.4,NA,NA,0
GUSBP11,1,NA,1
CIRBP,1,NA,1
CCRL2,0,NA,0
PICK1,1,NA,1
PDC-AS1,NA,NA,0
CBX7,1,NA,1
CHST3,1,NA,1
ATP5F1E,NA,NA,0
ZNF879,0,NA,0
AFF4,1,NA,1
CDKL1,1,NA,1
ZNF736,0,NA,0
ENSG00000238035.8,NA,NA,0
AMOT,0,NA,0
SUV39H1,0,NA,0
SEC14L5,1,NA,1
CYB5B,1,NA,1
RAD51-AS1,NA,NA,0
TUBB4A,0,NA,0
FAM13A-AS1,0,NA,0
TMEM245,1,NA,1
DIAPH1,1,NA,1
PDHA1,1,NA,1
PRSS46P,NA,NA,0
RAI2,0,NA,0
RNF128,1,NA,1
XBP1,1,NA,1
LPIN1,1,NA,1
SUN2,1,NA,1
TFEB,1,NA,1
IAH1,1,NA,1
ALKBH1,1,NA,1
CLK4,1,NA,1
ENSG00000277758.6,NA,NA,0
BACE1-AS,0,NA,0
PCCB,1,NA,1
NPHP3,1,NA,1
TFDP2,0,NA,0
AMPD1,0,NA,0
FUCA2,1,NA,1
AGMAT,1,NA,1
NUMBL,1,NA,1
SRSF11,1,NA,1
HCCS,0,NA,0
ACOT2,1,NA,1
ZFAND5,1,NA,1
GGCT,1,NA,1
ZC3H3,1,NA,1
DDX11,1,NA,1
RNF10,1,NA,1
TOMM34,1,NA,1
NSUN2,1,NA,1
ARHGAP6,0,NA,0
KLF3,1,NA,1
CLPTM1L,1,NA,1
MRTO4,1,NA,1
MCUR1,1,NA,1
MON2,1,NA,1
ENSA,1,NA,1
DYNC2I1,NA,NA,0
METTL22,1,NA,1
RAB35,1,NA,1
ISOC1,1,NA,1
MASP1,1,NA,1
ARF1,1,NA,1
HSD17B10,0,NA,0
NFKB2,1,NA,1
SLC25A3,1,NA,1
HSP90AA1,1,NA,1
SRPRB,0,NA,0
SDF4,1,NA,1
CHRNA10,0,NA,0
MUL1,1,NA,1
MRPS30,1,NA,1
CDKN1C,1,NA,1
CTTN,1,NA,1
FH,1,NA,1
OSGEP,1,NA,1
RPA1,1,NA,1
MYO9B,1,NA,1
DESI1,1,NA,1
HES1,1,1,1
TRMU,1,NA,1
DOK5,0,NA,0
ABHD12,1,NA,1
CEBPZ,1,NA,1
HM13,1,NA,1
CMC2,1,NA,1
STX4,1,NA,1
TSNAX,1,NA,1
C19orf44,0,NA,0
PCDH8,0,NA,0
PRUNE2,1,NA,1
CAMSAP2,1,NA,1
CDK5RAP2,1,NA,1
ZPR1,1,NA,1
RAB5C,1,NA,1
DTX4,1,NA,1
HSPA8,1,NA,1
PITPNM1,1,NA,1
SMARCA5,1,NA,1
GPN3,1,NA,1
ATP5F1B,NA,NA,0
MTRF1L,1,NA,1
ATP6V0E1,1,NA,1
MARK1,1,NA,1
IGFBP2,0,NA,0
ATP5PB,NA,NA,0
SATB2,0,1,1
ZDHHC5,1,NA,1
UCHL3,1,NA,1
TMEM214,1,NA,1
TCTN3,1,NA,1
CUTC,1,NA,1
ESYT3,1,NA,1
ENY2,1,NA,1
COPA,1,NA,1
ADAMTSL4,0,NA,0
GTF3A,1,NA,1
NDUFAF4,1,NA,1
ANXA11,1,NA,1
ATAD3B,1,NA,1
RAB9B,0,NA,0
TIMM8A,1,NA,1
NYAP2,0,NA,0
KTN1,1,NA,1
PKMYT1,1,NA,1
HIVEP3,0,NA,0
FAM50B,1,NA,1
MMUT,NA,NA,0
UBA1,1,NA,1
ASB10,0,NA,0
EXOSC2,0,NA,0
CKMT2,1,NA,1
RLIM,1,NA,1
DPH2,1,NA,1
THUMPD3,1,NA,1
EIF4EBP2,1,NA,1
LAMTOR5,1,NA,1
NARS1,NA,NA,0
LRPAP1,1,NA,1
PSMB7,1,NA,1
SMPD4BP,NA,NA,0
GRHPR,1,NA,1
NUBPL,1,NA,1
APTX,1,NA,1
TTLL7,0,NA,0
FDX1,1,NA,1
ABI2,1,NA,1
ABCA6,0,NA,0
PIP4P1,NA,NA,0
SRP14,1,NA,1
FBH1,NA,NA,0
SNRPF,1,NA,1
KIFC3,1,NA,1
MIEN1,1,NA,1
TMEM237,1,NA,1
SLC14A1,0,NA,0
NUDT13,1,NA,1
AKT1,0,NA,0
PRDM15,1,NA,1
ARHGAP36,0,NA,0
DCDC2,1,NA,1
MRPS28,1,NA,1
VLDLR,1,NA,1
C16orf86,0,NA,0
PRDX2,1,NA,1
AOPEP,NA,NA,0
THAP12,NA,NA,0
SLC25A4,1,NA,1
ZYG11B,0,NA,0
ADGRF4,NA,NA,0
SPSB3,1,NA,1
C18orf25,0,NA,0
DDAH1,1,NA,1
CEP112,1,NA,1
ZNF507,1,NA,1
PXYLP1,0,NA,0
SLC16A1,1,NA,1
NPTN,1,NA,1
EIF5B,1,NA,1
NEK10,1,NA,1
MIX23,NA,NA,0
LIMS1,1,NA,1
KIAA1143,1,NA,1
SHKBP1,1,NA,1
DCXR,1,NA,1
KALRN,0,NA,0
SLC25A44,1,NA,1
STX8,1,NA,1
SELENON,NA,NA,0
AFG3L2,1,NA,1
CHCHD4,1,NA,1
STT3B,1,NA,1
FRMD3,1,NA,1
RPTOR,1,NA,1
IL31RA,0,NA,0
ZNF614,1,NA,1
COG5,1,NA,1
CTSB,1,NA,1
RPL36AL,1,NA,1
FUNDC2,1,NA,1
RET,0,NA,0
C16orf91,0,NA,0
RAPSN,0,NA,0
LMO1,0,NA,0
ABTB2,1,NA,1
PPP2R2D,0,NA,0
SCN3B,0,NA,0
TOMM5,1,NA,1
APBB1,0,NA,0
WSB2,0,NA,0
SRRM3,1,NA,1
GLUD1,1,NA,1
TMEM43,1,NA,1
THOP1,1,NA,1
ZNF366,1,NA,1
TUFM,1,NA,1
FAM83B,1,NA,1
ESRRA,1,NA,1
UQCRH,1,NA,1
FKRP,0,NA,0
ATP5MK,NA,NA,0
SPTBN2,1,NA,1
NRROS,1,NA,1
YIF1A,1,NA,1
DRAP1,1,NA,1
MRPS22,1,NA,1
FAM210A,1,NA,1
B3GALT6,1,NA,1
MAMDC4,1,NA,1
CMC4,1,NA,1
ZBTB42,1,NA,1
ABCA5,1,NA,1
COX5A,1,NA,1
KCND3,0,NA,0
TRAK1,1,NA,1
SLC25A18,0,NA,0
MAFA,1,NA,1
MYADML2,0,NA,0
NOC4L,1,NA,1
ADAMTSL5,0,NA,0
CHP1,1,NA,1
FSD2,1,NA,1
RRP7A,1,NA,1
C15orf61,0,NA,0
WDR45,1,NA,1
ENTPD7,0,NA,0
NOC2L,1,NA,1
EIF1AY,0,NA,0
LRRC37A,NA,NA,0
IARS1,NA,NA,0
DENND4B,1,NA,1
GDI1,0,NA,0
ZNF394,1,NA,1
LCAT,1,NA,1
POLE,1,1,1
SLC35B4,1,NA,1
SRA1,1,1,1
SLC35F6,1,NA,1
NDUFS3,1,NA,1
ENTPD4,1,NA,1
WSCD1,0,NA,0
SMTNL1,0,NA,0
ZBED1,0,NA,0
CITED4,1,NA,1
PHB2,1,1,1
MARCHF5,NA,NA,0
NUTM2A-AS1,NA,NA,0
PRF1,0,NA,0
UCN,1,NA,1
ANKRD28,1,NA,1
GLRX5,1,NA,1
ITIH4-AS1,NA,NA,0
AQP1,0,NA,0
ZNF623,1,NA,1
ARPC4,1,NA,1
RPLP0P2,0,NA,0
MGC16275,0,NA,0
DSTNP2,0,NA,0
ENSG00000248538.9,NA,NA,0
TMEM158,0,NA,0
ENSG00000252690.3,NA,NA,0
TEDC1,NA,NA,0
ENSG00000257252.6,NA,NA,0
DANCR,1,NA,1
BOP1,1,NA,1
ERVK13-1,0,NA,0
USP54,1,NA,1
LINC02185,NA,NA,0
BOLA2-SMG1P6,NA,NA,0
NNMT,1,NA,1
NFE2L1-DT,NA,NA,0
RRAD,1,NA,1
RGS9BP,1,NA,1
OST4,1,NA,1
TIMM23,1,NA,1
ENSG00000272789.1,NA,NA,0
CYFIP1,1,NA,1
ENSG00000272918.1,NA,NA,0
PLIN4,0,NA,0
ORAI1,1,NA,1
NATD1,0,NA,0
TGFB2-AS1,NA,NA,0
ENSG00000284747.1,NA,NA,0
ENSG00000288832.1,NA,NA,0
ENSG00000286067.1,NA,NA,0
SEMA3F,0,NA,0
CDKN2AIP,1,NA,1
ZBED5,1,NA,1
SP3,1,NA,1
RBM5,1,NA,1
FLNC-AS1,NA,NA,0
COL4A6,1,NA,1
MEF2C-AS1,NA,NA,0
FBXL3,1,NA,1
NPIPB12,NA,NA,0
CREBBP,0,NA,0
NUDT16,1,NA,1
MAP3K2,0,NA,0
ARHGAP44,0,NA,0
GTF2IRD1,1,NA,1
HNRNPA3,1,NA,1
AASS,0,NA,0
EMSY-DT,NA,NA,0
CYTH3,1,NA,1
FAM229B,1,NA,1
ANOS1,NA,NA,0
LDAF1,NA,NA,0
MATR3,1,NA,1
COPRS,1,NA,1
C1QTNF9B,0,NA,0
PIAS1,1,NA,1
SLC48A1,0,NA,0
COPS9,NA,NA,0
MIR133A1HG,NA,NA,0
ARID1B,1,NA,1
ENSG00000272447.1,NA,NA,0
ENSG00000272384.1,NA,NA,0
CDK17,1,NA,1
KMT2C,1,NA,1
VCPIP1,1,NA,1
SRP72,1,NA,1
BICRA,NA,NA,0
CTSA,1,NA,1
ENSG00000277196.4,NA,NA,0
VPS35,1,NA,1
DHRS11,1,NA,1
TGFBR3,0,1,1
ENSG00000279164.1,NA,NA,0
OSBPL3,1,NA,1
UBE2D1,0,NA,0
GRAMD4,0,NA,0
NT5C2,1,NA,1
AMPH,1,NA,1
TOP2B,1,NA,1
ADCY2,0,NA,0
MCCC1,1,NA,1
ENSG00000287059.1,NA,NA,0
PPP2R5C,0,NA,0
ITCH,1,NA,1
SELENOP,NA,NA,0
SAR1A,1,NA,1
PHLPP1,1,NA,1
ULK2,1,NA,1
WBP11,1,NA,1
C1orf112,0,NA,0
ARHGAP33,0,NA,0
RPUSD1,1,NA,1
NOS2,0,NA,0
ADAM22,1,NA,1
DNAJC11,1,NA,1
CELSR3,1,NA,1
MAVS,1,NA,1
CYB561,1,NA,1
NCAPD2,1,NA,1
C17orf113,NA,NA,0
HEATR5B,1,NA,1
LARS2,1,NA,1
SNAP23,1,NA,1
IFFO1,1,NA,1
POLA2,1,NA,1
IKZF5,1,NA,1
RFFL,1,NA,1
ABCC2,1,NA,1
ZDHHC6,1,NA,1
UBR2,1,NA,1
WASHC2A,NA,NA,0
ABL1,1,1,1
RANBP3,1,NA,1
IZUMO4,1,NA,1
SH3YL1,1,NA,1
ASTE1,1,NA,1
SF3A1,1,NA,1
TUBG2,1,NA,1
TFIP11,1,NA,1
XK,0,NA,0
OFD1,1,NA,1
DDX17,1,NA,1
LTBP1,0,NA,0
HMOX1,1,NA,1
TOM1,1,NA,1
SNW1,1,NA,1
MSMO1,1,NA,1
BRD1,0,NA,0
TARBP1,1,NA,1
DICER1,1,NA,1
TRAF1,1,NA,1
DHRS7,1,NA,1
ZNF112,1,NA,1
DIDO1,1,NA,1
TM7SF3,1,NA,1
MED29,1,NA,1
RFXANK,1,NA,1
LITAF,1,NA,1
NTHL1,1,NA,1
ENSG00000287978.1,NA,NA,0
GOLGA5,1,NA,1
SMARCA1,1,NA,1
ATXN3,1,NA,1
ATP1B4,0,NA,0
STOML1,1,NA,1
SLC7A6,1,NA,1
LAS1L,1,NA,1
SEL1L,1,NA,1
FBXO31,1,NA,1
FRMPD1,0,NA,0
SIDT1,1,NA,1
MRPS34,1,NA,1
GSDMB,0,NA,0
BCS1L,1,NA,1
MED26,1,NA,1
HTT,1,NA,1
NFYA,1,NA,1
ALDH3B1,1,NA,1
ANKRD27,1,NA,1
FAM76B,1,NA,1
BBC3,1,NA,1
PMS2P1,1,NA,1
HPN,1,NA,1
PALS2,NA,NA,0
ITSN2,1,NA,1
SLC35C2,1,NA,1
HBP1,1,NA,1
WASL,1,NA,1
MASP2,1,NA,1
H2AZ2,NA,NA,0
RBL1,1,NA,1
UBE2R2,1,NA,1
EIF4H,1,1,1
SEMA5B,0,NA,0
PDLIM1,1,1,1
CAD,1,NA,1
MKS1,1,NA,1
PILRA,0,NA,0
MED13,1,NA,1
ALG6,1,NA,1
ATXN7L3,1,NA,1
EPB41L1,0,NA,0
EDEM2,1,NA,1
COQ9,1,NA,1
C3orf18,0,NA,0
HIPK3,1,NA,1
PRDM11,0,NA,0
ZNF302,1,NA,1
USP48,1,NA,1
CC2D1A,1,NA,1
NUP98,1,NA,1
CEP85L,1,NA,1
ALDH2,1,NA,1
TBC1D2,1,NA,1
FBXL19,1,NA,1
ERBIN,NA,NA,0
SPDL1,1,NA,1
GGT1,1,NA,1
PRPF4B,1,NA,1
PPIL2,1,NA,1
MFNG,1,NA,1
CEP72,0,NA,0
PPM1F,0,NA,0
CERT1,NA,NA,0
RAD51,1,NA,1
DEPDC5,1,NA,1
GHR,0,NA,0
GGA1,1,NA,1
TTC17,1,NA,1
TCERG1,1,NA,1
CHKB,1,NA,1
L3MBTL2,1,NA,1
XRN1,1,NA,1
SYNGR1,0,NA,0
PLEKHH1,1,NA,1
CBLB,1,NA,1
STK4,1,NA,1
HDAC7,1,NA,1
NDRG3,1,NA,1
CLIP4,1,NA,1
NCL,1,NA,1
FHL2,0,NA,0
PORCN,0,NA,0
SF3B1,1,NA,1
KIF3B,1,NA,1
NUP93,1,NA,1
BIRC6,1,NA,1
ZNF629,1,NA,1
SRSF4,1,NA,1
DHODH,1,NA,1
FGF22,0,NA,0
CENPT,1,NA,1
CTH,1,NA,1
RNF19B,1,NA,1
ZNF821,1,NA,1
TSC2,1,NA,1
MTR,1,NA,1
PALS1,NA,NA,0
DMXL2,1,NA,1
KIAA0040,1,NA,1
IGDCC4,1,1,1
DNAJC17,1,NA,1
RNF103,1,NA,1
KLF9,1,NA,1
ZNF784,1,NA,1
GDA,0,NA,0
HOXA9,0,1,1
NPC2,1,NA,1
HSDL2,1,NA,1
ECH1,1,NA,1
STX10,1,NA,1
ALDH6A1,1,NA,1
AVPI1,1,1,1
FAM32A,1,NA,1
SOX6,0,NA,0
RBM12,1,NA,1
MTERF2,1,NA,1
ILVBL,1,NA,1
AKAP1,1,NA,1
YJU2,NA,NA,0
TNFRSF8,1,NA,1
ZNF211,1,NA,1
DNMT3B,1,NA,1
CAPS,1,NA,1
ETFB,1,NA,1
COIL,1,NA,1
HOXA6,1,NA,1
ZC3H7A,1,NA,1
NT5C3A,1,NA,1
TBC1D13,1,NA,1
BICC1,0,NA,0
SMU1,1,NA,1
NLN,1,NA,1
IFT81,1,NA,1
AGO1,0,NA,0
GBF1,1,NA,1
FAM210B,1,NA,1
FAM124B,0,NA,0
RAPGEFL1,1,NA,1
KAT2A,1,NA,1
TCF4,0,NA,0
AHNAK,1,NA,1
ERMP1,1,NA,1
ZDHHC8,0,NA,0
ENSG00000260805.2,NA,NA,0
DNAJC4,1,NA,1
SC5D,1,NA,1
FOXRED1,1,NA,1
MAX,1,NA,1
DCPS,1,NA,1
RBFOX2,1,NA,1
PRPF40B,1,NA,1
TPTEP1,1,NA,1
NAA40,1,NA,1
DOCK4,1,NA,1
MVK,1,NA,1
TRIM28,1,NA,1
ENSG00000267385.1,NA,NA,0
PNPLA7,1,1,1
NFKBIA,1,1,1
ZC3H4,1,NA,1
GUCA1B,1,NA,1
SEMA5A,0,NA,0
SESN2,1,NA,1
CUL9,1,NA,1
SLC6A6,1,NA,1
ACAP2,1,NA,1
PRKAA1,1,NA,1
PEX5L,1,NA,1
HEMK1,1,NA,1
NME3,1,NA,1
CTCF,1,NA,1
INO80D,1,NA,1
FAHD2A,1,NA,1
KHDC4,NA,NA,0
LMAN2L,1,NA,1
BTG1,1,NA,1
ELMOD3,1,NA,1
TTC31,1,NA,1
SLC25A12,1,NA,1
ARNTL,0,NA,0
WRAP73,1,NA,1
TCEANC2,1,NA,1
SCAMP3,1,NA,1
PUM1,1,NA,1
ENSG00000278330.1,NA,NA,0
WDR36,1,NA,1
ARRDC2,1,NA,1
PDGFRA,0,NA,0
GON4L,1,NA,1
ATP13A1,1,NA,1
PIK3R3,1,1,1
RC3H1,0,NA,0
RPA2,1,NA,1
DYNC1LI2,1,1,1
MAN1C1,1,NA,1
EPC2,1,NA,1
RCN2,1,NA,1
WDR91,0,NA,0
TXNDC12,1,NA,1
TBC1D4,1,NA,1
PWP1,1,NA,1
HOXA13,0,NA,0
ENSG00000286367.1,NA,NA,0
TMEM106B,1,NA,1
NUDT15,1,NA,1
TM6SF1,1,NA,1
FKTN,1,NA,1
ALDH8A1,0,NA,0
SENP5,1,NA,1
CPSF3,1,NA,1
GLE1,1,NA,1
ANP32B,1,NA,1
CREBZF,1,NA,1
DNMT3A,1,NA,1
TMEM63B,1,NA,1
UNC13C,0,NA,0
MTMR4,1,NA,1
CASC3,1,NA,1
NDUFAB1,1,NA,1
CDK5RAP3,1,NA,1
RNF170,1,NA,1
TNFSF10,1,NA,1
SLC44A5,0,NA,0
ASNSD1,1,NA,1
PLCE1,1,NA,1
FAM214B,0,NA,0
SLC40A1,0,NA,0
COX10,1,NA,1
CHRNA1,0,NA,0
STIM2,1,NA,1
RPAP2,1,NA,1
CNOT6L,1,NA,1
UQCRC1,1,NA,1
NUP54,1,NA,1
ACCS,1,NA,1
G0S2,1,NA,1
SMUG1,0,NA,0
GUCD1,1,NA,1
BTN2A2,0,NA,0
ZNF576,1,NA,1
PPP5C,1,NA,1
B4GALNT3,0,NA,0
MRS2,1,NA,1
OGFOD2,1,NA,1
RNF185,1,NA,1
SIRT5,1,NA,1
ABCC10,1,NA,1
FGD4,0,NA,0
OAS3,1,NA,1
NUDCD3,1,NA,1
UNC5CL,1,NA,1
OARD1,1,NA,1
PTGR2,1,NA,1
NDUFS1,1,NA,1
CUL4A,1,NA,1
AARS2,1,NA,1
BRD9,1,NA,1
KIF25,0,NA,0
SSR1,1,NA,1
IGF1R,0,NA,0
SLC25A35,1,NA,1
ANK1,0,NA,0
BMP4,1,NA,1
FAM136A,1,NA,1
INSIG2,1,NA,1
MYLK3,0,NA,0
BAK1,1,NA,1
ARMC7,1,1,1
RANBP10,1,NA,1
MRPS27,1,NA,1
OPA3,1,NA,1
ZCCHC14,1,NA,1
BRD8,1,NA,1
AGA,1,NA,1
GPR108,1,NA,1
UNC45B,0,NA,0
MKKS,1,NA,1
ALX4,0,NA,0
IRF3,1,NA,1
TOR1AIP1,1,NA,1
OPN3,0,NA,0
STEAP3,1,NA,1
TMEM175,1,NA,1
DBP,1,NA,1
HPF1,NA,NA,0
TNFRSF19,1,NA,1
MSH4,1,NA,1
GGCX,1,NA,1
RHOB,1,NA,1
MPC1,1,NA,1
DNAJC16,1,NA,1
LSM8,NA,NA,0
GATB,1,NA,1
PCYOX1,1,NA,1
ISOC2,1,NA,1
FAAH,1,NA,1
LRRC17,1,NA,1
MRPS35,1,NA,1
PRKRIP1,1,NA,1
HERC2,0,NA,0
NFYC,1,NA,1
HES6,1,NA,1
SUGP2,1,NA,1
CENPC,1,NA,1
PUS7L,1,NA,1
NXPE3,1,NA,1
MREG,1,NA,1
SOX15,0,NA,0
NAF1,1,NA,1
MAU2,1,NA,1
CASP8AP2,1,NA,1
QRICH2,0,NA,0
MARCHF6,NA,NA,0
RTN4IP1,1,NA,1
PDGFC,1,NA,1
ERLEC1,1,NA,1
MTRES1,NA,NA,0
RPS6KA2,0,NA,0
TRPM4,1,NA,1
HRC,0,NA,0
CDKAL1,1,NA,1
KCNIP2,0,NA,0
SPEG,0,NA,0
CYP2E1,0,NA,0
NIPSNAP2,NA,NA,0
TFRC,1,NA,1
CEP85,1,NA,1
PAK4,1,NA,1
ACADVL,1,NA,1
MED18,1,NA,1
MEPCE,1,NA,1
NONO,1,NA,1
AP1M1,1,NA,1
DERL2,1,NA,1
CCDC62,1,NA,1
TSG101,1,NA,1
RGN,1,NA,1
ECHDC2,1,NA,1
PPP2R3A,1,NA,1
PKDREJ,0,NA,0
GSDMC,1,NA,1
TTC38,1,NA,1
RNF2,0,NA,0
ZNF341,1,NA,1
POLN,0,NA,0
PILRB,1,NA,1
PPP1R12B,1,NA,1
ZCCHC9,1,NA,1
INPP5E,1,NA,1
TIMM21,1,NA,1
GSE1,1,1,1
CELF1,1,NA,1
ZSCAN5A,0,NA,0
TAF5,1,NA,1
PIAS3,1,NA,1
PAK1,1,NA,1
DUSP13,0,NA,0
ENAM,1,NA,1
DCAF15,0,NA,0
CPSF7,1,NA,1
TOE1,1,NA,1
TUT7,NA,NA,0
JPH2,0,NA,0
MRPL22,1,NA,1
FHIP2A,NA,NA,0
MAPRE3,0,NA,0
SPATS2,1,NA,1
ANK3,0,NA,0
ZNF414,1,NA,1
MTIF2,1,NA,1
KBTBD4,1,NA,1
C1QTNF6,1,NA,1
SLC2A11,1,NA,1
EMC7,1,NA,1
METTL8,1,NA,1
CCDC50,1,NA,1
CWF19L2,1,NA,1
ENKD1,1,NA,1
NADK2,1,1,1
DAGLA,1,NA,1
MBNL1,1,NA,1
VAPB,0,NA,0
AGO4,0,NA,0
MRPS33,1,NA,1
DNAJC14,1,NA,1
PCBP4,1,NA,1
ADAM19,1,NA,1
TBX15,0,NA,0
BBS2,1,NA,1
OS9,1,NA,1
SPAG7,1,NA,1
TFCP2,1,NA,1
FAM193A,0,NA,0
ART3,1,NA,1
FCHO2,1,NA,1
NDUFB7,1,NA,1
SLC9A5,0,NA,0
PLGLB2,0,NA,0
TMEM164,0,NA,0
DDT,0,NA,0
RNASEL,1,NA,1
TIMM13,1,NA,1
RTN2,0,NA,0
MICALL1,0,NA,0
GAREM2,NA,NA,0
MFSD9,1,NA,1
SLC30A2,0,NA,0
ZNF436,1,NA,1
VILL,0,NA,0
CCDC115,1,NA,1
ZDHHC4,1,NA,1
TUBGCP3,1,NA,1
PHF5A,1,NA,1
GARNL3,0,NA,0
MRNIP,NA,NA,0
PSMA6,1,NA,1
GOLGA1,1,NA,1
LSS,0,NA,0
RABEPK,1,NA,1
ACOX1,1,NA,1
UQCC1,1,NA,1
HINT2,1,NA,1
MAML1,1,NA,1
PSME2,1,NA,1
TMEM8B,0,NA,0
IDH3B,1,NA,1
RNF121,1,NA,1
PLCD3,1,NA,1
NDUFAF5,1,NA,1
SIN3B,0,NA,0
NXF1,1,NA,1
PAK6,0,NA,0
TST,1,NA,1
SNTA1,0,NA,0
DCUN1D5,1,NA,1
SNED1,0,NA,0
APOBEC3F,1,NA,1
H3-3A,NA,NA,0
CNST,1,NA,1
DNA2,1,NA,1
SGCB,0,NA,0
MRPS31,1,NA,1
PARP16,1,NA,1
CLN5,1,NA,1
INHBB,0,NA,0
SLC44A2,1,NA,1
TMEM19,1,NA,1
HCFC1R1,1,NA,1
GIT2,1,NA,1
DCAF16,1,NA,1
GADD45G,1,1,1
MLYCD,1,NA,1
HMOX2,1,NA,1
PPM1K,1,1,1
RUSF1,NA,NA,0
PPM1L,1,NA,1
SCAMP2,1,NA,1
SLBP,1,NA,1
TCF25,1,NA,1
DTX3L,1,NA,1
DNAJA3,1,NA,1
HMGB2,1,NA,1
DECR1,1,NA,1
G6PC3,1,NA,1
ABLIM2,0,NA,0
GALNT15,0,NA,0
FAH,1,NA,1
ZNF287,0,NA,0
DOP1B,NA,NA,0
RIDA,NA,NA,0
CLUH,1,NA,1
RNF165,0,NA,0
NBPF3,1,NA,1
KIAA0319L,1,NA,1
SGTA,1,NA,1
C1orf162,0,NA,0
ZNF704,1,NA,1
PLEKHJ1,1,NA,1
PRKACB,1,NA,1
PIGM,1,NA,1
VRK3,1,NA,1
ENSG00000165121.12,NA,NA,0
TFPT,1,NA,1
CREB3L4,1,NA,1
HNRNPK,1,NA,1
MRPL4,1,NA,1
ECHDC3,0,NA,0
SUGP1,1,NA,1
APC,1,NA,1
WNK2,1,NA,1
ETAA1,1,NA,1
OGDH,1,NA,1
SYT2,0,NA,0
NRF1,1,NA,1
PAN2,1,NA,1
MEIS1,1,NA,1
ARHGAP42,1,NA,1
YKT6,1,NA,1
MRPL44,1,NA,1
TMEM177,1,NA,1
ZFYVE1,1,NA,1
FBXL8,1,NA,1
PPFIBP2,1,NA,1
PLGRKT,1,NA,1
STK11IP,1,NA,1
ATP9B,1,NA,1
TAMM41,1,NA,1
GARRE1,NA,NA,0
GMPPA,1,NA,1
MTMR10,1,NA,1
PPIF,1,NA,1
CDK9,1,NA,1
RAB8A,1,1,1
GIN1,1,NA,1
ASPA,1,NA,1
CYP4V2,1,NA,1
NFKBID,1,NA,1
BPHL,1,NA,1
C1QBP,1,NA,1
KLHL3,1,NA,1
SLC25A11,1,NA,1
WDR81,1,NA,1
MMS22L,1,NA,1
RILP,1,NA,1
TRIM41,1,NA,1
SYNGR2,1,NA,1
RBPJ,1,NA,1
SLC12A9,1,NA,1
MRPL27,1,NA,1
SLC37A4,1,NA,1
TRAPPC14,NA,NA,0
GRPEL1,1,NA,1
ZNF182,1,NA,1
HDAC8,1,NA,1
PLPBP,NA,NA,0
LRP1B,0,NA,0
PLA2G4F,1,NA,1
SIAE,0,NA,0
ERLIN2,1,NA,1
SHC3,1,NA,1
CEP78,1,NA,1
MED22,1,NA,1
USP38,1,NA,1
CHPT1,1,NA,1
GPR107,1,NA,1
GOLT1B,1,NA,1
LAMTOR1,1,NA,1
AMDHD1,1,NA,1
TPI1,1,NA,1
NPTX1,0,NA,0
HDDC2,1,NA,1
CABLES2,1,NA,1
TMEM126B,1,NA,1
CAMTA1,1,NA,1
MRPL18,1,NA,1
ASXL1,1,NA,1
LTO1,NA,NA,0
ZNF131,1,NA,1
VPS37B,1,NA,1
TAOK2,1,NA,1
CXCR6,0,NA,0
SETD1B,1,NA,1
MRPL49,1,NA,1
HECTD4,1,NA,1
DLAT,1,NA,1
TADA2B,0,NA,0
RBM26,1,NA,1
CD226,1,NA,1
TIMMDC1,1,NA,1
VPS26B,1,NA,1
C4orf33,0,NA,0
ATP2A2,1,NA,1
NPRL2,1,NA,1
OBI1,NA,NA,0
ARMC5,1,NA,1
UBP1,1,1,1
ZNF710,1,NA,1
SMCR8,1,NA,1
GDPD1,1,NA,1
ANKLE2,1,NA,1
NOL3,1,NA,1
GTF2E1,1,NA,1
ULK1,1,NA,1
DISP1,1,NA,1
ZBTB34,0,NA,0
TBL1XR1,1,NA,1
CHODL,0,NA,0
ZBTB38,0,NA,0
WDR6,1,NA,1
SLC1A4,1,NA,1
ERBB2,1,NA,1
KCTD18,1,NA,1
MFN2,1,NA,1
KIAA2013,1,NA,1
GPR61,0,NA,0
C11orf71,0,NA,0
TYSND1,1,NA,1
MIIP,1,NA,1
RWDD2B,1,NA,1
PDE6D,1,NA,1
PHKG2,1,NA,1
SDHB,1,NA,1
DHRS1,1,NA,1
METTL14,1,NA,1
C16orf72,0,NA,0
N4BP3,1,NA,1
SLC13A3,0,NA,0
YIPF5,1,NA,1
JRKL,1,NA,1
ZFAND2B,1,NA,1
GJC1,0,NA,0
MITD1,1,NA,1
TSPYL2,0,NA,0
ALG8,1,NA,1
NDUFA8,0,NA,0
CCAR2,1,NA,1
ARL17A,1,NA,1
LAD1,1,NA,1
BICD2,1,NA,1
DLST,1,NA,1
RUSC1,1,NA,1
LRCH3,1,NA,1
WDR55,1,NA,1
MITF,0,NA,0
LYPLA1,1,NA,1
PTH1R,0,NA,0
MT1X,1,NA,1
SEC22A,1,NA,1
ZFPL1,1,NA,1
PYROXD1,1,NA,1
FLYWCH2,1,NA,1
CHM,1,NA,1
GTDC1,1,NA,1
LZIC,1,NA,1
ZSWIM5,0,NA,0
CISD1,1,NA,1
FAAP20,NA,NA,0
MTF1,1,NA,1
SCNN1D,1,NA,1
EXTL2,1,NA,1
GBP4,1,NA,1
BPNT1,1,NA,1
PEPD,1,NA,1
SLC35F1,0,NA,0
RAD17,1,NA,1
PIGT,1,NA,1
PPP1R21,1,NA,1
SLC25A29,1,NA,1
ABCA9,0,NA,0
PCBP2,1,NA,1
LGI4,1,NA,1
SCNM1,1,NA,1
RNF25,1,NA,1
TMTC4,1,NA,1
SLC15A2,1,NA,1
DDX42,1,NA,1
TMX4,1,NA,1
TASOR,NA,NA,0
HELZ,1,NA,1
YEATS2,1,NA,1
ZXDB,0,NA,0
NECAB3,1,NA,1
RNF20,1,NA,1
ZNF589,1,NA,1
ITPA,1,NA,1
NUP205,1,NA,1
EXO5,1,NA,1
HMGN2,1,NA,1
TMEM53,1,NA,1
ARFIP1,1,NA,1
ALPK2,0,NA,0
RALY,1,NA,1
PPCS,1,NA,1
TMEM184C,1,NA,1
AAMP,1,NA,1
MIR29B2CHG,NA,NA,0
MPV17L,0,NA,0
SLC13A4,0,NA,0
RAB12,1,NA,1
RPP25L,1,NA,1
MX1,0,NA,0
MRPS12,1,NA,1
MYORG,NA,NA,0
DGCR8,1,NA,1
HAT1,1,1,1
CRYL1,0,NA,0
SCAF8,1,NA,1
ZSWIM8,1,NA,1
ARHGEF40,1,NA,1
ENSG00000214942.6,NA,NA,0
ZFYVE19,1,NA,1
CEBPD,1,NA,1
TK2,1,NA,1
XPO7,0,NA,0
ZNF844,1,NA,1
ECSIT,1,NA,1
KATNAL2,0,NA,0
PIP4K2C,1,NA,1
QRSL1,1,NA,1
ENGASE,0,1,1
DUS2,1,NA,1
ATG4D,1,NA,1
ZNF23,1,NA,1
TEPSIN,NA,NA,0
NOL9,1,NA,1
ZNF528,0,NA,0
ZNF668,1,NA,1
SNHG20,1,NA,1
ATP6V1E1,1,NA,1
ZNF444,1,NA,1
LINC01505,NA,NA,0
ATCAY,0,NA,0
PPP1R3E,1,NA,1
RCOR2,1,1,1
ENSG00000235070.3,NA,NA,0
TUBG1,1,NA,1
CCDC138,1,NA,1
ABCA3,1,NA,1
PUS10,1,NA,1
NR1H2,1,NA,1
ENSG00000238273.3,NA,NA,0
POLR2G,1,NA,1
PCDHGC5,0,NA,0
COG7,1,NA,1
THAP11,1,NA,1
STK36,1,NA,1
MTCL1,0,NA,0
ENSG00000242588.6,NA,NA,0
IMMT,1,NA,1
PYGO2,1,NA,1
CDC40,1,NA,1
COQ3,1,NA,1
LRATD2,NA,NA,0
TMEM223,1,NA,1
UVSSA,1,NA,1
ANKRD49,1,NA,1
GRSF1,1,NA,1
ENSG00000258168.6,NA,NA,0
SPRY3,0,NA,0
CD2BP2,1,NA,1
DIO3OS,0,NA,0
INTU,1,NA,1
CPLX1,0,NA,0
NORAD,NA,NA,0
IL15,1,NA,1
SCN9A,1,NA,1
ENSG00000264151.6,NA,NA,0
PGGT1B,1,NA,1
LUZP1,1,NA,1
GIMAP6,1,NA,1
INO80E,1,NA,1
LRRC37A7P,NA,NA,0
CNTROB,1,NA,1
FRMPD4,0,NA,0
ILF3-DT,NA,NA,0
MRPS36,1,NA,1
GLB1,1,NA,1
PWWP2A,1,NA,1
ORC5,1,NA,1
ENSG00000267364.3,NA,NA,0
PPHLN1,1,NA,1
RALGAPB,1,NA,1
FHOD3,0,NA,0
NAIF1,1,NA,1
ENSG00000272106.1,NA,NA,0
TIMM17A,1,NA,1
RFK,1,NA,1
SHCBP1,1,NA,1
FAM241B,NA,NA,0
MTO1,1,NA,1
ENC1,1,NA,1
PAXIP1-DT,NA,NA,0
PLRG1,1,NA,1
VEGFD,NA,NA,0
RHNO1,1,NA,1
MLLT6,1,NA,1
P2RY6,0,NA,0
CFAP53,NA,NA,0
GGNBP2,1,NA,1
PRADC1,1,NA,1
BRWD3,1,NA,1
NTPCR,0,NA,0
ZFAND4,1,NA,1
KLHL30-AS1,NA,NA,0
ABRAXAS2,NA,NA,0
AGAP5,0,NA,0
ENSG00000280287.1,NA,NA,0
CAB39,1,NA,1
FUT10,1,NA,1
CORO1B,1,NA,1
N4BP2L2-IT2,0,NA,0
MUS81,1,1,1
GABPB1-IT1,NA,NA,0
ENSG00000285336.1,NA,NA,0
SENP8,0,NA,0
MAP3K11,1,NA,1
ENSG00000287809.1,NA,NA,0
ADAMTS7,1,NA,1
ENSG00000287570.1,NA,NA,0
THAP2,1,NA,1
PRRC2B,0,NA,0
FAM111A,1,NA,1
TACO1,1,NA,1
MARF1,NA,NA,0
SCAI,1,NA,1
ENSG00000289293.1,NA,NA,0
RALGPS1,1,NA,1
MBD6,1,NA,1
KCTD13,1,NA,1
ATR,1,NA,1
DMAC1,NA,NA,0
ZIC4,0,NA,0
LAMB1,1,NA,1
ERC1,1,NA,1
SPSB4,0,NA,0
MRPL15,1,NA,1
CCDC14,1,NA,1
CCT4,1,NA,1
TRAPPC2L,1,1,1
SLC35E3,1,NA,1
NDUFAF1,1,NA,1
KLHL26,1,NA,1
B3GNTL1,1,NA,1
RTTN,1,NA,1
OR10AB1P,NA,NA,0
ATAD1,1,NA,1
ARHGAP24,1,NA,1
RUFY1,1,NA,1
CDK5R1,1,NA,1
ETNK1,1,NA,1
MTX3,1,NA,1
TRAPPC11,1,NA,1
PIDD1,1,NA,1
ZNF518A,1,NA,1
NDUFA9,1,NA,1
SIN3A,1,1,1
FAM222A,1,NA,1
ZBTB41,1,NA,1
GLTP,0,NA,0
DMAP1,1,NA,1
LCORL,1,NA,1
MYG1,NA,NA,0
IMP3,1,NA,1
STON2,0,NA,0
GOLGA8Q,NA,NA,0
EIF4EBP1,1,NA,1
ALS2CL,1,NA,1
FAXDC2,0,NA,0
SLC25A20,1,NA,1
FAM174C,NA,NA,0
MAN2C1,1,NA,1
DHFR2,NA,NA,0
RHOT2,1,NA,1
STAT2,1,NA,1
GVQW3,NA,NA,0
PCTP,1,NA,1
FUCA1,1,NA,1
EVI5L,1,NA,1
DNHD1,0,NA,0
IRF2BP1,1,NA,1
ARID3B,1,1,1
MTSS1,1,NA,1
MRPL24,1,NA,1
METTL25B,NA,NA,0
ZNF594,1,NA,1
GABPB2,1,NA,1
SLC25A42,1,NA,1
SGSH,1,NA,1
ZNF678,1,NA,1
ABHD1,1,NA,1
PRKAG1,1,NA,1
PDIA6,1,NA,1
SLC2A4,1,NA,1
GRIP2,0,NA,0
EXOSC10,1,NA,1
EXOC7,1,NA,1
MALT1,1,NA,1
LIMD1,1,NA,1
CNOT10,1,NA,1
PAQR7,1,NA,1
TMEM108,0,NA,0
C12orf60,0,NA,0
ATG3,1,NA,1
ABAT,1,NA,1
SF3A3,1,NA,1
CISD2,1,NA,1
CEP19,1,NA,1
BMP8A,0,NA,0
ZNF703,1,1,1
C22orf46,NA,NA,0
PGP,1,1,1
TMEM255B,0,NA,0
TXNRD2,1,NA,1
ZBTB37,1,NA,1
PTGES2,1,NA,1
MUC6,0,NA,0
PARD3,0,NA,0
ZSWIM9,NA,NA,0
ZNF266,1,NA,1
FAM174B,0,NA,0
HIKESHI,NA,NA,0
ZBTB3,1,NA,1
L3MBTL1,0,NA,0
LSM14B,1,NA,1
SETD4,1,NA,1
FAM186A,1,NA,1
EID2B,1,NA,1
BCL9L,1,NA,1
ATP5F1A,NA,NA,0
CCDC121,1,NA,1
LYRM7,1,NA,1
GGPS1,1,NA,1
RNF220,1,NA,1
SPOCK1,0,NA,0
FOXD3,0,NA,0
CYRIB,NA,NA,0
VMAC,1,NA,1
MAN1B1,1,NA,1
NHLRC1,1,NA,1
PRKCA,0,NA,0
KLHL17,1,NA,1
NEIL2,1,NA,1
ATP5MC3,NA,NA,0
BLOC1S5,1,NA,1
OBSCN,0,NA,0
SBK1,0,NA,0
NDOR1,1,NA,1
ATP5PF,NA,NA,0
OXA1L,1,NA,1
MSANTD1,0,NA,0
FAM78B,1,NA,1
LINC00324,1,NA,1
ZKSCAN3,1,NA,1
KCTD21,1,NA,1
AIFM1,0,NA,0
RASSF10,1,NA,1
KLHL28,1,NA,1
FAM53B,1,NA,1
EXOG,1,NA,1
ZNF766,1,NA,1
LCOR,1,NA,1
C12orf43,0,NA,0
FAM217B,0,NA,0
CGB7,0,NA,0
ZNF493,1,NA,1
EPHB4,1,NA,1
TOMM40L,1,NA,1
COPG2,0,NA,0
ZNF775,1,NA,1
SNF8,1,NA,1
PLAG1,1,NA,1
AJAP1,0,NA,0
ATP5MC1,NA,NA,0
ZNF875,NA,NA,0
BORCS6,NA,NA,0
CBR1,1,NA,1
FIGN,1,NA,1
TRPV1,0,NA,0
ZFP62,1,NA,1
ZNF431,0,NA,0
ABCB8,1,NA,1
PCNX3,NA,NA,0
FLAD1,1,NA,1
GSTK1,1,NA,1
ASB7,1,NA,1
PMF1,1,NA,1
FBXL22,1,NA,1
MRPL54,1,NA,1
ZNF81,0,NA,0
HOXA4,1,NA,1
SNRNP25,1,NA,1
GOLGA6L9,0,NA,0
CCR10,1,NA,1
ZNF251,1,NA,1
PAQR4,1,NA,1
RPS6KA4,1,NA,1
SZT2,1,NA,1
ZNF445,1,NA,1
CNGA1,0,NA,0
ZNF808,0,NA,0
NAXE,NA,NA,0
C6orf89,0,NA,0
BOLA3,1,NA,1
SERPINI1,1,NA,1
MSRB1,1,NA,1
ROR1,1,NA,1
MT-ND6,NA,NA,0
SUCLG1,1,NA,1
MT-ND5,NA,NA,0
ITPRIPL1,1,NA,1
ZNF566,1,NA,1
C6orf163,NA,NA,0
APEH,1,NA,1
CCDC160,0,NA,0
NDUFAF2,1,NA,1
UQCC3,1,NA,1
ODAD4,NA,NA,0
TRIQK,1,NA,1
GPATCH8,1,NA,1
KDM1B,1,NA,1
FBXO48,1,NA,1
TLR5,1,NA,1
ATP5F1C,NA,NA,0
TECPR1,1,NA,1
CCDC85C,0,NA,0
ATP6AP1L,0,NA,0
PLPP6,NA,NA,0
CIAO2A,NA,NA,0
COL4A5,1,NA,1
TMEM120B,1,NA,1
C21orf62-AS1,NA,NA,0
PHB,1,NA,1
NHLRC3,1,NA,1
ENSG00000206549.13,NA,NA,0
CFAP44,0,NA,0
URM1,1,NA,1
GOLGA2,1,NA,1
ATP5MG,NA,NA,0
UBE2Q2P1,1,NA,1
ASIC3,1,NA,1
ENDOG,1,NA,1
ZNF611,0,NA,0
GTF2H4,0,NA,0
ZNF33A,1,NA,1
ZNF337-AS1,NA,NA,0
SCART1,NA,NA,0
YIF1B,0,NA,0
NUDT8,1,NA,1
TTC3P1,0,NA,0
NDUFV1,1,NA,1
NUTM2D,0,NA,0
NKIRAS2,1,NA,1
SULT1A1,0,NA,0
MIR99AHG,0,NA,0
VPS37C,1,NA,1
PEX26,1,NA,1
LINC01356,NA,NA,0
SERINC2,0,NA,0
NBPF1,1,NA,1
PDXDC2P-NPIPB14P,NA,NA,0
LINC00339,1,NA,1
TCAF1P1,NA,NA,0
UQCRFS1,0,NA,0
LINP1,NA,NA,0
SF3B5,1,NA,1
PUSL1,1,NA,1
LINC01422,NA,NA,0
EDRF1-DT,NA,NA,0
RTCA-AS1,NA,NA,0
GON7,NA,NA,0
NDUFA3,1,NA,1
ENSG00000224848.3,NA,NA,0
NUDT9,1,NA,1
MTM1,0,NA,0
JPX,1,1,1
GRTP1-AS1,NA,NA,0
TRIM8,1,NA,1
JAGN1,1,NA,1
PDCD1LG2,1,NA,1
ENSG00000228366.1,NA,NA,0
ETFDH,1,NA,1
KIF9-AS1,NA,NA,0
MAN1A2,1,NA,1
ORMDL3,1,NA,1
NUTM2E,NA,NA,0
KHDC1-AS1,NA,NA,0
MRPL13,1,NA,1
DDRGK1,1,NA,1
GOLGA6L5P,0,NA,0
LINC02613,NA,NA,0
FAAHP1,NA,NA,0
CCDC69,1,NA,1
MCTS1,1,NA,1
ENSG00000232098.3,NA,NA,0
LINC01137,NA,NA,0
SLC9A6,0,NA,0
MFAP1P1,NA,NA,0
TMEM167A,1,NA,1
SLC25A25-AS1,NA,NA,0
LDB1,1,NA,1
MICOS13,NA,NA,0
ACTG1P4,NA,NA,0
CD247,0,NA,0
HGH1,0,NA,0
SH3BP5L,1,NA,1
PACS1,1,NA,1
GAL3ST3,1,NA,1
PKMP1,NA,NA,0
LINC00707,NA,NA,0
LSM1,1,NA,1
LCN8,1,NA,1
LINC01409,NA,NA,0
ALKBH6,1,NA,1
SCARNA7,0,NA,0
SLC35A4,1,1,1
COX19,1,NA,1
INMT,0,NA,0
ENSG00000244055.2,NA,NA,0
PRR3,0,NA,0
NFS1,1,NA,1
ENSG00000244480.1,NA,NA,0
ZNF616,1,NA,1
PDCL3P4,NA,NA,0
ALDH1L1-AS2,NA,NA,0
TCTN1,1,NA,1
PTCHD4,0,NA,0
ARIH2,1,NA,1
SRP14-DT,NA,NA,0
RABEP2,1,NA,1
HS3ST5,0,NA,0
LIN52,1,NA,1
ENSG00000249626.1,NA,NA,0
HERC2P9,0,NA,0
PNPLA2,1,NA,1
GLI4,1,NA,1
ENSG00000205959.4,NA,NA,0
HASPIN,NA,NA,0
YJEFN3,0,NA,0
LINC01301,NA,NA,0
ZBED3-AS1,NA,NA,0
MPI,1,NA,1
LINC01089,NA,1,1
TUG1,1,NA,1
EIF3K,1,NA,1
HOXA-AS3,NA,NA,0
ENSG00000254363.6,NA,NA,0
LSMEM2,0,NA,0
WAC-AS1,NA,NA,0
CYC1,1,NA,1
ENSG00000254469.9,NA,NA,0
PLD6,1,1,1
TMEM9B-AS1,NA,NA,0
ZFPM1,1,NA,1
ENSG00000254833.1,NA,NA,0
FAHD1,1,NA,1
ENSG00000255426.1,NA,NA,0
NPIPA8,NA,NA,0
HMBS,1,NA,1
MIRLET7IHG,NA,NA,0
COPG1,1,NA,1
ENSG00000258634.3,NA,NA,0
YIPF6,1,NA,1
ENSG00000257497.2,NA,NA,0
COA4,1,NA,1
ENSG00000258768.2,NA,NA,0
FANCG,1,NA,1
LSM10,1,NA,1
LINC00930,NA,NA,0
MRPS16,1,NA,1
NSUN5P1,1,NA,1
ENSG00000259972.3,NA,NA,0
MRPL41,1,NA,1
TTC4P1,NA,NA,0
ADAM20P1,0,NA,0
ENSG00000260279.4,NA,NA,0
LINC01963,NA,NA,0
SFXN4,1,NA,1
ENSG00000260917.1,NA,NA,0
ENSG00000261211.2,NA,NA,0
COA3,1,NA,1
ENSG00000261613.2,NA,NA,0
ENSG00000227775.3,NA,NA,0
OLIG1,0,NA,0
ENSG00000262691.1,NA,NA,0
NDUFA6,1,NA,1
KRBA2,0,NA,0
ZNF407-AS1,NA,NA,0
PHBP9,NA,NA,0
CYP4F35P,0,NA,0
ENSG00000265298.1,NA,NA,0
ENSG00000267127.7,NA,NA,0
HSD17B1-AS1,NA,NA,0
KANTR,NA,NA,0
ENSG00000268119.7,NA,NA,0
TRIM69,1,NA,1
TMEM185A,0,NA,0
ZNF37BP,1,NA,1
ENSG00000269937.1,NA,NA,0
TAL2,0,NA,0
KCNQ1OT1,1,NA,1
PFN1P2,0,NA,0
KBTBD13,0,NA,0
RBMS3-AS3,NA,NA,0
FNBP1,1,NA,1
CMC1,1,NA,1
ENSG00000271254.7,NA,NA,0
MAGEH1,0,NA,0
ENSG00000272356.1,NA,NA,0
ENSG00000272140.2,NA,NA,0
ENSG00000272848.2,NA,NA,0
ENSG00000272668.2,NA,NA,0
AMY2B,0,NA,0
ENSG00000273007.2,NA,NA,0
GHRLOS,1,NA,1
SFTPD-AS1,NA,NA,0
CIBAR1,NA,NA,0
LY6G5B,0,NA,0
ENSG00000274265.5,NA,NA,0
C1QTNF9,0,NA,0
UHRF1,1,NA,1
ENSG00000241860.7,NA,NA,0
ENSG00000274776.1,NA,NA,0
GIMAP5,0,NA,0
ENSG00000276805.2,NA,NA,0
STAG3L5P,NA,NA,0
NAA80,NA,NA,0
NLGN3,0,NA,0
LIFR-AS1,NA,NA,0
ANXA6,1,NA,1
PKD1P1,0,NA,0
PICART1,NA,NA,0
MRPL21,1,NA,1
ENSG00000278934.1,NA,NA,0
MIR210HG,1,NA,1
ENSG00000279145.2,NA,NA,0
ENSG00000279762.3,NA,NA,0
MTATP6P1,NA,NA,0
ENSG00000279456.1,NA,NA,0
ENSG00000279789.1,NA,NA,0
CCDC163,NA,NA,0
TMEM272,NA,NA,0
TEX52,NA,NA,0
MTOR,1,NA,1
ENSG00000283662.1,NA,NA,0
SPOUT1,NA,NA,0
RNF5,0,NA,0
DENND11,NA,NA,0
PRSS50,0,NA,0
ENSG00000284672.1,NA,NA,0
DHX16,0,NA,0
ENSG00000285796.1,NA,NA,0
ENSG00000285413.1,NA,NA,0
MRPS18B,0,NA,0
ENSG00000260249.3,NA,NA,0
ENSG00000285886.1,NA,NA,0
C6orf136,0,NA,0
ENSG00000285799.1,NA,NA,0
ENSG00000260597.1,NA,NA,0
