"feature_id","uniprot","gene_symbol","correlation","p_value_corr","n_obs"
"OID20051","P61978","HNRNPK",-0.0882364403692173,0.573670123874875,43
"OID20052","P17676","CEBPB",0.0719017896001295,0.646814557652494,43
"OID20055","P34998","CRHR1",0.0624481705997704,0.690761431360948,43
"OID20056","Q969D9","TSLP",0.154017902686368,0.324082910870576,43
"OID20057","P55082","MFAP3",-0.0294547093890049,0.851271349054694,43
"OID20059","Q9NRD8","DUOX2",0.227338392227041,0.142619940184857,43
"OID20061","Q16619","CTF1",-0.097150487285937,0.535419184143711,43
"OID20062","P17516","AKR1C4",0.0669843498324019,0.6695378443678,43
"OID20063","Q9NRV9","HEBP1",-0.115736936507563,0.459868620895556,43
"OID20064","P36952","SERPINB5",-0.0230832747857072,0.883190214940327,43
"OID20066","P34947","GRK5",-0.115918891247219,0.459158616732739,43
"OID20067","Q96N03","VSTM2L",-0.250217066280758,0.105599308888935,43
"OID20068","P31483","TIA1",0.0245830669903681,0.875658361336312,43
"OID20069","Q9Y2B0","CNPY2",0.0191481581457476,0.902998831370589,43
"OID20070","O43186","CRX",0.169913557429797,0.276017094794185,43
"OID20071","O95183","VAMP5",-0.0199740387874455,0.89883627760353,43
"OID20072","Q6UWL2","SUSD1",-0.129657060337225,0.407290587661488,43
"OID20073","Q9UKL0","RCOR1",-0.118191581380082,0.450340372280841,43
"OID20074","P01375","TNF",-0.105393839944479,0.501185487620846,43
"OID20075","P35218","CA5A",-0.0898403186764924,0.566696670257715,43
"OID20076","P51161","FABP6",0.195968866454837,0.207871097037718,43
"OID20077","Q15831","STK11",-0.0681269016834402,0.664231181804562,43
"OID20078","O60635","TSPAN1",-0.0986985588637849,0.528904796199545,43
"OID20079","P62736","ACTA2",-0.380215699446033,0.0119025481710402,43
"OID20081","O43854","EDIL3",-0.236921877006263,0.126092888764484,43
"OID20082","Q13105","ZBTB17",-0.181873420377368,0.243110712563824,43
"OID20083","P21246","PTN",-0.270620136475795,0.0792252253564174,43
"OID20084","O95684","CEP43",-0.246477664163561,0.111086848779611,43
"OID20085","Q12912","IRAG2",0.0395871694825796,0.801010305235434,43
"OID20086","P21964","COMT",-0.108186036777566,0.489848602913985,43
"OID20087","P09237","MMP7",-0.255715263548494,0.0979099203584785,43
"OID20088","Q15165","PON2",-0.070510186502735,0.653214118285127,43
"OID20089","Q8TE57","ADAMTS16",-0.259440035802529,0.0929505680833754,43
"OID20090","P55259","GP2",-0.290034464835892,0.0592118364700074,43
"OID20091","Q92558","WASF1",-0.0427317870497582,0.785561805329948,43
"OID20092","Q99549","MPHOSPH8",0.0379911883996452,0.808880010832579,43
"OID20093","Q8NHS0","DNAJB8",-0.0367855634531887,0.814837300377813,43
"OID20094","Q9H5Y7","SLITRK6",-0.190997339952638,0.219867798763401,43
"OID20095","O15354","GPR37",0.0176562972620032,0.910524455667338,43
"OID20096","P20718","GZMH",-0.16090517884108,0.302648700061961,43
"OID20097","P13807","GYS1",-0.0518903358930633,0.741049587125097,43
"OID20098","P40225","THPO",-0.0617042797818063,0.694264881957228,43
"OID20099","Q8NC01","CLEC1A",-0.1771370580489,0.255809396511727,43
"OID20100","O75354","ENTPD6",-0.0105021733265673,0.946709226919229,43
"OID20101","P05231","IL6",0.230036743750415,0.13781278324763,43
"OID20102","P31997","CEACAM8",-0.0707229265681111,0.652234184642444,43
"OID20103","P25815","S100P",-0.251167188430687,0.104238574242041,43
"OID20104","O75356","ENTPD5",0.182665865180522,0.241028509352487,43
"OID20105","Q9BYF1","ACE2",0.0170421445215057,0.913624806273152,43
"OID20106","P07585","DCN",-0.124348720977289,0.426920693342054,43
"OID20107","Q04760","GLO1",-0.247695492566856,0.109276409997855,43
"OID20108","Q9NWQ8","PAG1",-0.0767228809564818,0.624840025897838,43
"OID20109","Q13444","ADAM15",-0.215347840214992,0.165486684743972,43
"OID20110","P40818","USP8",-0.105011739535712,0.502747232668296,43
"OID20111","P22004","BMP6",-0.0386295563822456,0.805729968673127,43
"OID20112","Q9UKP3","ITGB1BP2",-0.0930758771101439,0.552749284671048,43
"OID20113","P09668","CTSH",-0.223923409930244,0.148880044593877,43
"OID20114","P46379","BAG6",-0.20642600462198,0.1841468699272,43
"OID20115","O14793","MSTN",0.00794462019143897,0.959674560733939,43
"OID20116","Q9BWV1","BOC",0.0409414949753336,0.794347376872547,43
"OID20117","P08319","ADH4",-0.137098070766303,0.38066547697128,43
"OID20118","P09496","CLTA",-0.125833450693865,0.421377422398244,43
"OID20119","P34913","EPHX2",-0.11420122383413,0.465884622591099,43
"OID20121","Q9Y4X3","CCL27",-0.281984526390782,0.0669538680767308,43
"OID20122","P00568","AK1",-0.254044615008164,0.10019934817786,43
"OID20123","P09525","ANXA4",-0.0116907005975714,0.940688492844486,43
"OID20124","Q15067","ACOX1",0.0584473868097964,0.709676960753203,43
"OID20125","P16860","NPPB",-0.207704722422419,0.181384135946334,43
"OID20126","Q05315","CLC",-0.233204635734376,0.132323834960049,43
"OID20127","Q6PJW8","CNST",-0.0455514700513398,0.771778229980642,43
"OID20128","P48357","LEPR",-0.0499689829836423,0.750324159163714,43
"OID20129","P01222","TSHB",0.0991525636272931,0.527001708226123,43
"OID20130","P31949","S100A11",-0.246565328534425,0.110955769301505,43
"OID20131","Q9H7M9","VSIR",-0.0207707842300087,0.89482310622339,43
"OID20132","O14917","PCDH17",0.00369803727725567,0.981223406842071,43
"OID20133","P16234","PDGFRA",0.110551773586163,0.480348282280507,43
"OID20134","Q12864","CDH17",0.0104071019674954,0.947190961842598,43
"OID20135","Q9Y5X1","SNX9",-0.139603422602043,0.371938164362682,43
"OID20136","Q16620","NTRK2",0.0337379631760949,0.829941556487533,43
"OID20137","Q03154","ACY1",-0.0941589945260163,0.548116842862835,43
"OID20138","O60496","DOK2",-0.0369874397977934,0.813839051146307,43
"OID20139","P21549","AGXT",-0.030809491243675,0.844512704587045,43
"OID20140","Q13043","STK4",-0.03537376918943,0.821826426629906,43
"OID20141","P21980","TGM2",-0.210373482739084,0.175713825281554,43
"OID20142","Q9UHL4","DPP7",0.241908947910923,0.118082400640215,43
"OID20143","O60664","PLIN3",0.0658921272626585,0.67462564922974,43
"OID20144","O94903","PLPBP",-0.212707355647581,0.17086035421937,43
"OID20145","Q9UMF0","ICAM5",-0.18085524515491,0.24580385870704,43
"OID20146","P10644","PRKAR1A",-0.0916286036046896,0.558967912464677,43
"OID20147","P40189","IL6ST",0.0656511623119066,0.675750056066867,43
"OID20148","Q9H773","DCTPP1",-0.0554771401306262,0.723833201496819,43
"OID20149","Q6GTS8","PM20D1",0.262151357606577,0.0894643533837335,43
"OID20150","Q53H82","LACTB2",-0.113192546378936,0.469858797949395,43
"OID20151","Q13158","FADD",-0.0197017894170678,0.900208161880548,43
"OID20152","Q99674","CGREF1",0.0027644573464566,0.98596306025551,43
"OID20153","P10145","CXCL8",-0.0381173986593413,0.808256985016362,43
"OID20154","P09382","LGALS1",-0.0480319384097846,0.759709780496727,43
"OID20155","Q8WX77","IGFBPL1",-0.248103848630164,0.108674398817724,43
"OID20156","P41218","MNDA",-0.105032045628093,0.502664174048533,43
"OID20157","P55285","CDH6",-0.16738513309741,0.283331339664262,43
"OID20158","Q9UHD0","IL19",0.10916706583369,0.485897217529395,43
"OID20159","P16112","ACAN",0.0713463893923115,0.649365692543997,43
"OID20160","Q9ULL4","PLXNB3",0.0443842521549246,0.777475845090299,43
"OID20161","Q06418","TYRO3",0.20100514802845,0.196191986958813,43
"OID20162","Q13541","EIF4EBP1",-0.258813423924537,0.0937710026390441,43
"OID20163","O75340","PDCD6",-0.0907079347455417,0.56294077689419,43
"OID20164","P51693","APLP1",0.209262015872976,0.17805968536886,43
"OID20165","Q9NY25","CLEC5A",-0.13055239810625,0.404031536162603,43
"OID20166","P08263","GSTA1",-0.12529630806237,0.423378146041519,43
"OID20167","Q969P0","IGSF8",0.0238052352793327,0.879563267959678,43
"OID20168","Q16820","MEP1B",-0.0209937240932028,0.893700627666308,43
"OID20169","P18827","SDC1",0.148608178820063,0.341569494970763,43
"OID20170","P19022","CDH2",-0.08793872823348,0.5749688326829,43
"OID20171","Q8NI22","MCFD2",0.0670594393519391,0.669188594133021,43
"OID20172","Q96LA6","FCRL1",-0.0823887177580488,0.599420896014844,43
"OID20173","Q14956","GPNMB",-0.0993209734496104,0.526296628038137,43
"OID20174","P09417","QDPR",-0.170197979408328,0.275202148490861,43
"OID20175","Q9UBU3","GHRL",-0.078951999411413,0.614785787569848,43
"OID20176","P41236","PPP1R2",-0.124965749308072,0.424612051825374,43
"OID20177","Q9Y5K6","CD2AP",-0.087847680513695,0.575366277020351,43
"OID20178","O95544","NADK",-0.372547415258049,0.0138838750970744,43
"OID20179","P27352","CBLIF",-0.144900624714635,0.353883150007875,43
"OID20180","Q9GZM7","TINAGL1",0.0146278583078248,0.925824390025607,43
"OID20181","Q8WVQ1","CANT1",0.0563854955300049,0.719494048093701,43
"OID20182","Q8WTU2","SSC4D",0.0647012407960945,0.680189412224204,43
"OID20183","P78380","OLR1",-0.183220765923628,0.239577688256536,43
"OID20184","Q9NR28","DIABLO",-0.0463800124416317,0.767740973929946,43
"OID20185","Q86VZ4","LRP11",0.182185811620514,0.242288434378048,43
"OID20186","Q13275","SEMA3F",0.0971082304002569,0.535597548173935,43
"OID20187","P41159","LEP",0.00761109199568911,0.961366186371308,43
"OID20188","P06858","LPL",0.0569489128777436,0.716806997854872,43
"OID20189","Q8IZP9","ADGRG2",0.127092992763373,0.416706942959049,43
"OID20190","Q9Y286","SIGLEC7",-0.0131095958057393,0.933505081451561,43
"OID20191","O95502","NPTXR",0.232396424752587,0.133708456186983,43
"OID20192","O75791","GRAP2",-0.155363330982005,0.319822706662129,43
"OID20193","Q9HBB8","CDHR5",-0.00382452041987266,0.980581315311504,43
"OID20194","P52888","THOP1",-0.208853270050459,0.178928002596589,43
"OID20195","P35754","GLRX",-0.110923518709782,0.478864272990246,43
"OID20196","P21583","KITLG",-0.0863754561848296,0.581810157955388,43
"OID20197","Q9UKJ0","PILRB",-0.121341898610496,0.438271151853864,43
"OID20198","Q15846","CLUL1",-0.172807920253495,0.267797827083201,43
"OID20199","P23526","AHCY",-0.101293312054137,0.518073749902645,43
"OID20200","P12104","FABP2",0.231723203136651,0.134870029670835,43
"OID20201","P00797","REN",0.0109623887251906,0.944377543359835,43
"OID20202","Q9UK05","GDF2",-0.244657651968967,0.113834872272767,43
"OID20203","P12724","RNASE3",-0.0554730309156175,0.723852850492912,43
"OID20204","Q9BQB4","SOST",-0.242878329169136,0.116570981649846,43
"OID20205","Q9NQX5","NPDC1",-0.028301333426145,0.85703355438967,43
"OID20206","Q07108","CD69",-0.0316714146223211,0.840218497046716,43
"OID20207","P42830","CXCL5",-0.122568829376155,0.433619565621155,43
"OID20208","P02462","COL4A1",-0.0366050423430789,0.815730196340579,43
"OID20209","A6NI73","LILRA5",-0.0556396052513147,0.723056484044798,43
"OID20210","Q9UEW3","MARCO",-0.0588099366777613,0.707955520860722,43
"OID20211","O95841","ANGPTL1",-0.100161414644639,0.522784910144074,43
"OID20212","Q9BQR3","PRSS27",0.17443954099097,0.263236568907551,43
"OID20213","Q99523","SORT1",-0.0419368340894141,0.789459733968848,43
"OID20214","P35247","SFTPD",-0.110285279789206,0.48141361079632,43
"OID20215","P20711","DDC",-0.302568142762482,0.0485977784039914,43
"OID20216","P31431","SDC4",-0.0739211399990729,0.637572836513334,43
"OID20217","P09601","HMOX1",-0.226346478722955,0.144417843081651,43
"OID20218","O00161","SNAP23",-0.0773157544331019,0.622159253276628,43
"OID20219","Q8IW75","SERPINA12",0.0967303381675653,0.537193891117636,43
"OID20220","P01241","GH1",-0.19423439089211,0.212003456750172,43
"OID20221","Q9BUD6","SPON2",0.113589244094269,0.468293666285924,43
"OID20222","Q92692","NECTIN2",0.207126362303263,0.182630020305404,43
"OID20223","Q6WN34","CHRDL2",0.263218950721675,0.0881197988683568,43
"OID20224","Q01973","ROR1",0.186625446805807,0.230805786080492,43
"OID20225","Q8N1Q1","CA13",-0.0863796949456746,0.581791558504606,43
"OID20226","Q76M96","CCDC80",-0.0377777651714717,0.809933821074341,43
"OID20227","P09467","FBP1",-0.0140752855393403,0.928619049604042,43
"OID20228","P07711","CTSL",0.0902309297370806,0.565004291065341,43
"OID20229","Q92823","NRCAM",0.130758832422241,0.40328224804995,43
"OID20230","P04792","HSPB1",-0.158362797225367,0.310452718672475,43
"OID20231","P07204","THBD",-0.011569599252389,0.941301813384301,43
"OID20232","Q16773","KYAT1",-0.187848543975247,0.227708924851871,43
"OID20233","Q92520","FAM3C",-0.033057667585537,0.833321660239666,43
"OID20234","P19971","TYMP",-0.0422242639142341,0.788049775304769,43
"OID20235","Q8NBP7","PCSK9",-0.234717948136115,0.129760038354311,43
"OID20236","Q16270","IGFBP7",-0.214583935744442,0.167028560803484,43
"OID20237","P07911","UMOD",0.1487259031991,0.341182882497437,43
"OID20238","P55058","PLTP",-0.32513296773895,0.0333874715084182,43
"OID20239","Q13361","MFAP5",-0.209150076278357,0.178297182862448,43
"OID20240","P01130","LDLR",-0.150140744868265,0.336557596297822,43
"OID20241","P22748","CA4",-0.189387667672698,0.223852565290462,43
"OID20242","P54760","EPHB4",-0.187321933346441,0.22903878031077,43
"OID20243","P33151","CDH5",-0.25345517582773,0.10101683763299,43
"OID20244","P23141","CES1",-0.217249358276653,0.161693465618865,43
"OID20245","P15090","FABP4",-0.250554324646283,0.105114753662111,43
"OID20246","P08833","IGFBP1",-0.0592633155961017,0.705804832676726,43
"OID20247","P00750","PLAT",-0.180822567120275,0.245890626685588,43
"OID20248","P13598","ICAM2",-0.197197846265246,0.204977332725119,43
"OID20249","Q76LX8","ADAMTS13",-0.185104156784569,0.234697716141192,43
"OID20250","Q01638","IL1RL1",-0.00628081469277027,0.968114829368439,43
"OID20251","Q99988","GDF15",-0.458282256877005,0.00199845394611931,43
"OID20252","P04054","PLA2G1B",-0.295842378921072,0.0540837806398014,43
"OID20253","Q9UM47","NOTCH3",-0.255055225314819,0.0988095682295445,43
"OID20254","Q14767","LTBP2",-0.305328221962945,0.0464808352516245,43
"OID20255","Q03167","TGFBR3",-0.186120750237017,0.232092029100614,43
"OID20256","P04275","VWF",-0.187460299304205,0.228688848908583,43
"OID20257","Q5VY43","PEAR1",-0.180916910006242,0.245640180126288,43
"OID20258","Q06141","REG3A",-0.277099686102855,0.0720296813198999,43
"OID20259","P55808","XG",-0.343020585531631,0.0243309812656627,43
"OID20260","P48960","ADGRE5",-0.376027442696121,0.0129524678547355,43
"OID20261","P04066","FUCA1",-0.18440120933326,0.236511101599594,43
"OID20262","Q9NNX6","CD209",-0.263519909852782,0.0877436118993443,43
"OID20263","P02144","MB",-0.162946792958342,0.296473598103373,43
"OID20264","Q9UBP4","DKK3",-0.317939905432471,0.0377379949398713,43
"OID20265","O14798","TNFRSF10C",-0.264769531874928,0.0861949579248866,43
"OID20266","P48304","REG1B",-0.287399626605047,0.0616628753654802,43
"OID20267","P01589","IL2RA",-0.143890500563396,0.357284238922512,43
"OID20268","P09619","PDGFRB",-0.13563253044713,0.385826292591743,43
"OID20269","P08581","MET",-0.252386196817384,0.102512437030056,43
"OID20270","Q96AP7","ESAM",-0.301310020839537,0.0495882635016288,43
"OID20271","P07451","CA3",-0.360818806058454,0.0174532839645991,43
"OID20272","Q9Y275","TNFSF13B",-0.17714863647002,0.255777822557042,43
"OID20273","Q13740","ALCAM",-0.285885824618465,0.0631072371622036,43
"OID20274","P14555","PLA2G2A",-0.359823280883783,0.0177890276580694,43
"OID20275","P08118","MSMB",-0.0641181667638505,0.682919653466904,43
"OID20276","P07858","CTSB",-0.239557832110817,0.121809598617111,43
"OID20277","P32942","ICAM3",-0.302713116983379,0.0484846792062131,43
"OID20278","Q07507","DPT",-0.13097343166601,0.402504174268047,43
"OID20279","Q9NQ79","CRTAC1",-0.283971073106313,0.064972575432049,43
"OID20280","P15085","CPA1",-0.198856792534362,0.201116062148639,43
"OID20281","Q86U17","SERPINA11",-0.160806565526347,0.302949037511897,43
"OID20282","Q9H2A7","CXCL16",-0.117049294699557,0.454760953754677,43
"OID20283","O75326","SEMA7A",-0.335698387449394,0.027753176342459,43
"OID20284","P17931","LGALS3",-0.279893827152841,0.0690904453257598,43
"OID20285","Q9H1U4","MEGF9",-0.0950971192847467,0.544119516201995,43
"OID20286","P31146","CORO1A",-0.138465420001652,0.375887449988663,43
"OID20287","P17813","ENG",-0.265059190018073,0.0858390385157556,43
"OID20288","Q13822","ENPP2",-0.146964992915578,0.346993947792869,43
"OID20289","P15086","CPB1",-0.233630333734667,0.131598845700319,43
"OID20290","P16581","SELE",-0.12808508728891,0.413048973353752,43
"OID20291","P19021","PAM",-0.233659246129458,0.131549713872177,43
"OID20292","P12111","COL6A3",-0.240027472800486,0.121058093572818,43
"OID20293","Q15828","CST6",-0.238936835428302,0.122808683857569,43
"OID20294","P04080","CSTB",-0.208874787388519,0.178882216872218,43
"OID20295","P80370","DLK1",-0.33075296900085,0.0302834466700097,43
"OID20296","P08236","GUSB",-0.0153474571814076,0.922186314747087,43
"OID20297","Q14162","SCARF1",-0.149418576773219,0.338913575967248,43
"OID20298","P09093","CELA3A",-0.24903371936175,0.107312982719028,43
"OID20299","P48745","CCN3",-0.293621187278565,0.056001102972295,43
"OID20300","Q9Y4L1","HYOU1",-0.183936728346352,0.237714537835228,43
"OID20301","Q8N423","LILRB2",-0.323761232944503,0.0341836159043386,43
"OID20302","P15907","ST6GAL1",-0.299340765963826,0.0511712715132964,43
"OID20303","P35590","TIE1",-0.21172955694723,0.172881858319382,43
"OID20304","P78324","SIRPA",-0.24263102356249,0.116955172710828,43
"OID20305","P42574","CASP3",-0.191374556328857,0.218941127789616,43
"OID20306","Q13332","PTPRS",-0.121811194549673,0.436488685845308,43
"OID20307","Q12860","CNTN1",-0.239558049291052,0.121809250282077,43
"OID20308","Q8TDL5","BPIFB1",-0.19413403076731,0.212244299574727,43
"OID20309","P20160","AZU1",-0.391337906226936,0.0094601528263161,43
"OID20310","P10586","PTPRF",-0.225963708606766,0.145116090402596,43
"OID20311","P46531","NOTCH1",-0.261668566522958,0.0900775913785921,43
"OID20312","Q13231","CHIT1",-0.177968921151122,0.253547568386895,43
"OID20313","P04085","PDGFA",-0.234984332124613,0.129312610648889,43
"OID20314","P13686","ACP5",-0.301234197589421,0.0496484740294699,43
"OID20315","P05107","ITGB2",-0.247464501289771,0.109618066819595,43
"OID20316","P25445","FAS",-0.0273473104028786,0.861805366849945,43
"OID20317","O15031","PLXNB2",-0.177023087548812,0.25612032928929,43
"OID20318","Q14393","GAS6",-0.22107552489128,0.154253144810578,43
"OID20319","P00533","EGFR",-0.14724386717476,0.346069633988505,43
"OID20320","Q16769","QPCT",-0.18131364449754,0.244588877636297,43
"OID20321","O00584","RNASET2",-0.16087105210194,0.302752615132124,43
"OID20322","P10451","SPP1",-0.165598810893413,0.288574330463691,43
"OID20323","Q8NHL6","LILRB1",-0.287498608528406,0.0615693593129108,43
"OID20324","O75023","LILRB5",-0.144303517989514,0.355891221166204,43
"OID20325","P18065","IGFBP2",-0.292039086336139,0.0573997067798692,43
"OID20326","P19957","PI3",-0.274865394936808,0.07445021003865,43
"OID20327","Q9HD89","RETN",-0.316388394197573,0.0387347562678196,43
"OID20328","Q16663","CCL15",-0.297004385366577,0.0531019620047446,43
"OID20329","P24158","PRTN3",-0.246309708417884,0.11133831201536,43
"OID20330","Q12884","FAP",-0.227771994352828,0.141839227688784,43
"OID20331","P23284","PPIB",-0.144344613792831,0.355752794615376,43
"OID20332","P39060","COL18A1",-0.346022839017073,0.0230334442211175,43
"OID20333","P04746","AMY1C",-0.240705229259661,0.11997973167101,43
"OID20334","O15467","CCL16",-0.243701965934871,0.115298336905495,43
"OID20335","P02452","COL1A1",-0.0664168581053563,0.672179536555506,43
"OID20336","Q13867","BLMH",-0.333774670079073,0.0287157324140584,43
"OID20337","P42785","PRCP",-0.280197910677955,0.0687763805822192,43
"OID20338","O75594","PGLYRP1",-0.228066407280767,0.14131093373773,43
"OID20339","P13987","CD59",-0.354397953747715,0.0197159724356274,43
"OID20340","P19961","AMY2B",-0.220374875980065,0.155596532817866,43
"OID20341","P20062","TCN2",-0.199122626716524,0.200502103369656,43
"OID20342","P05121","SERPINE1",-0.244646436208979,0.113851965167349,43
"OID20343","P43121","MCAM",-0.192429351877802,0.216364259537454,43
"OID20344","P59665","DEFA1",0.00169701785086328,0.991382874933336,43
"OID20345","Q6EMK4","VASN",-0.0356718937380466,0.820349399131562,43
"OID20346","Q13508","ART3",0.0777253427873573,0.620310045423221,43
"OID20347","Q96KN2","CNDP1",0.0733269949906101,0.640286441675112,43
"OID20348","O95998","IL18BP",-0.278349924759902,0.0707025617659904,43
"OID20349","P00740","F9",-0.0354130485094563,0.821631786364923,43
"OID20350","P15144","ANPEP",-0.115412410575327,0.461136418446415,43
"OID20351","A1L4H1","SSC5D",-0.237725394002491,0.124775421293307,43
"OID20352","Q06033","ITIH3",0.0418673060495316,0.789800896832464,43
"OID20353","P12830","CDH1",-0.275945686261234,0.0732720037716115,43
"OID20354","P13591","NCAM1",-0.0969750394441914,0.536159928531819,43
"OID20355","P18428","LBP",0.0610512468700785,0.697345621480128,43
"OID20356","Q99650","OSMR",-0.161294646293335,0.301464399303287,43
"OID20357","Q12794","HYAL1",-0.0227598651943485,0.884815712439259,43
"OID20358","P07339","CTSD",-0.0434660912556864,0.78196584988985,43
"OID20359","P24821","TNC",0.156830032603509,0.31521887613168,43
"OID20360","Q86VB7","CD163",-0.188983416994671,0.224861054965645,43
"OID20361","Q14515","SPARCL1",-0.00634199834808768,0.967804386146031,43
"OID20362","P14543","NID1",-0.0343472756358239,0.826916706741564,43
"OID20363","P30530","AXL",-0.244054731173526,0.114756489642396,43
"OID20364","P07478","PRSS2",-0.0918842006065783,0.557867291847818,43
"OID20365","Q9UBR2","CTSZ",-0.204078086255933,0.189297518615342,43
"OID20366","O00533","CHL1",-0.0539261032844448,0.731262126694573,43
"OID20367","Q9BXJ1","C1QTNF1",-0.065147498551675,0.678102534011504,43
"OID20368","P35443","THBS4",-0.213107115282662,0.170038818352013,43
"OID20369","P02786","TFRC",0.0404724818203038,0.796653190218384,43
"OID20370","P10721","KIT",-0.134174525014503,0.391001178436823,43
"OID20371","Q07654","TFF3",0.149477112603761,0.338722231819617,43
"OID20372","P08709","F7",-0.227036944841244,0.143164572882494,43
"OID20373","Q99969","RARRES2",-0.0978476611576439,0.532480618086236,43
"OID20374","O95445","APOM",-0.188106499184013,0.227059444837538,43
"OID20375","Q96H15","TIMD4",-0.110816612449668,0.47929079644629,43
"OID20376","P05556","ITGB1",-0.22112479042757,0.154159005948403,43
"OID20377","P08174","CD55",-0.19444950283574,0.21148787480829,43
"OID20378","P08571","CD14",-0.0764692692638037,0.625988235740168,43
"OID20379","P16109","SELP",-0.117599645235335,0.452628197871373,43
"OID20380","P15529","CD46",-0.0972106551276034,0.535165268682583,43
"OID20381","P07359","GP1BA",0.0827579153803943,0.597780297509768,43
"OID20382","Q15485","FCN2",-0.162338833092799,0.298303895935703,43
"OID20383","P98160","HSPG2",-0.165022959085316,0.290277832456468,43
"OID20384","Q15113","PCOLCE",-0.122961954389162,0.432134971132958,43
"OID20385","P08887","IL6R",-0.173353285864577,0.266267454985115,43
"OID20386","P00441","SOD1",-0.243479654596619,0.115640800680304,43
"OID20387","O75015","FCGR3B",-0.00222012374941938,0.988726795536368,43
"OID20388","P10646","TFPI",-0.249582007167272,0.10651635728946,43
"OID20389","Q16853","AOC3",-0.215035092174736,0.166116688460884,43
"OID20390","O14786","NRP1",-0.195945269738486,0.207926935678813,43
"OID20391","P12318","FCGR2A",-0.159949883722551,0.305566179515518,43
"OID20392","P80188","LCN2",-0.19663523375822,0.206298544194382,43
"OID20393","P20023","CR2",0.108052559855046,0.490387504366714,43
"OID20394","Q9NZK5","ADA2",-0.295485468465722,0.0543882569367533,43
"OID20395","P55774","CCL18",-0.0238946502706223,0.87911423740961,43
"OID20396","P19320","VCAM1",-0.160997470350093,0.302367789137997,43
"OID20397","Q9NPY3","CD93",-0.100900726918912,0.519705361730419,43
"OID20398","P17936","IGFBP3",-0.0132356027654925,0.932867392289743,43
"OID20399","P36222","CHI3L1",-0.144629702367172,0.354793406517761,43
"OID20400","P01034","CST3",-0.198590850539086,0.201731590031273,43
"OID20401","Q16627","CCL14",-0.146392039959738,0.348897711177569,43
"OID20402","P04070","PROC",-0.0794521807760368,0.612539217407095,43
"OID20403","P03950","ANG",0.0657702889026043,0.675194092328398,43
"OID20404","Q9UGM5","FETUB",0.092815172877463,0.553867058536967,43
"OID20405","P49747","COMP",-0.382721677953226,0.0113097698792328,43
"OID20406","P27487","DPP4",-0.157956536472609,0.311711508456268,43
"OID20407","Q9Y5C1","ANGPTL3",-0.207377967112774,0.182087272960342,43
"OID20408","P41222","PTGDS",-0.00037626696473986,0.998089355864957,43
"OID20409","P00915","CA1",-0.311044055704198,0.042334315003369,43
"OID20410","P06681","C2",0.0998374461625515,0.524137213414964,43
"OID20411","P05362","ICAM1",-0.106018955573543,0.498635821794003,43
"OID20412","P13501","CCL5",-0.142419938970137,0.362270907275986,43
"OID20413","P24592","IGFBP6",-0.0293693173563534,0.851697704943174,43
"OID20414","Q12805","EFEMP1",-0.103399543314368,0.509363872036662,43
"OID20415","P05451","REG1A",-0.205844802059664,0.185412452665109,43
"OID20416","Q92820","GGH",0.00759598124606312,0.961442830783986,43
"OID20417","Q15582","TGFBI",0.0121397086965756,0.938414779358314,43
"OID20418","P01033","TIMP1",-0.211772116788052,0.172793513187957,43
"OID20420","Q13651","IL10RA",0.128263797687375,0.412391999527561,43
"OID20421","Q13219","PAPPA",0.0693878067685119,0.658393585740576,43
"OID20422","Q9UHF4","IL20RA",-0.0157477165866066,0.920163397236677,43
"OID20423","P63241","EIF5A",0.00865860085965731,0.956053910680394,43
"OID20424","P05412","JUN",0.207654148245402,0.181492838219585,43
"OID20425","Q96AX2","RAB37",0.050414192370588,0.748171937666144,43
"OID20427","P01584","IL1B",-0.0581086175933024,0.711286777434121,43
"OID20428","O95760","IL33",-0.085247811401737,0.586767675951259,43
"OID20429","Q8NHJ6","LILRB4",0.0203860275763008,0.896760790997168,43
"OID20430","P35225","IL13",0.110964555289098,0.478700602548821,43
"OID20431","P22301","IL10",-0.194460858434684,0.211460681895819,43
"OID20433","O95379","TNFAIP8",-0.0252384838952924,0.872370264677213,43
"OID20435","O43707","ACTN4",-0.0985192670711033,0.529657274312953,43
"OID20436","P28838","LAP3",-0.267959928367654,0.0823374790679502,43
"OID20437","Q9NP70","AMBN",0.115935907091767,0.459092249588835,43
"OID20438","Q6UXK5","LRRN1",-0.152792832100239,0.32799281354444,43
"OID20442","O60934","NBN",-0.0421968157329034,0.788184390851964,43
"OID20443","Q96P31","FCRL3",-0.321333953174645,0.0356306414248927,43
"OID20444","Q9Y478","PRKAB1",-0.0479020462680658,0.760340388349989,43
"OID20445","Q8TCS8","PNPT1",0.0996310988780733,0.52499944346419,43
"OID20447","Q5R372","RABGAP1L",-0.287419242896554,0.0616443333151978,43
"OID20449","Q8N6P7","IL22RA1",-0.10547332726838,0.500860913226237,43
"OID20450","P14784","IL2RB",-0.014625274416602,0.925837456137571,43
"OID20451","Q13459","MYO9B",0.0906760799722228,0.563078470840106,43
"OID20453","Q9NYY1","IL20",-0.18500032285025,0.234964976848361,43
"OID20455","P20809","IL11",0.0709915549109071,0.650997641190997,43
"OID20456","Q96PD4","IL17F",-0.0143112330210713,0.927425629816608,43
"OID20457","O76038","SCGN",-0.166244605869078,0.286671654552713,43
"OID20458","O95715","CXCL14",-0.0464899881601993,0.767205546249045,43
"OID20459","Q03426","MVK",-0.165754302531735,0.288115465304824,43
"OID20460","O14904","WNT9A",-0.422824809470886,0.00473148446772447,43
"OID20461","P26951","IL3RA",-0.150795069424355,0.334431729224216,43
"OID20462","Q9Y3P8","SIT1",0.200610680772202,0.197089678434039,43
"OID20463","Q96DB9","FXYD5",-0.15715418799542,0.314207070541178,43
"OID20464","P48061","CXCL12",-0.0889385692703538,0.570612542512472,43
"OID20467","Q9Y2J8","PADI2",0.0556778550087638,0.722873658527764,43
"OID20468","Q04759","PRKCQ",0.375415409970897,0.0131123074875252,43
"OID20469","Q16552","IL17A",0.0993491514361471,0.526178700801559,43
"OID20470","Q12968","NFATC3",-0.0207577836077913,0.894888569256138,43
"OID20471","Q14435","GALNT3",-0.103874492319725,0.507410075424658,43
"OID20472","P05113","IL5",-0.0942255102904473,0.547832961296063,43
"OID20473","P01375","TNF",-0.153226532536322,0.326605271157536,43
"OID20474","Q92844","TANK",0.0405932468707919,0.79605930772509,43
"OID20475","O43597","SPRY2",0.109214309049366,0.485707351465499,43
"OID20476","P13693","TPT1",-0.00830582778253656,0.957842745048415,43
"OID20477","Q9P0M4","IL17C",0.138116589653204,0.37710299206024,43
"OID20478","Q7Z739","YTHDF3",0.03680337178856,0.814749229076971,43
"OID20479","P42768","WAS",-0.00597737228857061,0.969654550889113,43
"OID20480","Q96RJ3","TNFRSF13C",-0.085087383906047,0.587474499235534,43
"OID20481","Q8TAD2","IL17D",-0.277332005081392,0.0717816018373102,43
"OID20482","Q7Z6M3","MILR1",-0.250535278717725,0.105142072513232,43
"OID20483","P30048","PRDX3",-0.0171870032930939,0.912893418042752,43
"OID20484","Q05084","ICA1",-0.180638263599249,0.246380383645347,43
"OID20485","P51617","IRAK1",-0.124859405344455,0.425009441095624,43
"OID20486","P42701","IL12RB1",-0.342191935642323,0.0246996657528207,43
"OID20487","Q9HB29","IL1RL2",-0.0690767072011161,0.659832034179085,43
"OID20490","P12034","FGF5",-0.00378650212464442,0.980774313889184,43
"OID20491","P09919","CSF3",0.0324241805608242,0.836471862768382,43
"OID20492","Q9BXJ7","AMN",-0.10032236882078,0.522113700334706,43
"OID20493","P18564","ITGB6",-0.180849731991448,0.245818496021713,43
"OID20494","P01591","JCHAIN",-0.152270544536909,0.32966865321465,43
"OID20495","P01579","IFNG",-0.0441301335918755,0.778717830457079,43
"OID20496","Q13291","SLAMF1",-0.249741830998614,0.106284995626107,43
"OID20497","Q8N8S7","ENAH",-0.157804401244403,0.312183728629687,43
"OID20498","Q13261","IL15RA",-0.15133029061347,0.332699034423969,43
"OID20500","P09874","PARP1",-0.130573708615564,0.403954148967012,43
"OID20501","Q0Z7S8","FABP9",0.126382428596189,0.419338145182883,43
"OID20502","P78362","SRPK2",-0.0249672180398041,0.873730897395128,43
"OID20503","P09038","FGF2",-0.155691217021635,0.318789848497393,43
"OID20504","O43736","ITM2A",-0.0406722164802101,0.795671022833374,43
"OID20505","O14867","BACH1",-0.227016575687236,0.14320142969106,43
"OID20506","Q8IU57","IFNLR1",-0.300969214998972,0.0498593579766134,43
"OID20507","Q12933","TRAF2",-0.242670961730237,0.11689306374902,43
"OID20508","Q06520","SULT2A1",0.105170778265397,0.502096898709334,43
"OID20509","O60575","SPINK4",-0.217645899679389,0.16091045996485,43
"OID20510","Q9Y5A7","NUB1",-0.0703705965767993,0.653857417417412,43
"OID20511","O60542","PSPN",0.101288045237501,0.518095622275468,43
"OID20512","P30838","ALDH3A1",-0.146401048865528,0.348867727748416,43
"OID20513","O43521-2","BCL2L11",-0.238642532867113,0.123284316903887,43
"OID20514","O60880","SH2D1A",-0.132349069241295,0.397537137183645,43
"OID20515","Q12778","FOXO1",-0.0301379272611504,0.847861611513096,43
"OID20516","Q7L8A9","VASH1",-0.112666553781865,0.471938334087483,43
"OID20517","P55957","BID",-0.125684232015026,0.421932688675944,43
"OID20519","Q6UB28","METAP1D",-0.103819823855518,0.507634771805423,43
"OID20520","P01903","HLA-DRA",-0.208465672584378,0.179754190446962,43
"OID20521","Q92609","TBC1D5",-0.0615930201323429,0.6947894170479,43
"OID20522","P01588","EPO",0.118134546052263,0.450560538100115,43
"OID20523","P80098","CCL7",0.0137726940983108,0.930149779741619,43
"OID20524","Q9UN19","DAPP1",-0.172030385397114,0.269989743993889,43
"OID20525","Q9UNE0","EDAR",-0.181509885006957,0.244069987768724,43
"OID20526","Q9C035","TRIM5",0.044657471693745,0.776141115749359,43
"OID20527","Q8N608","DPP10",-0.193088933536738,0.214763623242497,43
"OID20528","P23229","ITGA6",-0.117984390976818,0.451140442145753,43
"OID20529","Q6DN72","FCRL6",-0.145880630627291,0.350602366580603,43
"OID20530","P33241","LSP1",-0.263867489227819,0.0873107046640659,43
"OID20531","Q9UNK0","STX8",-0.085530595316805,0.585522690472714,43
"OID20532","P13747","HLA-E",-0.285105411606927,0.0638622978856648,43
"OID20533","P19474","TRIM21",-0.271615643039637,0.0780845276097488,43
"OID20534","O75475","PSIP1",-0.0877793548014427,0.575664616622936,43
"OID20535","P13232","IL7",0.0438434993110746,0.780119387109097,43
"OID20536","Q8IVG5","SAMD9L",-0.146293105730167,0.349227087641156,43
"OID20537","Q96LC7","SIGLEC10",-0.132802895747861,0.395906338549257,43
"OID20538","B1AKI9","ISM1",-0.0807763510688582,0.606608640627261,43
"OID20539","Q6ZMH5","SLC39A5",-0.111610962599078,0.476126355512164,43
"OID20540","P78410","BTN3A2",-0.209901530444406,0.17670720089618,43
"OID20541","P12872","MLN",-0.17479621587113,0.262246389004204,43
"OID20542","Q12765","SCRN1",-0.24662051951601,0.110873305736934,43
"OID20543","P58294","PROK1",0.140779663808326,0.367882322237629,43
"OID20544","Q9Y6K9","IKBKG",-0.178415627623566,0.252338527460139,43
"OID20545","O95644","NFATC1",-0.140474412813344,0.368932312969341,43
"OID20546","Q9Y258","CCL26",-0.0726580107827036,0.643347407208596,43
"OID20547","Q8WTT0","CLEC4C",0.128013920957495,0.413310760583539,43
"OID20548","Q3KPI0","CEACAM21",0.0900486132316706,0.565793912580385,43
"OID20549","Q9BT73","PSMG3",-0.297353552414696,0.0528097566035036,43
"OID20550","P20849","COL9A1",-0.0077048906833444,0.960890430443092,43
"OID20551","Q9HD26","GOPC",-0.214092567382066,0.168025823317947,43
"OID20552","P52564","MAP2K6",-0.122531565467049,0.43376043594878,43
"OID20553","Q9H0P0","NT5C3A",-0.287747488807958,0.0613347218013677,43
"OID20554","Q9NZN5","ARHGEF12",-0.12998708611977,0.406087533291753,43
"OID20555","P42575","CASP2",-0.0553758579794558,0.7243175524783,43
"OID20556","Q9UHC6","CNTNAP2",-0.0457932597865569,0.770599435790658,43
"OID20557","P45984","MAPK9",-0.150577860011904,0.335136505418002,43
"OID20558","P11274","BCR",-0.146450431388554,0.348703400893405,43
"OID20559","Q9UDT6","CLIP2",-0.110776855608433,0.479449465061273,43
"OID20560","Q14242","SELPLG",-0.358265256776649,0.0183254032953524,43
"OID20561","P78310","CXADR",-0.13699398948361,0.381030640549909,43
"OID20562","P40933","IL15",-0.0762689863399954,0.626895620856577,43
"OID20563","P05231","IL6",0.116162477273251,0.458209048039749,43
"OID20564","P24071","FCAR",-0.230556466778401,0.136900868518412,43
"OID20565","Q01151","CD83",-0.342207904845389,0.0246925169321365,43
"OID20566","O76036","NCR1",0.165917426883389,0.287634585043555,43
"OID20567","P19878","NCF2",-0.356981355230862,0.0187775906631658,43
"OID20568","P23582","NPPC",-0.0413825376617728,0.79218065207679,43
"OID20569","Q9NRJ3","CCL28",-0.0420920887016596,0.788698065022572,43
"OID20570","P26022","PTX3",-0.107840940305385,0.491242528559027,43
"OID20571","Q03431","PTH1R",0.0463025867493754,0.768117992630183,43
"OID20572","Q9GZT9","EGLN1",-0.317614833084307,0.0379450775623775,43
"OID20573","Q9UMR7","CLEC4A",-0.162595835839047,0.297529289909138,43
"OID20574","P13725","OSM",-0.138215258834448,0.376758930758265,43
"OID20575","P28845","HSD11B1",-0.20627288618101,0.184479689958803,43
"OID20576","P24394","IL4R",-0.0281810670649104,0.857634826701868,43
"OID20577","Q9NWZ3","IRAK4",-0.252594424484706,0.10221978534897,43
"OID20578","Q14773","ICAM4",-0.306120279997392,0.0458873361320512,43
"OID20579","Q16698","DECR1",-0.111419178123468,0.476889353272794,43
"OID20580","O60449","LY75",-0.380855302587652,0.0117487877673144,43
"OID20581","Q9UKX5","ITGA11",-0.248611948872257,0.107928872602632,43
"OID20582","O15169","AXIN1",-0.104625967040908,0.504326495390836,43
"OID20583","P50995","ANXA11",-0.117803195055413,0.451840768172165,43
"OID20584","P01730","CD4",-0.021891079562601,0.889184632738222,43
"OID20585","Q9NRM6","IL17RB",-0.146828304207832,0.347447547138637,43
"OID20586","P01374","LTA",0.0585718132728008,0.709086004331053,43
"OID20587","Q6ZUJ8","PIK3AP1",-0.370808322584505,0.0143702728709982,43
"OID20588","P16455","MGMT",-0.164526787978383,0.29175083571686,43
"OID20589","O94992","HEXIM1",-0.132968357879623,0.395312729467665,43
"OID20590","Q6UXB4","CLEC4G",-0.357591056869623,0.0185616972449346,43
"OID20591","P20783","NTF3",-0.161766340647193,0.300034045028518,43
"OID20592","O14788","TNFSF11",0.0443728838593762,0.777531395107594,43
"OID20593","Q29980","MICB",-0.126245373596389,0.4198467365201,43
"OID20594","Q8NDB2","BANK1",-0.127449909060284,0.415388836651335,43
"OID20595","Q8TD46","CD200R1",-0.164340686855412,0.292304566661754,43
"OID20596","P08727","KRT19",0.0500164059970451,0.750094818482854,43
"OID20597","Q9HCM2","PLXNA4",-0.154958237728391,0.321101678251469,43
"OID20598","P28827","PTPRM",-0.168331630595812,0.280578642580492,43
"OID20599","P32970","CD70",-0.0813045137844687,0.604250067433177,43
"OID20600","P01135","TGFA",-0.089362686518678,0.568769255790324,43
"OID20601","Q01344","IL5RA",0.187657635214223,0.228190415218261,43
"OID20602","Q9NQ25","SLAMF7",-0.0147273583543068,0.92532125708078,43
"OID20603","P41217","CD200",-0.118050388049645,0.450885509109707,43
"OID20604","P10144","GZMB",-0.033519755435265,0.831025412307515,43
"OID20605","P24001","IL32",-0.282040998415498,0.0668968917552089,43
"OID20606","P42702","LIFR",-0.183719478773106,0.238278842395466,43
"OID20607","Q9UIB8","CD84",-0.0677370515896949,0.666040063055461,43
"OID20608","P20340","RAB6A",-0.0342436710604905,0.827430864530463,43
"OID20609","Q8WXI8","CLEC4D",-0.172995320846509,0.267271299865329,43
"OID20610","P10147","CCL3",-0.153887794566644,0.324496767409614,43
"OID20611","P50591","TNFSF10",-0.340465924411783,0.0254825771817972,43
"OID20612","O15455","TLR3",0.133884098816102,0.392036810750418,43
"OID20613","P80162","CXCL6",-0.269680923586318,0.0803133408979344,43
"OID20614","Q08174","PCDH1",-0.153204058278785,0.326677082946041,43
"OID20615","P37235","HPCAL1",-0.160949689853796,0.302513199464221,43
"OID20616","P29965","CD40LG",-0.0813533898608878,0.604032006062825,43
"OID20617","Q07065","CKAP4",-0.255569822613329,0.0981076165586565,43
"OID20619","P22304","IDS",-0.0320763937893093,0.838202413478912,43
"OID20620","O00273","DFFA",-0.215136125255765,0.165912976506723,43
"OID20621","P01137","TGFB1",-0.150832240338634,0.334311213553235,43
"OID20622","Q6UXB2","CXCL17",-0.366515915115559,0.0156330899374613,43
"OID20623","Q9Y266","NUDC",-0.147420616800754,0.345484589511326,43
"OID20624","O43508","TNFSF12",-0.162416179477116,0.298070637725084,43
"OID20625","Q04637","EIF4G1",-0.196470987493931,0.206685372392164,43
"OID20626","P35613","BSG",-0.202317459686263,0.193226320366134,43
"OID20627","O60884","DNAJA2",-0.192414724248471,0.216399850513098,43
"OID20628","Q9BZW8","CD244",-0.120117667147138,0.442939906492217,43
"OID20629","Q12918","KLRB1",-0.153584796786157,0.325461846313804,43
"OID20630","P50452","SERPINB8",-0.151316377409786,0.332744005454423,43
"OID20631","P10145","CXCL8",-0.140646070547187,0.368341630564544,43
"OID20632","Q13241","KLRD1",-0.160572192836471,0.303663610079576,43
"OID20633","Q14005","IL16",-0.186685607616843,0.230652789428265,43
"OID20634","O94856","NFASC",-0.234078619390248,0.130838596953442,43
"OID20635","P40259","CD79B",-0.23707981098089,0.125833115922319,43
"OID20636","Q9BXN2","CLEC7A",-0.258033325497007,0.0948002009090703,43
"OID20637","P20273","CD22",-0.337071537228157,0.0270826131895813,43
"OID20638","Q9UQV4","LAMP3",-0.298162395499933,0.0521378329981643,43
"OID20639","Q96LA5","FCRL2",-0.346922140296001,0.0226562296644353,43
"OID20640","O43561","LAT",-0.212611648360971,0.171057463777963,43
"OID20641","P36959","GMPR",-0.280695022544015,0.0682653850428501,43
"OID20642","Q15661","TPSAB1",-0.119613862415278,0.444869147489348,43
"OID20643","Q96SB3","PPP1R9B",-0.0925626944941718,0.554950578611118,43
"OID20644","P30044","PRDX5",-0.225339977879284,0.146259225807257,43
"OID20645","P00813","ADA",-0.314751385015124,0.039809687928835,43
"OID20646","Q9Y6Q6","TNFRSF11A",-0.0403465732395277,0.797272487633568,43
"OID20647","O95971","CD160",-0.0654478076028947,0.676699505813974,43
"OID20648","P14317","HCLS1",-0.276442776062854,0.0727348157824453,43
"OID20649","P30203","CD6",-0.358195799848231,0.0183496288804448,43
"OID20650","P15692","VEGFA",-0.0639786604673614,0.68357348519623,43
"OID20651","O75077","ADAM23",0.0778129099642163,0.61991499668734,43
"OID20652","Q13478","IL18R1",0.108673830100606,0.487881792489623,43
"OID20653","P43489","TNFRSF4",-0.311650424600138,0.0419126933927339,43
"OID20654","P02745","C1QA",-0.0546260315961153,0.72790666294358,43
"OID20655","Q99616","CCL13",-0.321181104261021,0.0357234205532976,43
"OID20656","P14210","HGF",-0.309018629869107,0.043767741136068,43
"OID20657","Q12866","MERTK",-0.123177637594436,0.431321672459564,43
"OID20658","O00253","AGRP",-0.20486644685026,0.187556811026026,43
"OID20660","P43234","CTSO",0.0672201893609343,0.668441158512053,43
"OID20661","P49771","FLT3LG",-0.299986417933076,0.0506478304718493,43
"OID20662","O43915","VEGFD",-0.113703537916661,0.46784324767278,43
"OID20663","P12544","GZMA",-0.175800007298708,0.259473032128597,43
"OID20664","Q9H4D0","CLSTN2",-0.157642772636942,0.312685912771664,43
"OID20665","P48023","FASLG",0.308577815713398,0.0440848819747325,43
"OID20666","P29460","IL12B",-0.0623196669736008,0.691366182830141,43
"OID20667","Q15517","CDSN",-0.173196007814514,0.266708203250973,43
"OID20668","P51671","CCL11",-0.26368184814316,0.0875417121752635,43
"OID20669","Q16719","KYNU",-0.206621582270279,0.18372238288341,43
"OID20670","Q9HBG7","LY9",-0.239452739870991,0.121978243877768,43
"OID20671","P78556","CCL20",-0.189586603376279,0.223357422721472,43
"OID20672","P03956","MMP1",-0.324101818582555,0.0339844996018202,43
"OID20673","P49763","PGF",-0.212198963923187,0.171909266838015,43
"OID20674","O15444","CCL25",-0.190328900100933,0.221516538542901,43
"OID20675","Q07325","CXCL9",-0.273399203947067,0.0760730731715251,43
"OID20676","Q92484","SMPDL3A",0.0912983695556911,0.560391427514791,43
"OID20677","P21709","EPHA1",0.0705792198142056,0.652896070454694,43
"OID20678","P15260","IFNGR1",0.079317376054842,0.61314435035503,43
"OID20679","P53634","CTSC",-0.0276466516329068,0.860307596978209,43
"OID20680","Q5ZPR3","CD276",0.0872010045699163,0.578192757263464,43
"OID20681","Q9UJU6","DBNL",-0.0919673516387121,0.557509455997224,43
"OID20682","P30613","PKLR",-0.316284941537402,0.0388019775051209,43
"OID20683","O43639","NCK2",-0.0548612982650478,0.726779915276552,43
"OID20684","P35625","TIMP3",-0.167237220145375,0.283763100470309,43
"OID20685","P47712","PLA2G4A",-0.0619106130723377,0.693292494191235,43
"OID20686","O00585","CCL21",0.095389492750648,0.542876579321623,43
"OID20687","P09238","MMP10",0.258600466986949,0.094051100555624,43
"OID20688","P11684","SCGB1A1",-0.117499222354466,0.453016957181021,43
"OID20689","Q6UWV6","ENPP7",-0.019102569143831,0.903228682127698,43
"OID20690","Q9BZZ2","SIGLEC1",-0.0634461588553584,0.68607128707341,43
"OID20691","P25116","F2R",0.0485984036434167,0.756961475035739,43
"OID20692","P09326","CD48",-0.0273319146929811,0.861882413093328,43
"OID20693","P55773","CCL23",-0.131948326553939,0.39898041887582,43
"OID20694","Q14116","IL18",-0.100859956348324,0.519874953313866,43
"OID20695","P13236","CCL4",-0.14102601656488,0.367036235380985,43
"OID20696","Q08334","IL10RB",0.0798563060669668,0.610726640646621,43
"OID20697","P02778","CXCL10",-0.176693428471319,0.257021123261037,43
"OID20698","P01133","EGF",-0.0988860745586731,0.528118363676408,43
"OID20699","O75462","CRLF1",0.0972046587817349,0.535190571353992,43
"OID20700","P18510","IL1RN",0.12144162125545,0.437892051460189,43
"OID20701","Q9NZV1","CRIM1",0.120404112697425,0.441845065347801,43
"OID20702","O14836","TNFRSF13B",-0.211918089896718,0.172490751130899,43
"OID20703","Q9BY76","ANGPTL4",0.150518548547335,0.335329112449612,43
"OID20704","O76096","CST7",0.314899483665762,0.03971144818986,43
"OID20705","P21860","ERBB3",0.0149184574699556,0.924355024178241,43
"OID20706","Q99435","NELL2",0.22806435087821,0.141314618685997,43
"OID20707","P55145","MANF",-0.097203405980053,0.535195857851756,43
"OID20708","Q14210","LY6D",-0.107322995075007,0.49333847417423,43
"OID20709","P29279","CCN2",-0.183131135025314,0.23981163119077,43
"OID20710","Q9HC38","GLOD4",-0.208054181974069,0.180634291629194,43
"OID20711","Q99685","MGLL",-0.148187014728487,0.342954827142458,43
"OID20712","Q8NFT8","DNER",0.135092809028251,0.387737207119261,43
"OID20713","Q7KYR7","BTN2A1",-0.00383571349743381,0.980524494243481,43
"OID20714","P34896","SHMT1",-0.15696328478126,0.31480269893017,43
"OID20715","O95750","FGF19",0.0517701149280816,0.741628860420946,43
"OID20716","P19256","CD58",0.152078137319033,0.33028736473331,43
"OID20717","P29350","PTPN6",-0.17711478298694,0.255870147170211,43
"OID20718","P0DMV8","HSPA1A",-0.0637020021898439,0.684870790242303,43
"OID20719","P09603","CSF1",0.249723194786208,0.106311953713296,43
"OID20720","O43291","SPINT2",-0.0874552760306215,0.577080641961857,43
"OID20721","P12532","CKMT1B",0.0533538893695714,0.734009011951974,43
"OID20722","Q9Y3D6","FIS1",-0.0506431722195956,0.74706574252473,43
"OID20723","Q96PL1","SCGB3A2",0.0330544090558538,0.833337857700116,43
"OID20724","P25942","CD40",-0.0336509599861099,0.830373671265788,43
"OID20725","Q99983","OMD",0.083188751176027,0.595868286061918,43
"OID20726","Q9UKU9","ANGPTL2",-0.0908716748381959,0.562233248634467,43
"OID20727","P22466","GAL",-0.0929463486079251,0.553304507158904,43
"OID20728","Q8WXD2","SCG3",0.158924897109175,0.308716400228358,43
"OID20729","Q9NR12","PDLIM7",-0.0786334087443075,0.616218558676722,43
"OID20730","Q9H3U7","SMOC2",0.0562470396907296,0.720154884399832,43
"OID20731","Q9NZC2","TREM2",-0.181820205614729,0.243250972822305,43
"OID20732","Q8WU39","MZB1",0.204450641854424,0.188473489022334,43
"OID20733","O75888","TNFSF13",-0.0560565100538491,0.721064593036196,43
"OID20734","Q9Y6N7","ROBO1",-0.0048032604592118,0.9756131825478,43
"OID20735","O00300","TNFRSF11B",-0.0190640886089834,0.903422699474403,43
"OID20736","Q9UJA9","ENPP5",0.0403382705403254,0.79731332984222,43
"OID20737","Q6GTX8","LAIR1",-0.278034507231827,0.0710355399855733,43
"OID20738","Q5KU26","COLEC12",-0.0770522896486608,0.623349958648329,43
"OID20739","O00241","SIRPB1",0.220447636782408,0.155456628536599,43
"OID20740","Q15389","ANGPT1",-0.212703581734766,0.170868123505362,43
"OID20741","P01127","PDGFB",-0.140545063600183,0.368689131598181,43
"OID20742","P46109","CRKL",-0.130705979293454,0.403474011008816,43
"OID20743","P16422","EPCAM",-0.0968332632217477,0.536758873284169,43
"OID20744","O43598","DNPH1",-0.289323550930747,0.0598653574329353,43
"OID20745","Q92583","CCL17",-0.156547376445687,0.316102827954054,43
"OID20746","Q96KG7","MEGF10",0.0131928157590998,0.933083921810408,43
"OID20747","P24387","CRHBP",0.0457274787455306,0.770920086805092,43
"OID20748","P56470","LGALS4",0.159645092456619,0.306500780747497,43
"OID20749","Q9H008","LHPP",-0.389863467052126,0.00975687979960356,43
"OID20750","O14773","TPP1",0.205685202006534,0.185761066966861,43
"OID20751","Q6UXH1","CRELD2",0.0119522135179204,0.939364170657913,43
"OID20752","Q99895","CTRC",-0.107072735541223,0.494352837844804,43
"OID20753","Q9NQ76","MEPE",0.0747533611531364,0.633779737367409,43
"OID20754","Q4KMG0","CDON",0.0157126743222997,0.920340481723962,43
"OID20755","Q9UHX3","ADGRE2",-0.209069778197625,0.178467687639898,43
"OID20756","Q15109","AGER",-0.0906344313434803,0.563258522837717,43
"OID20757","P27930","IL1R2",-0.090462165058175,0.564003534384416,43
"OID20758","Q9NQ30","ESM1",0.136898227943229,0.381366797605901,43
"OID20759","Q9HCB6","SPON1",-0.0229256413582313,0.883982441738102,43
"OID20760","Q9UII2","ATP5IF1",-0.0437441504375736,0.780605334513705,43
"OID20761","O75563","SKAP2",-0.0791569842887327,0.613864673369297,43
"OID20762","P09341","CXCL1",-0.0141045726797523,0.92847090711046,43
"OID20763","Q16651","PRSS8",-0.0315338545910354,0.840903534291359,43
"OID20764","Q03405","PLAUR",-0.0362291292605216,0.817590281060722,43
"OID20765","O00626","CCL22",-0.0826873728307121,0.598093614657752,43
"OID20766","P51888","PRELP",0.14881230428532,0.340899308924652,43
"OID20767","O00339","MATN2",-0.0370300463578641,0.813628405034553,43
"OID20768","P36941","LTBR",0.0431013057457517,0.783751682373195,43
"OID20769","Q16363","LAMA4",-0.0489471495504722,0.75527094126578,43
"OID20770","P19883","FST",0.303972644579218,0.0475110096673343,43
"OID20771","Q9BU40","CHRDL1",-0.0976446356061118,0.533335552492609,43
"OID20772","O00175","CCL24",-0.133998083359776,0.391630161805486,43
"OID20773","Q99538","LGMN",0.217449393112743,0.161298133905029,43
"OID20774","Q14118","DAG1",-0.0602357426840765,0.701199584667476,43
"OID20775","P54317","PNLIPRP2",0.376975507941857,0.0127081460142066,43
"OID20776","Q8IYS5","OSCAR",-0.091311945931779,0.56033287153456,43
"OID20777","Q15166","PON3",-0.204372414382938,0.188646303221863,43
"OID20778","P07148","FABP1",0.139341528802849,0.372844829918211,43
"OID20779","O95866","MPIG6B",-0.117176346157025,0.454268111919008,43
"OID20780","P15291","B4GALT1",-0.0396820106568145,0.800543251319544,43
"OID20781","O00182","LGALS9",-0.309037348987145,0.0437543149528195,43
"OID20782","O95633","FSTL3",-0.0549560562286749,0.726326257544868,43
"OID20783","Q92956","TNFRSF14",0.0242271669978944,0.877444710859169,43
"OID20784","Q9BYZ8","REG4",-0.140222254150073,0.369801030947089,43
"OID20785","Q8TEU8","WFIKKN2",0.265100839380754,0.0857879557381288,43
"OID20786","O00468","AGRN",-0.101485578327666,0.517275609110839,43
"OID20787","Q03403","TFF2",-0.0946379976666968,0.546074077390841,43
"OID20788","P19876","CXCL3",-0.0883499790474211,0.573175187281413,43
"OID20789","Q13232","NME3",-0.0757897410528943,0.62906905528484,43
"OID20790","Q86VW0","SESTD1",-0.0894135174476212,0.568548519799561,43
"OID20792","Q92597","NDRG1",-0.149845138868505,0.337520743423493,43
"OID20793","A1E959","ODAM",-0.0476123270248116,0.76174748609893,43
"OID20796","P51531","SMARCA2",-0.0615154482753171,0.695155213878467,43
"OID20797","O14579","COPE",-0.0787291054865321,0.615788041460784,43
"OID20798","P15336","ATF2",-0.119853771574165,0.44394987816613,43
"OID20799","P53985","SLC16A1",-0.250737285607088,0.104852596746095,43
"OID20801","P22676","CALB2",0.0162963348014296,0.917391482437783,43
"OID20803","Q4LE39","ARID4B",0.0711039245160803,0.650480658090914,43
"OID20804","Q9NSK7","C19orf12",-0.0359041040277199,0.819199361679324,43
"OID20805","Q8WTV0","SCARB1",0.00550716746731804,0.9720406681758,43
"OID20806","Q9UKV5","AMFR",0.103544089988611,0.508768849443264,43
"OID20807","P45452","MMP13",-0.141763898506199,0.364509010467013,43
"OID20808","Q96JP9","CDHR1",-0.0767796925746189,0.624582935162352,43
"OID20811","P48047","ATP5PO",-0.0890241871223423,0.570240211905892,43
"OID20812","Q6ZMC9","SIGLEC15",-0.153883700452134,0.324509795614672,43
"OID20814","Q6P1M0","SLC27A4",-0.0408166094733408,0.794961184387772,43
"OID20816","P13385","TDGF1",0.125879910323359,0.421204623081404,43
"OID20818","P05455","SSB",-0.26357112063736,0.0876797247979725,43
"OID20819","O96013","PAK4",0.10875268694336,0.487564222907289,43
"OID20820","Q9NXA8","SIRT5",-0.0337878560878523,0.829693777970632,43
"OID20821","Q8N2G4","LYPD1",-0.174130697699055,0.26409596592276,43
"OID20822","P49023","PXN",0.00565405545154908,0.971295238594962,43
"OID20824","P15018","LIF",-0.158423367760026,0.31026531938564,43
"OID20827","P51452","DUSP3",-0.212410637177756,0.171471980823693,43
"OID20828","P09769","FGR",-0.174288915132059,0.263655472704961,43
"OID20829","P14625","HSP90B1",0.0825202320189534,0.598836262703842,43
"OID20832","Q9UM07","PADI4",-0.216093103416436,0.163992397817787,43
"OID20833","P26440","IVD",-0.155706700508373,0.318741126756768,43
"OID20834","P29474","NOS3",-0.203725995182271,0.190078631101238,43
"OID20835","O60240","PLIN1",0.0340759456008192,0.828263385544797,43
"OID20836","P41208","CETN2",-0.080701870302963,0.606941561825964,43
"OID20837","Q9Y6E0","STK24",-0.117335456185225,0.453651321636635,43
"OID20838","Q9UJY5","GGA1",-0.0276183895907705,0.860448987020194,43
"OID20839","P30039","PBLD",-0.173626757710164,0.265502240755575,43
"OID20840","Q5JZY3","EPHA10",-0.0633584350617283,0.686483090373148,43
"OID20841","Q02643","GHRHR",-0.241917648059496,0.118068770233193,43
"OID20842","Q9BW30","TPPP3",-0.340099171265992,0.025651569872274,43
"OID20843","Q16864","ATP6V1F",-0.0538260377559545,0.731742248270936,43
"OID20844","Q9HA65","TBC1D17",-0.194454278309839,0.211476438827037,43
"OID20845","Q96PP9","GBP4",-0.0156123016811853,0.920847731317912,43
"OID20846","Q9Y680","FKBP7",-0.126168692255055,0.420131442129379,43
"OID20847","Q03393","PTS",-0.240921764515011,0.119636738849412,43
"OID20848","P01375","TNF",-0.134481949898608,0.389906675302046,43
"OID20849","P58417","NXPH1",-0.376770038123309,0.0127607608061219,43
"OID20850","Q15126","PMVK",-0.136110044775357,0.384140252720649,43
"OID20851","Q6UX27","VSTM1",-0.158962337005203,0.308600968972588,43
"OID20852","Q15043","SLC39A14",-0.00343715712825434,0.982547801170432,43
"OID20853","Q9UK53","ING1",0.161881927997736,0.299684206562943,43
"OID20855","Q9H0C8","ILKAP",-0.239333273456503,0.122170169249159,43
"OID20856","Q07812","BAX",-0.0686164156477291,0.661962531560069,43
"OID20857","Q9Y5P4","CERT1",-0.0525849070549264,0.737705637502165,43
"OID20858","Q9H2W6","MRPL46",0.00795359331143512,0.95962905224156,43
"OID20859","Q9Y2V2","CARHSP1",-0.266320334968258,0.0843027071795642,43
"OID20860","P13647","KRT5",-0.0277147146049746,0.859967107565524,43
"OID20861","P39905","GDNF",-0.127155678049598,0.416475271855443,43
"OID20862","O94813","SLIT2",-0.0995558250136115,0.525314152133199,43
"OID20863","P29475","NOS1",-0.0660035685431632,0.674105870730837,43
"OID20864","O14523","C2CD2L",-0.24466834820433,0.113818572949738,43
"OID20865","Q9UBB4","ATXN10",-0.0255429907997462,0.87084333257695,43
"OID20866","Q9H3R2","MUC13",-0.36832486489283,0.0150898901844514,43
"OID20867","Q9NRG1","PRTFDC1",-0.130808653347643,0.403101534741827,43
"OID20868","Q16762","TST",-0.117567240628155,0.452753623480735,43
"OID20870","Q15633","TARBP2",-0.134064554698322,0.391393133830727,43
"OID20871","P07196","NEFL",-0.279662611996722,0.069330008097543,43
"OID20872","P49789","FHIT",-0.222063211282426,0.15237384597381,43
"OID20873","Q6UWL6","KIRREL2",0.083873048475023,0.592836966758125,43
"OID20874","O94985","CLSTN1",-0.215931065892395,0.164316454727537,43
"OID20875","Q9Y2W6","TDRKH",-0.0799838253108388,0.610155169044788,43
"OID20876","P09211","GSTP1",0.0203997683067334,0.896691580606005,43
"OID20877","P61244","MAX",-0.0743062096884555,0.635816621359982,43
"OID20878","Q96FQ6","S100A16",-0.205714220586284,0.185697647019626,43
"OID20879","O00399","DCTN6",0.0198345962605632,0.899538902475038,43
"OID20880","Q13308","PTK7",0.12399462221015,0.428248745667247,43
"OID20881","P23276","KEL",-0.243547439661365,0.115536298387834,43
"OID20882","Q9UPY6","WASF3",-0.108317749416737,0.489317125542303,43
"OID20883","Q8WUW1","BRK1",-0.34743909456456,0.0224417406744731,43
"OID20884","O95466","FMNL1",-0.102791016287956,0.511872699967389,43
"OID20885","Q9NS71","GKN1",-0.0689511632373339,0.660412862263826,43
"OID20886","Q9UJ72","ANXA10",-0.152061535966058,0.330340782529788,43
"OID20887","P30519","HMOX2",-0.152973422811299,0.32741460098955,43
"OID20888","Q86Z14","KLB",-0.0806217170097997,0.607299926390999,43
"OID20889","Q6UXK2","ISLR2",0.00268369628814194,0.986373097464384,43
"OID20890","Q92917","GPKOW",-0.205571328352066,0.186010086180192,43
"OID20891","P42892","ECE1",-0.0931682739554982,0.552353387488097,43
"OID20892","Q9UHV9","PFDN2",0.0180769881614754,0.908401488334422,43
"OID20893","Q92851","CASP10",-0.00677153059001264,0.965625092939594,43
"OID20894","Q9NQ88","TIGAR",0.0553704039296653,0.724343637824393,43
"OID20895","Q96B36","AKT1S1",-0.246882966630847,0.110481807942955,43
"OID20896","O95994","AGR2",-0.283041430372001,0.0658938823951411,43
"OID20897","P16444","DPEP1",-0.0859789961170282,0.583550984687736,43
"OID20899","Q9Y4K4","MAP4K5",-0.119957291431877,0.443553539849556,43
"OID20900","O95256","IL18RAP",0.010354276617183,0.947458640576227,43
"OID20901","P52943","CRIP2",-0.322510099842731,0.0349233214010922,43
"OID20902","P63098","PPP3R1",-0.249062566062353,0.107270957488939,43
"OID20903","P14868","DARS1",-0.16343829483082,0.294999203489005,43
"OID20904","Q9Y6D9","MAD1L1",-0.183487405848698,0.238882655588224,43
"OID20905","O14944","EREG",-0.00309979161856643,0.984260552227254,43
"OID20906","Q86WV1","SKAP1",-0.13841553656918,0.376061132043271,43
"OID20907","P29218","IMPA1",-0.162848231970447,0.29676982917266,43
"OID20908","P18031","PTPN1",-0.13772349818731,0.378475560316904,43
"OID20909","P36269","GGT5",-0.376202189192646,0.0129071363738427,43
"OID20910","Q16740","CLPP",-0.0642987905680551,0.682073454319754,43
"OID20911","P05231","IL6",0.099832923903063,0.524156102356666,43
"OID20912","Q92932","PTPRN2",0.0711727849140436,0.650163929435444,43
"OID20913","Q9HAN9","NMNAT1",-0.25770678143287,0.0952335948781019,43
"OID20914","O95727","CRTAM",-0.425126196869049,0.00448623734007036,43
"OID20915","P15509","CSF2RA",-0.08713210919298,0.578494254211968,43
"OID20916","P11464","PSG1",-0.156670772129255,0.315716739593982,43
"OID20917","Q8NBI3","DRAXIN",-0.0776968619704854,0.620438555930871,43
"OID20918","O00559","EBAG9",-0.129487448584848,0.407909674433625,43
"OID20919","Q9BZM5","ULBP2",-0.104799861762009,0.503614299203405,43
"OID20921","Q96IU4","ABHD14B",-0.358412962782927,0.0182739751389125,43
"OID20922","Q8TCT1","PHOSPHO1",-0.256141314189786,0.0973325580067868,43
"OID20923","P78560","CRADD",-0.265903749993452,0.084807804453489,43
"OID20924","Q08629","SPOCK1",0.00481246390305856,0.975566469444464,43
"OID20925","P09466","PAEP",0.253016517683607,0.101628522619787,43
"OID20926","O00308","WWP2",-0.288376177469998,0.0607451852745369,43
"OID20927","P07741","APRT",-0.38099524269656,0.011715373277146,43
"OID20928","Q8IUN9","CLEC10A",-0.118382952846419,0.449602075641028,43
"OID20930","Q9HD42","CHMP1A",-0.172201016004274,0.269507714530523,43
"OID20931","Q02083","NAAA",0.203213102530607,0.19122056706096,43
"OID20932","P50453","SERPINB9",-0.211115859599219,0.17415937952532,43
"OID20933","O60609","GFRA3",-0.259349467448703,0.093068806759172,43
"OID20934","Q9UBT3","DKK4",-0.309879216602416,0.0431539428702457,43
"OID20935","P52798","EFNA4",-0.246948084271897,0.110384833576496,43
"OID20936","Q2TAL6","VWC2",-0.0373008577657772,0.812289822026055,43
"OID20937","Q13451","FKBP5",-0.111834314733372,0.475238581253459,43
"OID20938","Q2MKA7","RSPO1",-0.290364793266714,0.058910121820465,43
"OID20939","Q96NZ8","WFIKKN1",-0.0198925198742649,0.899247026958163,43
"OID20940","Q9H5V8","CDCP1",-0.264534624708764,0.0864844436265007,43
"OID20941","P38484","IFNGR2",0.165700518643024,0.288274131164161,43
"OID20942","Q15814","TBCC",-0.170121940776134,0.275419864812817,43
"OID20943","Q14108","SCARB2",-0.379369813613792,0.0121085340765543,43
"OID20944","P78333","GPC5",-0.111753601522333,0.475559297067542,43
"OID20945","Q9Y6Y9","LY96",-0.166075377104217,0.28716945490935,43
"OID20946","O43155","FLRT2",-0.263473253818124,0.087801848267974,43
"OID20947","Q9H3S3","TMPRSS5",-0.241973327934915,0.117981565449577,43
"OID20948","Q53H47","SETMAR",-0.18040975052463,0.246988533795225,43
"OID20949","P16278","GLB1",0.025633696637298,0.870388582784889,43
"OID20950","P08134","RHOC",-0.172629112249867,0.268300851721376,43
"OID20951","Q8NFP4","MDGA1",-0.170753111354928,0.273616104044517,43
"OID20952","P40222","TXLNA",-0.250396734100324,0.105340959636643,43
"OID20953","O43557","TNFSF14",-0.0311790546250503,0.842670942242711,43
"OID20954","P48740","MASP1",-0.237215094781504,0.125610917887442,43
"OID20955","O95630","STAMBP",-0.309840343451885,0.0431815166109238,43
"OID20956","Q6XZF7","DNMBP",-0.108844396109786,0.487195030056936,43
"OID20957","Q92752","TNR",0.0694816558577824,0.657959889073655,43
"OID20958","Q6P1N0","CC2D1A",-0.13948867502264,0.372335253626787,43
"OID20959","Q8WV92","MITD1",-0.103909414453539,0.507266566037717,43
"OID20960","Q02790","FKBP4",-0.141575470589866,0.36515337304488,43
"OID20961","P06748","NPM1",-0.131747971331505,0.399703138840823,43
"OID20962","Q06830","PRDX1",-0.0304621729151134,0.846244352640752,43
"OID20963","P22079","LPO",0.195299844224545,0.20945831600041,43
"OID20964","O95407","TNFRSF6B",0.147782257418606,0.344289445470602,43
"OID20965","Q6ISS4","LAIR2",-0.0599997575910167,0.702316206086469,43
"OID20966","Q9NZQ7","CD274",-0.0757137740082889,0.629413859803028,43
"OID20967","O00220","TNFRSF10A",-0.0737700013944586,0.638262681727144,43
"OID20968","Q92765","FRZB",-0.233794767636214,0.131319599958459,43
"OID20969","Q06323","PSME1",-0.311684101000561,0.0418893781028006,43
"OID20970","Q6UX15","LAYN",-0.349074472313937,0.021774366913442,43
"OID20971","O76070","SNCG",-0.195435935837554,0.209134763383119,43
"OID20972","O95817","BAG3",0.132283630158439,0.397772609886601,43
"OID20973","O14618","CCS",-0.327700872339478,0.0319381337246348,43
"OID20974","O60242","ADGRB3",-0.123348964524117,0.430676241970084,43
"OID20975","P50135","HNMT",-0.148143585711903,0.34309787426711,43
"OID20976","P78423","CX3CL1",-0.285773435952081,0.0632155348458059,43
"OID20977","Q8WWN9","IPCEF1",-0.230595682433938,0.136832242374981,43
"OID20978","P02771","AFP",-0.27202321167905,0.077621247446464,43
"OID20979","O15232","MATN3",-0.015275511577926,0.922549980758557,43
"OID20980","Q9NPH6","OBP2B",0.105731685842547,0.499806686714228,43
"OID20981","O14763","TNFRSF10B",-0.308411228741399,0.0442052170177198,43
"OID20982","O15197","EPHB6",-0.218448768104694,0.159333577992769,43
"OID20983","P01258","CALCA",-0.123908849847703,0.42857078398767,43
"OID20984","Q8N474","SFRP1",-0.0514314717459762,0.743261337441269,43
"OID20985","Q07011","TNFRSF9",-0.406499878309919,0.00683142306702669,43
"OID20986","Q9H477","RBKS",-0.299318890071954,0.0511890827521254,43
"OID20987","P56279","TCL1A",-0.166669753972103,0.285423523113248,43
"OID20988","P08962","CD63",-0.229031782141549,0.139588880387727,43
"OID20989","Q9UL46","PSME2",-0.241658128389563,0.118475867453872,43
"OID20990","P07306","ASGR1",0.0876185318337487,0.576367116774017,43
"OID20992","Q9BYC5","FUT8",-0.105076724874817,0.502481445778742,43
"OID20993","Q99426","TBCB",-0.162179932108353,0.298783471506311,43
"OID20994","P12644","BMP4",-0.0588113983629218,0.707948583466276,43
"OID20995","P28325","CST5",-0.155827840688798,0.318360098154498,43
"OID20996","Q9NR71","ASAH2",0.0778909218238853,0.619563144556384,43
"OID20997","P10145","CXCL8",-0.17173392984358,0.270828580553004,43
"OID20998","Q96GW7","BCAN",0.152049729912873,0.33037877387481,43
"OID20999","P37023","ACVRL1",-0.265713615917603,0.085039118365986,43
"OID21000","P23588","EIF4B",-0.22994243418413,0.137978742513647,43
"OID21001","Q9P0K1","ADAM22",0.0097045493496899,0.950751422777012,43
"OID21002","O15496","PLA2G10",-0.129787127142154,0.406816206535102,43
"OID21003","Q9BS40","LXN",-0.207155544326573,0.182567011400825,43
"OID21004","P13500","CCL2",-0.0407492398115327,0.79529235450555,43
"OID21005","P55291","CDH15",0.0601557663648239,0.70157794278815,43
"OID21006","O94779","CNTN5",-0.225910504270834,0.14521334221725,43
"OID21007","Q9HCK4","ROBO2",0.0170767881656036,0.913449884969715,43
"OID21008","P22223","CDH3",0.00517982917219648,0.973701933669896,43
"OID21009","Q08345","DDR1",-0.174687471212794,0.262548016682871,43
"OID21010","Q08708","CD300C",-0.0609205050266301,0.697962987027618,43
"OID21011","P15151","PVR",-0.0409174831977159,0.794465384342164,43
"OID21012","Q8NBS9","TXNDC5",0.0057058533250497,0.971032379612776,43
"OID21013","P21217","FUT3",-0.181574540675798,0.243899191449082,43
"OID21014","P52823","STC1",-0.0611043679641902,0.697094837714957,43
"OID21015","Q9H446","RWDD1",-0.148220244597446,0.342845398904983,43
"OID21016","Q9NP79","VTA1",-0.188341537376194,0.226468773642515,43
"OID21017","P15311","EZR",-0.207419759885819,0.181997231683108,43
"OID21018","P01732","CD8A",-0.169705567496296,0.276614044666782,43
"OID21019","P22894","MMP8",-0.0868848797051387,0.579576754477443,43
"OID21020","Q92854","SEMA4D",0.0205818308247515,0.895774625453549,43
"OID21021","O14737","PDCD5",-0.185635341492169,0.23333372980548,43
"OID21022","Q9UNZ2","NSFL1C",-0.217503743126744,0.161190842719776,43
"OID21023","P35237","SERPINB6",0.014860525638278,0.924647927077397,43
"OID21024","O43927","CXCL13",-0.00138160241133541,0.992984448626243,43
"OID21025","P28906","CD34",0.0866084527397617,0.580788178963477,43
"OID21026","P13611","VCAN",0.0420552103937493,0.788878969999891,43
"OID21027","Q96CD2","PPCDC",-0.141742312751457,0.364582792051127,43
"OID21028","P17405","SMPD1",0.095766256742484,0.54127689294396,43
"OID21029","Q10589","BST2",-0.186547138367787,0.23100503847411,43
"OID21030","Q99731","CCL19",-0.155117282621606,0.320599154290931,43
"OID21031","P50225","SULT1A1",-0.100909657106544,0.519668218883578,43
"OID21032","Q8NBJ7","SUMF2",-0.0123019298728566,0.937593432207295,43
"OID21033","P01236","PRL",0.21702692740989,0.162133885407225,43
"OID21034","Q14739","LBR",-0.0706414824135884,0.652609268497704,43
"OID21035","P13473","LAMP2",0.173357077297126,0.266256836022421,43
"OID21036","P12429","ANXA3",-0.101764463501491,0.516118984122231,43
"OID21037","P06733","ENO1",-0.170285290643824,0.274952295615198,43
"OID21038","P05060","CHGB",-0.0264463650015218,0.866316162853055,43
"OID21039","P78325","ADAM8",0.0321171184661248,0.837999732613427,43
"OID21040","P04233","CD74",-0.0502828483301177,0.748806682510593,43
"OID21041","O00214","LGALS8",0.0566078698612884,0.718433099506461,43
"OID21042","O14625","CXCL11",-0.177543076863244,0.254703754428729,43
"OID21043","Q01469","FABP5",-0.198427258333316,0.202110883671585,43
"OID21044","Q6P4E1","GOLM2",0.0838506674022968,0.592936003313323,43
"OID21045","Q6NW40","RGMB",-0.0282629514801696,0.85722543647038,43
"OID21046","P09104","ENO2",-0.019537589593085,0.90103571573201,43
"OID21047","P01178","OXT",0.148821440010383,0.340869333422712,43
"OID21048","Q96GP6","SCARF2",-0.290564049938144,0.058728720180963,43
"OID21049","P28908","TNFRSF8",-0.0751083507758121,0.632164572596476,43
"OID21050","P04216","THY1",0.168893136551411,0.278953908862292,43
"OID21051","Q10588","BST1",0.186290331663793,0.2316592975052,43
"OID21052","O75509","TNFRSF21",0.0646140508015687,0.680597423371675,43
"OID21053","Q9BRF8","CPPED1",-0.256206118186203,0.0972449689699794,43
"OID21054","P14384","CPM",0.0202643582677651,0.897373657479385,43
"OID21055","O14594","NCAN",0.331098948215415,0.0301004336672037,43
"OID21056","P25774","CTSS",0.0612494262383983,0.696410182492106,43
"OID21057","Q16288","NTRK3",-0.0631606142455538,0.687412052806708,43
"OID21058","Q6ZMJ2","SCARA5",-0.276345876801469,0.0728392872634775,43
"OID21059","P30533","LRPAP1",-0.144142715133258,0.356433181629337,43
"OID21060","P48052","CPA2",0.0306119192997456,0.845497663965971,43
"OID21061","Q9P126","CLEC1B",-0.0519329330062071,0.740844370869947,43
"OID21062","P14207","FOLR2",0.229398097543412,0.138939526856653,43
"OID21063","P21757","MSR1",-0.219173108883366,0.15792061407345,43
"OID21064","P57087","JAM2",-0.222532028346951,0.151487710007992,43
"OID21065","Q96B86","RGMA",0.269633866689193,0.0803681641088703,43
"OID21066","O94907","DKK1",-0.187085938555621,0.229636464102906,43
"OID21067","Q9UBW5","BIN2",-0.142921304771764,0.360566082487007,43
"OID21068","O76076","CCN5",-0.0839571215346318,0.592465007551766,43
"OID21069","P01215","CGA",-0.424458781272219,0.00455619228717586,43
"OID21070","P05067","APP",-0.319663781453541,0.0366552372731265,43
"OID21071","P11215","ITGAM",-0.380596050478523,0.0118109062678817,43
"OID21072","P02749","APOH",-0.264777830188908,0.0861847453714418,43
"OID21073","P14174","MIF",-0.291772170461413,0.0576383979428222,43
"OID21074","Q15818","NPTX1",-0.308748277520414,0.0439620236254133,43
"OID21075","P19440","GGT1",-0.324725531791545,0.033622333365091,43
"OID21076","P50895","BCAM",-0.285911793947634,0.0630822341346231,43
"OID21077","P31948","STIP1",-0.246695628496244,0.110761156561911,43
"OID21078","Q9NZD4","AHSP",-0.329875448644945,0.030751760622589,43
"OID21079","Q02487","DSC2",-0.295767546164994,0.0541475058898398,43
"OID21080","Q04900","CD164",-0.314103942055519,0.0402414964014558,43
"OID21081","O60462","NRP2",-0.33650866541864,0.0273558390847883,43
"OID21082","O15389","SIGLEC5",-0.0258096640652734,0.869506495494075,43
"OID21083","P08254","MMP3",-0.142208027621835,0.362992941636276,43
"OID21084","P23381","WARS1",-0.296940343255444,0.0531556974182055,43
"OID21085","Q14112","NID2",-0.15631822479306,0.31682060370514,43
"OID21086","P12081","HARS1",-0.248479073977817,0.108123460017494,43
"OID21087","P30086","PEBP1",-0.353506435311936,0.020048818119275,43
"OID21088","P30740","SERPINB1",-0.256643857760811,0.0966549084991857,43
"OID21089","Q96F46","IL17RA",-0.210406379319445,0.175644733644963,43
"OID21090","Q86T13","CLEC14A",-0.328999986373437,0.0312249254700027,43
"OID21091","Q9HCN6","GP6",-0.125548511888939,0.422438083192299,43
"OID21092","Q9P232","CNTN3",-0.235262929825569,0.128845903597221,43
"OID21093","P55103","INHBC",-0.237207684686587,0.125623081036079,43
"OID21094","Q96FE7","PIK3IP1",-0.286422673743082,0.0625919647769286,43
"OID21095","O15394","NCAM2",-0.28248073744588,0.0664545395200319,43
"OID21096","P23280","CA6",-0.282899364829235,0.0660355825995323,43
"OID21097","P00995","SPINK1",-0.22576301626609,0.145483185718958,43
"OID21098","Q9UGT4","SUSD2",-0.405971642800379,0.0069110611179453,43
"OID21099","Q14696","MESD",-0.165371289467279,0.289246614146842,43
"OID21100","P05164","MPO",-0.321292692582438,0.0356556670403143,43
"OID21101","Q02747","GUCA2A",-0.207361791840385,0.182122130637574,43
"OID21102","P01833","PIGR",-0.254662674492968,0.0993476292458118,43
"OID21103","P14780","MMP9",-0.296728539292389,0.0533337260099858,43
"OID21104","P35442","THBS2",-0.168832276431882,0.2791297110284,43
"OID21105","Q13093","PLA2G7",-0.253178747846574,0.101401971461827,43
"OID21106","Q15155","NOMO1",-0.214331152364315,0.167541064087934,43
"OID21107","P22105","TNXB",0.105189617716397,0.502019889681564,43
"OID21108","Q6YHK3","CD109",-0.316180237244138,0.0388701091478542,43
"OID21109","O43278","SPINT1",-0.328189354511044,0.0316683980313081,43
"OID21110","P14209","CD99",-0.301439867186465,0.0494852906946148,43
"OID21111","Q96RD9","FCRL5",-0.160457052271643,0.304015053687894,43
"OID21112","Q9Y240","CLEC11A",-0.155074695519864,0.320733665485281,43
"OID21113","Q14126","DSG2",-0.238275991377552,0.123878632688342,43
"OID21114","P04179","SOD2",-0.227200719942153,0.142868485932765,43
"OID21115","Q9UKK9","NUDT5",-0.280975459327714,0.0679784446361483,43
"OID21116","P14778","IL1R1",-0.155988429111149,0.31785543392058,43
"OID21117","Q8IWV2","CNTN4",-0.347425333595762,0.0224474281296892,43
"OID21118","P63313","TMSB10",-0.23058578383629,0.136849562192871,43
"OID21119","Q8N6Q3","CD177",-0.0080881888716664,0.958946446423814,43
"OID21120","Q5T2D2","TREML2",-0.237523373775272,0.125105682203366,43
"OID21121","Q99972","MYOC",-0.175648075377432,0.259891541098236,43
"OID21122","Q8TCZ2","CD99L2",-0.23297235672712,0.132720673954978,43
"OID21123","P20774","OGN",-0.241707756806766,0.118397935677699,43
"OID21124","P00749","PLAU",-0.37884480112245,0.0122379059287826,43
"OID21125","P20827","EFNA1",-0.277550619331806,0.0715487727142365,43
"OID21126","Q9NPH3","IL1RAP",-0.365877850003463,0.0158286004315554,43
"OID21127","O43505","B4GAT1",-0.244691055279957,0.113783976924748,43
"OID21128","P00352","ALDH1A1",-0.338163077959753,0.0265592245223953,43
"OID21129","Q9UKJ1","PILRA",-0.320032530999845,0.0364269677014544,43
"OID21130","Q6UXG3","CD300LG",-0.148789480867746,0.340974202628102,43
"OID21131","P16284","PECAM1",-0.27188628355558,0.0777766515487043,43
"OID21132","P22749","GNLY",-0.0601195839925666,0.701749140552757,43
"OID21133","P06734","FCER2",-0.254926903754832,0.0989852088705207,43
"OID21134","Q08431","MFGE8",-0.146511989597542,0.348498624150511,43
"OID21135","Q16881","TXNRD1",-0.315706011164992,0.0391799167466846,43
"OID21136","P16871","IL7R",0.0261775429739128,0.867662903030785,43
"OID21137","Q8TDQ0","HAVCR2",-0.245890615211328,0.111967664089672,43
"OID21138","P15289","ARSA",-0.055061749620208,0.725820355014784,43
"OID21139","P08648","ITGA5",-0.341605656590658,0.0249633185048143,43
"OID21140","O15117","FYB1",-0.185007693956664,0.23494599733849,43
"OID21141","P30043","BLVRB",-0.341951000163049,0.0248077332651129,43
"OID21142","Q969Z4","RELT",-0.313151518154415,0.0408836534832588,43
"OID21143","P07108","DBI",-0.247607186755194,0.109406926372049,43
"OID21144","Q9Y279","VSIG4",-0.0891401692685811,0.569736012499956,43
"OID21145","P20333","TNFRSF1B",-0.255176237035372,0.0986441525058731,43
"OID21146","P11717","IGF2R",-0.24542605761344,0.112668443073997,43
"OID21147","Q99727","TIMP4",-0.271616631036034,0.0780834019471767,43
"OID21148","Q9NQ38","SPINK5",-0.0794074966929208,0.61273977428862,43
"OID21149","P00918","CA2",-0.342209169178521,0.0246919510107448,43
"OID21150","P17538","CTRB1",-0.219593248352718,0.157105251517228,43
"OID21151","Q9Y624","F11R",-0.210342683934074,0.175778528714897,43
"OID21152","Q8N149","LILRA2",-0.151418827383686,0.332412949496073,43
"OID21153","Q6UXH9","PAMR1",-0.282774979974052,0.0661598459695845,43
"OID21154","P04155","TFF1",-0.330959866230469,0.0301738937251355,43
"OID21155","P19438","TNFRSF1A",-0.275027244515511,0.0742727478156629,43
"OID21156","P04118","CLPS",-0.41145825400965,0.00612176045475076,43
"OID21157","O76061","STC2",-0.186224296376803,0.231827738272091,43
"OID21158","P22692","IGFBP4",-0.285760340616521,0.0632281631195867,43
"OID21159","P28799","GRN",-0.34478432353924,0.0235615263492581,43
"OID21160","Q99497","PARK7",-0.299118332996377,0.0513526083099728,43
"OID21161","P22307","SCP2",0.229709310292406,0.138389613693668,43
"OID21162","Q6NXT1","ANKRD54",-0.126353335771419,0.419446075283982,43
"OID21163","Q7Z6M1","RABEPK",0.0932739774197092,0.55190063920912,43
"OID21164","Q7Z7D3","VTCN1",-0.00613439901382797,0.9688577549992,43
"OID21165","Q8IWL2","SFTPA1",0.0234487101996331,0.881354060407693,43
"OID21166","P54727","RAD23B",-0.259414196179393,0.0929842903523199,43
"OID21167","Q92982","NINJ1",0.140987347133491,0.367168966385211,43
"OID21168","P01242","GH2",0.113308966952537,0.469399183744054,43
"OID21169","Q6PGN9","PSRC1",0.188707837212407,0.225550336379629,43
"OID21170","O14662","STX16",0.111124913319128,0.478061312217866,43
"OID21171","P06731","CEACAM5",-0.00919649789692063,0.95332676669273,43
"OID21172","O60828","PQBP1",-0.142311489047831,0.362640314688624,43
"OID21173","A4D1B5","GSAP",-0.061392644901201,0.695734443559792,43
"OID21174","Q7LG56","RRM2B",-0.146259756668052,0.349338157726113,43
"OID21175","O14964","HGS",-0.198202090528292,0.202633760334566,43
"OID21176","Q9P0J1","PDP1",0.0342265246117943,0.827515963981186,43
"OID21178","O75787","ATP6AP2",-0.203483343771599,0.190618280945086,43
"OID21179","Q9H4P4","RNF41",-0.0498042076118108,0.751121188310488,43
"OID21180","Q15797","SMAD1",0.0589581806884202,0.707252049716499,43
"OID21181","Q9Y5V3","MAGED1",-0.0731989425911724,0.640871896971663,43
"OID21182","Q8N5S9","CAMKK1",-0.00133809321405737,0.993205375997144,43
"OID21183","Q9NRA1","PDGFC",-0.11638263164158,0.457351736029811,43
"OID21184","P35813","PPM1A",-0.200569402019434,0.197183783792546,43
"OID21185","P43629","KIR3DL1",0.0261286180043659,0.867908046436038,43
"OID21186","Q08AG7","MZT1",-0.163295062627912,0.295428378532737,43
"OID21187","P31350","RRM2",-0.0620079745207133,0.692833827230552,43
"OID21188","P41586","ADCYAP1R1",0.153517202795684,0.325677385048244,43
"OID21189","Q8NBZ7","UXS1",0.068571220023999,0.662171865709519,43
"OID21191","Q9NS15","LTBP3",0.0549783617591911,0.726219482311097,43
"OID21192","P39748","FEN1",-0.125729159784864,0.421765461903409,43
"OID21193","Q6BAA4","FCRLB",-0.0971151211572331,0.53556846069446,43
"OID21194","P50749","RASSF2",-0.187291253152001,0.229116421062772,43
"OID21195","O75493","CA11",0.0684031898725988,0.662950359679006,43
"OID21196","P43628","KIR2DL3",-0.00343907407687272,0.982538069341172,43
"OID21197","Q9Y243","AKT3",-0.133880948795672,0.392048052200135,43
"OID21198","P21810","BGN",0.1265528138993,0.418706356581395,43
"OID21199","P35070","BTC",-0.240731263836302,0.119938453616524,43
"OID21200","P48643","CCT5",-0.241704248116093,0.118403444122139,43
"OID21201","Q9UKR0","KLK12",-0.0544119903383556,0.728932249366472,43
"OID21202","Q07960","ARHGAP1",-0.211746165990419,0.172847377628486,43
"OID21204","Q7Z434","MAVS",-0.0432180307913319,0.783180127096606,43
"OID21205","Q05516","ZBTB16",-0.146709037284972,0.34784362912172,43
"OID21206","Q7L5Y9","MAEA",-0.106752514225901,0.495652338442809,43
"OID21208","P34130","NTF4",-0.0523838759410495,0.738672995185612,43
"OID21209","Q96NB1","CEP20",-0.130600539108407,0.403856728597733,43
"OID21210","O15116","LSM1",-0.0951600663531653,0.543851800836257,43
"OID21211","Q9Y265","RUVBL1",-0.0779112234154598,0.619471593278757,43
"OID21212","O00221","NFKBIE",-0.104754332541347,0.503800717417677,43
"OID21214","Q9P0V8","SLAMF8",-0.0562194108509879,0.720286778290891,43
"OID21215","P31994","FCGR2B",-0.181638648613483,0.243729921854357,43
"OID21216","Q3B7J2","GFOD2",-0.0720358713670822,0.646199273285178,43
"OID21218","Q8IWL1","SFTPA2",0.0952039561358606,0.543665173893981,43
"OID21219","O43752","STX6",0.228427334572623,0.140665274730959,43
"OID21220","O60907","TBL1X",-0.0358387814859833,0.819522838322615,43
"OID21222","Q9UQQ2","SH2B3",-0.177752514447867,0.254134681681172,43
"OID21224","O75380","NDUFS6",-0.151784474053542,0.331233073000216,43
"OID21225","O75569","PRKRA",-0.24101419840832,0.119490548573852,43
"OID21226","O95786","DDX58",-0.213520495960013,0.169192292140585,43
"OID21227","P43490","NAMPT",0.0999819856440122,0.523533666151917,43
"OID21228","Q6EIG7","CLEC6A",-0.0985002278380615,0.529737211726578,43
"OID21229","Q9Y2Z0","SUGT1",-0.167766163515087,0.282221078963726,43
"OID21230","Q8WUX2","CHAC2",-0.205197384926488,0.186829497544215,43
"OID21231","Q9Y223","GNE",-0.190921839515118,0.220053598361138,43
"OID21234","P55008","AIF1",-0.265029253373206,0.0858757703066485,43
"OID21235","Q9Y639","NPTN",0.195373501397105,0.209283155577905,43
"OID21236","Q9BUE0","MED18",-0.112767259803495,0.471539810558699,43
"OID21237","P01375","TNF",-0.132711920578974,0.396232940237296,43
"OID21238","P30260","CDC27",-0.140971684738724,0.367222735012647,43
"OID21239","Q01543","FLI1",0.012462424819658,0.936780888095775,43
"OID21241","Q6P2H3","CEP85",-0.0933684590385143,0.551496104861039,43
"OID21242","Q16772","GSTA3",-0.238444072862176,0.123605836218107,43
"OID21244","P15121","AKR1B1",0.0245131434800445,0.876009276755808,43
"OID21245","P40198","CEACAM3",-0.0643895704676743,0.681648307472853,43
"OID21246","Q8WYN0","ATG4A",-0.276110074599153,0.073094010221961,43
"OID21247","P14136","GFAP",-0.161149970567312,0.301903984947736,43
"OID21248","P01229","LHB",-0.0416782929122593,0.790728549717854,43
"OID21249","Q9BSW2","CRACR2A",-0.0411756214750837,0.793196984605286,43
"OID21250","Q9UQB8","BAIAP2",-0.148473161821834,0.342013229429403,43
"OID21251","Q6UX82","LYPD8",-0.268875268376405,0.0812560073276435,43
"OID21252","Q9UHF1","EGFL7",-0.180061521913103,0.247917232591166,43
"OID21253","Q99683","MAP3K5",-0.0445182140580664,0.77682133647495,43
"OID21254","Q96DU3","SLAMF6",0.015549645502268,0.921164390320689,43
"OID21255","P42331","ARHGAP25",-0.178863717580934,0.251129635426046,43
"OID21256","P35637","FUS",-0.117141356130283,0.454403811841589,43
"OID21257","P06850","CRH",0.212735045173928,0.170803358084171,43
"OID21258","Q8IUK5","PLXDC1",0.0444460926401437,0.777173687054196,43
"OID21259","P55789","GFER",0.00527994741635677,0.973193814365803,43
"OID21260","Q9Y5L3","ENTPD2",-0.057778906054299,0.712854743737662,43
"OID21261","P0CG37","CFC1",0.142827543686243,0.360884534955854,43
"OID21262","Q96PQ0","SORCS2",-0.232232426625426,0.133990728846061,43
"OID21263","P01275","GCG",-0.117421274903251,0.453318834185038,43
"OID21265","P10747","CD28",-0.0449094686442979,0.774910626736761,43
"OID21266","O60760","HPGDS",-0.187364401807385,0.228931337370531,43
"OID21268","O14713","ITGB1BP1",0.167826922711523,0.282044299503913,43
"OID21269","P09110","ACAA1",-0.056995453968998,0.716585184406909,43
"OID21270","P51580","TPMT",-0.0164908179480007,0.916409079197533,43
"OID21271","O43524","FOXO3",0.220112306397057,0.15610216603479,43
"OID21272","P36888","FLT3",0.0702029453908641,0.654630364045342,43
"OID21273","Q9BQ51","PDCD1LG2",-0.129736987566841,0.406999038556587,43
"OID21274","P08069","IGF1R",-0.215478602682781,0.165223788974979,43
"OID21275","Q8TE58","ADAMTS15",-0.0428089694914767,0.785183627101718,43
"OID21276","P05231","IL6",0.0954286361689923,0.54271027642187,43
"OID21277","P51692","STAT5B",-0.303247232537387,0.0480698328763469,43
"OID21278","Q15427","SF3B4",-0.0439431656764376,0.779631969849266,43
"OID21279","Q9UHD8","SEPTIN9",-0.105505536890331,0.500729420682157,43
"OID21280","P00519","ABL1",-0.0751958536119293,0.631766703166026,43
"OID21281","Q5VIR6","VPS53",-0.0411414974025965,0.79336462803088,43
"OID21282","Q9BYE9","CDHR2",-0.148232891830142,0.342803756346269,43
"OID21283","P61218","POLR2F",-0.236887032876487,0.126150255170233,43
"OID21284","Q86WD7","SERPINA9",-0.1861604694942,0.231990625463789,43
"OID21285","Q9Y6A5","TACC3",-0.0848061938988649,0.588714301216872,43
"OID21286","Q9NUY8","TBC1D23",-0.078060350092535,0.618799271574712,43
"OID21287","O95831","AIFM1",-0.0674304936502635,0.667463789249355,43
"OID21288","P34949","MPI",-0.121224143594043,0.438719037017751,43
"OID21289","Q6UXD5","SEZ6L2",-0.157560515348041,0.312941684827283,43
"OID21290","Q7L5N7","LPCAT2",-0.0737605995560938,0.6383056047139,43
"OID21291","Q9UKR3","KLK13",-0.172179390720798,0.269568774218752,43
"OID21292","Q9GZY6","LAT2",-0.0460029080872449,0.769577753011468,43
"OID21293","Q07954","LRP1",-0.383697829093148,0.0110857928683746,43
"OID21294","Q9Y653","ADGRG1",-0.298574706662776,0.0517979756022141,43
"OID21295","P55273","CDKN2D",-0.140637920511875,0.368369662400169,43
"OID21296","P05783","KRT18",-0.344134244834695,0.0238427321335426,43
"OID21297","P10606","COX5B",-0.0536796372862044,0.73244487043235,43
"OID21298","Q9UJ71","CD207",-0.10260366227447,0.512646368803972,43
"OID21299","O94760","DDAH1",-0.15468963686183,0.321951483388338,43
"OID21301","P17948","FLT1",-0.265194498298379,0.0856731698417404,43
"OID21302","O75695","RP2",-0.127166878827568,0.416433883937391,43
"OID21303","Q9Y662","HS3ST3B1",0.0487299185298489,0.756323829164269,43
"OID21304","O00233","PSMD9",-0.393482114668713,0.00904247716110245,43
"OID21305","Q9H4A9","DPEP2",-0.120897944693619,0.439961067015795,43
"OID21306","P05937","CALB1",-0.203942962660992,0.189597019897178,43
"OID21307","P08473","MME",-0.187574074345334,0.22840138335504,43
"OID21308","P50583","NUDT2",-0.256038301599733,0.0974719147044255,43
"OID21309","Q9HAV7","GRPEL1",-0.080842777486009,0.606311787845294,43
"OID21310","O95498","VNN2",-0.161833876514078,0.299829608100306,43
"OID21311","Q9BTE6","PTGES3L-AARSD1",-0.371116141618809,0.0142831417887023,43
"OID21312","O75054","IGSF3",-0.262536936865961,0.0889769220300472,43
"OID21313","Q9UK85","DKKL1",-0.0256769899395204,0.870171548225525,43
"OID21314","O15357","INPPL1",-0.146817686773961,0.347482796121918,43
"OID21315","P18627","LAG3",-0.307217572177731,0.0450752903506691,43
"OID21316","P28907","CD38",-0.200440391602318,0.197478099816907,43
"OID21317","Q8N129","CNPY4",-0.0329813041748892,0.833701264463508,43
"OID21318","Q49AH0","CDNF",-0.112146562208483,0.473998935590629,43
"OID21319","P38936","CDKN1A",-0.111235122327814,0.477622208874905,43
"OID21320","Q96EK5","KIFBP",-0.164616616961942,0.291483798872593,43
"OID21321","Q7Z5A7","TAFA5",-0.231002792393042,0.136121321927651,43
"OID21322","Q11201","ST3GAL1",-0.1990868957311,0.200584549347807,43
"OID21323","Q96RT1","ERBIN",-0.0981909367023687,0.531036616424864,43
"OID21324","P37108","SRP14",-0.276400982991541,0.0727798602954614,43
"OID21325","Q86SJ6","DSG4",-0.135473059164653,0.38639033245002,43
"OID21326","Q12846","STX4",-0.20025390532286,0.197904084460276,43
"OID21327","P29459","IL12A",-0.0803987363203421,0.608297348866485,43
"OID21328","Q8IX05","CD302",-0.299287747355256,0.0512144476123658,43
"OID21329","Q9C0C4","SEMA4C",-0.0810014916957568,0.605602763910131,43
"OID21330","O00451","GFRA2",-0.0570247535873872,0.716445555109672,43
"OID21331","P15848","ARSB",0.0494419417779176,0.752874389830829,43
"OID21332","O14828","SCAMP3",-0.166733041582576,0.28523802903128,43
"OID21333","Q8N386","LRRC25",-0.303447837089145,0.0479147674278818,43
"OID21334","Q13561","DCTN2",-0.0276416077183921,0.860332830482273,43
"OID21335","P55039","DRG2",-0.203481804041526,0.19062170872493,43
"OID21336","Q9BSL1","UBAC1",-0.402635897927297,0.00743274897383677,43
"OID21337","Q14241","ELOA",-0.202930372404652,0.191852128972682,43
"OID21338","Q9BS26","ERP44",-0.134146744612932,0.391100171466307,43
"OID21339","Q96I82","KAZALD1",-0.150979149177812,0.333835169056377,43
"OID21340","Q6UWW8","CES3",-0.243699830916328,0.115301622179906,43
"OID21342","P29317","EPHA2",-0.20708025607315,0.182729603057213,43
"OID21343","Q9BSG5","RTBDN",-0.352685185902711,0.0203595941475717,43
"OID21344","O43570","CA12",-0.105831062377292,0.499401485153817,43
"OID21345","P49441","INPP1",-0.353123987746782,0.0201930438980219,43
"OID21346","P07949","RET",0.0759263412936086,0.628449240511589,43
"OID21347","Q9Y570","PPME1",-0.324760408440132,0.0336021760237607,43
"OID21348","P07947","YES1",-0.110097772797291,0.482163925149091,43
"OID21349","Q8N9I9","DTX3",-0.448824863080688,0.00253761770753194,43
"OID21350","P07948","LYN",-0.110680158766995,0.479835495038048,43
"OID21351","O75144","ICOSLG",-0.328125089680127,0.0317037767213587,43
"OID21352","P23515","OMG",-0.060133970673871,0.70168106787799,43
"OID21353","Q99717","SMAD5",-0.246053610379682,0.111722574076324,43
"OID21354","P42658","DPP6",-0.136378028173713,0.383195943639954,43
"OID21355","Q8NEZ2","VPS37A",-0.184760791459756,0.235582303691111,43
"OID21356","O60825","PFKFB2",-0.234077444995451,0.130840584318313,43
"OID21357","P15514","AREG",-0.180889334723727,0.245713364800125,43
"OID21358","O00592","PODXL",-0.122785587918354,0.432800649310578,43
"OID21359","Q7Z5R6","APBB1IP",-0.114834706458522,0.46339793161741,43
"OID21360","Q9NZT2","OGFR",-0.247160887702045,0.11006837426429,43
"OID21361","Q13576","IQGAP2",-0.0498465172446963,0.750916509439601,43
"OID21362","Q9UBM4","OPTC",-0.419686106268578,0.00508474484694453,43
"OID21363","P25685","DNAJB1",-0.250015581784037,0.105889604286025,43
"OID21364","P98073","TMPRSS15",-0.193564795140462,0.213613944294479,43
"OID21365","P50120","RBP2",0.142392805334804,0.362363309891359,43
"OID21366","O00748","CES2",-0.18067336398711,0.246287059307585,43
"OID21367","O60763","USO1",-0.140322658229509,0.36945497985179,43
"OID21368","O00622","CCN1",-0.320320688103013,0.0362494006736503,43
"OID21369","P82980","RBP5",-0.286197379820835,0.0628077944045329,43
"OID21370","Q86SJ2","AMIGO2",-0.189796147774353,0.222836691897049,43
"OID21371","Q86SR1","GALNT10",-0.217230658478619,0.161730458263273,43
"OID21372","P58499","FAM3B",-0.132317469843789,0.397650832760797,43
"OID21373","O15263","DEFB4B",0.0817651850564727,0.60219612844261,43
"OID21374","P80511","S100A12",-0.202750270862237,0.192255208683128,43
"OID21375","Q8IXJ6","SIRT2",-0.255263320465305,0.0985252464784882,43
"OID21376","Q99795","GPA33",-0.205690909566668,0.185748591907528,43
"OID21377","Q86SF2","GALNT7",-0.0474320810602135,0.762623281273,43
"OID21379","Q02742","GCNT1",-0.199697521412519,0.19917885946157,43
"OID21380","Q13421","MSLN",-0.280529575733778,0.0684351178374895,43
"OID21381","Q7Z5L0","VMO1",0.0758395545432746,0.628843000605511,43
"OID21382","Q99536","VAT1",-0.411218619083124,0.00615452643033759,43
"OID21383","P05187","ALPP",-0.244511579906011,0.114057639470662,43
"OID21384","Q16653","MOG",-0.281685766588753,0.0672559360747755,43
"OID21385","P08397","HMBS",-0.317897062631106,0.0377652342533581,43
"OID21386","Q9NTU7","CBLN4",0.154250388924352,0.323344227798621,43
"OID21387","Q9P1Z2","CALCOCO1",-0.14250685587002,0.361975010601212,43
"OID21388","P01303","NPY",-0.0598834323014505,0.702866855658845,43
"OID21389","Q14213","EBI3",-0.013514034485037,0.931458467867473,43
"OID21390","Q9Y336","SIGLEC9",-0.189582276553638,0.223368183968523,43
"OID21391","Q9Y5K2","KLK4",-0.0651311838599677,0.678178786237586,43
"OID21392","P16870","CPE",-0.0703420966157451,0.653988789739987,43
"OID21393","P26010","ITGB7",-0.317241716698283,0.0381839118238627,43
"OID21394","O43699","SIGLEC6",-0.192256988464065,0.216783900533288,43
"OID21395","Q9UJM8","HAO1",-0.178276237704739,0.25271537953028,43
"OID21396","Q15116","PDCD1",-0.302867317841964,0.0483646156521361,43
"OID21397","Q9H6S3","EPS8L2",-0.0882310001074351,0.573693843901289,43
"OID21398","P47992","XCL1",-0.0743874459957087,0.635446372374092,43
"OID21399","Q14203","DCTN1",-0.20014915872177,0.198143637441843,43
"OID21400","P13521","SCG2",-0.101457394330525,0.517392568903748,43
"OID21401","Q9ULX7","CA14",-0.187607465768854,0.228317063186177,43
"OID21402","Q9NSA1","FGF21",0.0267395409556475,0.864847840819861,43
"OID21403","O43715","TRIAP1",-0.113664800436005,0.467995881665762,43
"OID21404","P30041","PRDX6",-0.210191515549108,0.176096357729992,43
"OID21405","O60911","CTSV",0.298061698833422,0.0522211068433679,43
"OID21406","P47929","LGALS7B",0.0340440770825061,0.828421588950211,43
"OID21407","Q9P0G3","KLK14",-0.0459945318992128,0.769618565463441,43
"OID21408","O14558","HSPB6",-0.171368510985137,0.27186491629691,43
"OID21409","Q9H156","SLITRK2",-0.174957026743291,0.261800766581847,43
"OID21410","Q9C005","DPY30",-0.161094395402711,0.302072954792753,43
"OID21411","Q9GZV9","FGF23",-0.206896244310408,0.183127427694222,43
"OID21412","O43827","ANGPTL7",-0.101946871027572,0.515363181657175,43
"OID21413","P02760","AMBP",-0.498826250160148,0.000662306381053459,43
"OID21414","Q14790","CASP8",-0.322536132284599,0.0349077973448302,43
"OID21415","Q9BXY4","RSPO3",-0.401830605516127,0.00756366878155769,43
"OID21416","P06756","ITGAV",-0.380617674212165,0.0118057143844266,43
"OID21417","Q16790","CA9",-0.200518205254941,0.197300543758721,43
"OID21418","Q496F6","CD300E",-0.065570576323405,0.676126247438046,43
"OID21419","Q9H6B4","CLMP",-0.173157151714644,0.266817166070056,43
"OID21420","P20472","PVALB",-0.0154465133742912,0.921685637515839,43
"OID21421","Q6PCB0","VWA1",0.0106999618125904,0.94570707560411,43
"OID21422","Q96D42","HAVCR1",-0.153010473942896,0.327296050063701,43
"OID21423","Q10471","GALNT2",-0.330989926173617,0.030158004171411,43
"OID21424","Q9BZR6","RTN4R",0.0407434881531367,0.795320629670556,43
"OID21425","Q96I15","SCLY",-0.233340134075992,0.132092750732932,43
"OID21426","Q02246","CNTN2",-0.303053778704472,0.048219755120116,43
"OID21427","Q9UBG3","CRNN",0.0865872710114792,0.580881053673919,43
"OID21428","P98082","DAB2",-0.0853446235250461,0.586341317612641,43
"OID21429","Q96JA1","LRIG1",0.157416539096351,0.313389685937105,43
"OID21430","P10145","CXCL8",-0.148805135667236,0.340922831230869,43
"OID21431","P40121","CAPG",-0.209667773260926,0.177200707496203,43
"OID21432","Q9NPH0","ACP6",-0.0412295925619337,0.792931856322951,43
"OID21433","P09105","HBQ1",-0.240248160356292,0.120706164407506,43
"OID21434","P27695","APEX1",-0.240256634627009,0.120692665923003,43
"OID21435","Q9H3G5","CPVL",-0.0524195097527391,0.738501496904381,43
"OID21436","Q96NA2","RILP",-0.255413823307871,0.0983200057147144,43
"OID21437","P50579","METAP2",-0.249297492009734,0.106929173508171,43
"OID21438","P35052","GPC1",0.0426051447170465,0.786182432491654,43
"OID21439","P39900","MMP12",-0.35181922890506,0.0206916598317462,43
"OID21440","P13726","F3",-0.139763679692277,0.371384010653857,43
"OID21441","O60243","HS6ST1",0.19081775777217,0.220309911690407,43
"OID21442","Q16595","FXN",-0.15633174178546,0.316778235643871,43
"OID21443","Q2VWP7","PRTG",-0.254207296050615,0.0999746234929633,43
"OID21444","O95388","CCN4",-0.322657259385046,0.0348356395946683,43
"OID21445","P05089","ARG1",-0.409261048963756,0.00642793152203474,43
"OID21446","Q9NS68","TNFRSF19",-0.17451400299985,0.263029646943017,43
"OID21447","P09758","TACSTD2",-0.0890499878262168,0.570128032971589,43
"OID21448","P80303","NUCB2",0.129024292358371,0.409602952765125,43
"OID21449","P06127","CD5",-0.310147037169901,0.0429643598289449,43
"OID21450","Q6UWN8","SPINK6",0.100905145612436,0.519686983132403,43
"OID21451","Q9HAV5","EDA2R",-0.476014882146656,0.00125344179444069,43
"OID21452","P09960","LTA4H",-0.284565772571156,0.0643885941404733,43
"OID21453","Q00796","SORD",-0.290333093604228,0.0589390221788296,43
"OID21454","O00292","LEFTY2",-0.270661340374975,0.0791777546338485,43
"OID21455","P51858","HDGF",-0.357855940044928,0.0184685565638577,43
"OID21456","P16562","CRISP2",0.210338584270209,0.175787142752345,43
"OID21457","P56159","GFRA1",-0.369424729471549,0.0147675061739544,43
"OID21458","P62166","NCS1",-0.400858948032839,0.00772428033353097,43
"OID21459","Q16775","HAGH",-0.321092221572899,0.0357774634048677,43
"OID21460","P32926","DSG3",-0.151713507489126,0.331461865240569,43
"OID21461","Q9H4F8","SMOC1",-0.271666378565425,0.0780267391017434,43
"OID21462","Q8WWY7","WFDC12",-0.222243901680632,0.152031864708565,43
"OID21463","O15123","ANGPT2",-0.166201700247084,0.286797811850621,43
"OID21464","Q9Y5W5","WIF1",-0.105145921382251,0.502198514083739,43
"OID21465","Q99075","HBEGF",-0.104310053912455,0.505621643800352,43
"OID21466","P80075","CCL8",-0.119082014733949,0.446910771466781,43
"OID21467","P35318","ADM",-0.25434611698645,0.099783164887625,43
"OID21468","P35475","IDUA",-0.0460529758891277,0.769333813600641,43
"OID21469","Q8TDQ1","CD300LF",-0.258657302895557,0.0939762823374247,43
"OID21470","Q16543","CDC37",-0.0830390102608013,0.596532518711192,43
"OID21471","O43464","HTRA2",-0.0498711463945341,0.75079737019232,43
"OID21472","P20138","CD33",0.030960736383029,0.843758857224446,43
"OID21473","Q8NCC3","PLA2G15",0.000355633176243916,0.998194131898911,43
"OID21474","Q96PD2","DCBLD2",0.137465355829227,0.379378531877141,43
"OID21475","O14974","PPP1R12A",-0.00558641828131699,0.971638481867938,43
"OID21476","O00244","ATOX1",-0.204240257546206,0.188938509635594,43
"OID21477","Q5JTD0","TJAP1",-0.0721275513791935,0.645778699306058,43
"OID21478","P21802","FGFR2",0.0209205079023421,0.894069240920671,43
"OID21479","Q96SM3","CPXM1",-0.12645276569656,0.419077269862253,43
"OID21480","Q7Z4W1","DCXR",-0.239393837872823,0.1220728428283,43
"OID21481","P20851","C4BPB",-0.0261850645792118,0.867625216368612,43
"OID21482","Q9NP84","TNFRSF12A",-0.0538543922426774,0.731606191133602,43
"OID21483","P29017","CD1C",0.229409189906398,0.138919898840505,43
"OID21484","P32004","L1CAM",0.0658067497855894,0.675023963491279,43
"OID21485","P41439","FOLR3",0.00149690941318325,0.992398954903708,43
"OID21486","P41271","NBL1",0.044652921900039,0.776163337156421,43
"OID21487","Q9NZ53","PODXL2",0.322226738059955,0.0350926673000736,43
"OID21488","Q9BYH1","SEZ6L",0.273286467344128,0.0761989975459118,43
"OID21489","P21741","MDK",-0.11681911581466,0.455654572622507,43
"OID21490","Q96NY8","NECTIN4",0.054154777770264,0.730165310749918,43
"OID21491","P35916","FLT4",0.108074073862599,0.490300622689665,43
"OID21492","Q9H8J5","MANSC1",0.257141490519646,0.0959874669100744,43
"OID21493","P37173","TGFBR2",0.0385262786647367,0.806239390673494,43
"OID21494","Q92832","NELL1",0.10650195521985,0.496670363189629,43
"OID21495","Q96J42","TXNDC15",0.115880395775727,0.459308780272115,43
"OID21496","Q02763","TEK",-0.0451529853038626,0.773722063463828,43
"OID21497","P35968","KDR",0.167315117168965,0.283535664094369,43
"OID21498","P21589","NT5E",-0.0692595899322851,0.658986281992522,43
"OID21499","P06870","KLK1",0.32948303634135,0.0309631112423836,43
"OID21500","Q9UBX1","CTSF",0.209115378671457,0.178370845362698,43
"OID21501","Q6FI81","CIAPIN1",-0.178184688852506,0.252963094686246,43
"OID21502","Q9UP79","ADAMTS8",-0.168718008913944,0.279459983166224,43
"OID21503","Q9HAT2","SIAE",0.145707563387251,0.351180392588984,43
"OID21504","P78552","IL13RA1",0.176296155399878,0.258109482498072,43
"OID21505","Q14508","WFDC2",-0.220625263583824,0.155115474397932,43
"OID21506","O95721","SNAP29",-0.0667535459750435,0.670611771020615,43
"OID21507","Q14512","FGFBP1",-0.141935969553471,0.363921181202506,43
"OID21508","O43895","XPNPEP2",0.0317091099258621,0.840030797960429,43
"OID21509","P07237","P4HB",0.0228914514122066,0.884154286759372,43
"OID21510","Q15303","ERBB4",0.00329442145709449,0.983272438467209,43
"OID21511","P09486","SPARC",-0.106477277186018,0.496770688411622,43
"OID21512","P48307","TFPI2",-0.1002935934744,0.522233667730085,43
"OID21513","Q9UJ68","MSRA",-0.0813668099155676,0.60397213823685,43
"OID21514","P09958","FURIN",-0.0735254316853424,0.639379615391779,43
"OID21515","O75629","CREG1",0.178440540358632,0.252271213587889,43
"OID21516","P01298","PPY",-0.239468744753242,0.121952548935949,43
"OID21517","O60259","KLK8",0.0475216977143867,0.762187807225529,43
"OID21518","Q9UBX7","KLK11",0.00387129610996453,0.980343861620577,43
"OID21519","P26447","S100A4",-0.123825354012579,0.428884405168911,43
"OID21520","P04626","ERBB2",-0.0768695575144535,0.624176357416697,43
"OID21521","P12931","SRC",-0.0672898232778254,0.668117481451283,43
"OID21522","P18084","ITGB5",-0.0763454664262125,0.626549062302683,43
"OID21523","O43240","KLK10",-0.0562027704752138,0.720366219584559,43
"OID21524","P49767","VEGFC",-0.0890621753090059,0.570075046512864,43
"OID21525","O00548","DLL1",0.0798721827008642,0.610655477788056,43
"OID21526","Q92876","KLK6",0.0877562538479986,0.575765501285968,43
"OID21527","P26842","CD27",-0.116825055443409,0.455631501368763,43
"OID21528","P13688","CEACAM1",-0.0144265250172544,0.926842541166704,43
"OID21529","P15328","FOLR1",0.0289062379851261,0.854010548734656,43
"OID21530","O95274","LYPD3",-0.080936901350816,0.605891265195347,43
"OID21531","Q16674","MIA",0.0583802418142398,0.709995931994689,43
