"uniprot","feature_id","gene_symbol","name","n_measure","n_tissue","n_cell","n_common","hacells_label","emblcells_label","cell label score","cell label","haatlas_label","emblatlas_label","mspatlas_label","msratlas_label","tissue label score","tissue label","Gobal label score (GLS)","Global label"
"O00175","OID20772","CCL24","C-C motif chemokine ligand 24",3,3,0,0,"","",0,"","","spleen","artery","spleen",2,"spleen",2,"spleen"
"O00292","OID21454","LEFTY2","left-right determination factor 2",3,3,0,0,"","",0,"","","artery","artery","artery,ovary",2.45,"artery",2.45,"artery"
"O00468","OID20786","AGRN","agrin",6,4,2,1,"bcell","macrophage",2,"bcell.macrophages","lung","pancreas","nerve","common",3,"lung.nerve.pancreas",3,"lung.nerve.pancreas"
"O00585","OID20686","CCL21","C-C motif chemokine ligand 21",4,4,0,2,"","",0,"","common","thyroid","muscle","common",2,"muscle.thyroid",2,"muscle.thyroid"
"O00622","OID21368","CCN1","cellular communication network factor 1",4,4,0,1,"","",0,"","lung","artery","artery","common",2,"artery",2,"artery"
"O14579","OID20797","COPE","COPI coat complex subunit epsilon",6,4,2,3,"common","macrophage,monocytes",0.9,"macrophages.monocytes","colon,stomach","common","liver,pancreas","common",1.8,"common",1.8,"common"
"O14594","OID21055","NCAN","neurocan",5,4,1,0,"platelets","",1,"platelets","brain","brain","brain","brain",4,"brain",4,"brain"
"O14904","OID20460","WNT9A","Wnt family member 9A",3,3,0,0,"","",0,"","","muscle","esophagus,muscle","heart,muscle",1.9,"muscle",1.9,"muscle"
"O15123","OID21463","ANGPT2","angiopoietin 2",4,3,1,1,"","bcell,monocytes",0.9,"bcell.monocytes","","brain","artery","common",2,"artery.brain",2,"artery.brain"
"O15232","OID20979","MATN3","matrilin 3",1,1,0,0,"","",0,"","","nerve","","",1,"nerve",1,"nerve"
"O15455","OID20612","TLR3","toll like receptor 3",6,4,2,4,"tcellcd8","common",1,"tcellcd8","common","common","liver","common",1,"liver",1,"common"
"O15467","OID20334","CCL16","C-C motif chemokine ligand 16",2,1,1,0,"","neutrophils,tcellcd4",0.9,"neutrophils.tcellcd4","","liver","","",1,"liver",1,"liver"
"O43278","OID21109","SPINT1","serine peptidase inhibitor, Kunitz type 1",6,4,2,1,"bcell","macrophage",2,"bcell.macrophages","colon","esophagus,skin","esophagus","common",1.45,"esophagus",2,"bcell.macrophages"
"O43699","OID21394","SIGLEC6","sialic acid binding Ig like lectin 6",4,3,1,1,"","bcell",1,"bcell","","esophagus","skin","common",2,"esophagus.skin",2,"esophagus.skin"
"O43827","OID21412","ANGPTL7","angiopoietin like 7",5,4,1,0,"tcellcd4","",1,"tcellcd4","kidney","nerve","nerve","nerve",3,"nerve",3,"nerve"
"O60240","OID20835","PLIN1","perilipin 1",6,4,2,0,"macrophages","platelets",2,"macrophages.platelets","spleen","adiposetissue","muscle","adrenalgland,liver",3,"adiposetissue.muscle.spleen",3,"adiposetissue.muscle.spleen"
"O60259","OID21517","KLK8","kallikrein related peptidase 8",3,3,0,0,"","",0,"","","skin","esophagus,skin","esophagus,skin",1.9,"skin",1.9,"skin"
"O75054","OID21312","IGSF3","immunoglobulin superfamily member 3",4,3,1,1,"","erythrocytes,platelets",0.9,"erythrocytes.platelets","","skin","brain","common",2,"brain.skin",2,"brain.skin"
"O75509","OID21052","TNFRSF21","TNF receptor superfamily member 21",4,3,1,1,"","macrophage",1,"macrophages","","adiposetissue","skin","common",2,"adiposetissue.skin",2,"adiposetissue.skin"
"O75594","OID20338","PGLYRP1","peptidoglycan recognition protein 1",6,4,2,0,"neutrophils","neutrophils",2,"neutrophils","bonemarrow,spleen","bonemarrow","spleen","spleen",2.45,"spleen",2.45,"spleen"
"O94779","OID21006","CNTN5","contactin 5",1,1,0,0,"","",0,"","","brain","","",1,"brain",1,"brain"
"O95388","OID21444","CCN4","cellular communication network factor 4",1,1,0,0,"","",0,"","","adrenalgland","","",1,"adrenalgland",1,"adrenalgland"
"O95466","OID20884","FMNL1","formin like 1",6,4,2,2,"monocytes,tcellcd4","monocytes,neutrophils",0.9,"monocytes","common","bonemarrow,spleen","lung,spleen","common",0.9,"spleen",0.9,"monocytes"
"O95498","OID21310","VNN2","vanin 2",6,4,2,0,"neutrophils","neutrophils",2,"neutrophils","spleen","spleen","spleen","spleen",4,"spleen",4,"spleen"
"O95502","OID20191","NPTXR","neuronal pentraxin receptor",6,4,2,2,"tcellcd4","tcellcd4,tcellcd8",1.45,"tcellcd4","common","brain","brain","common",2,"brain",2,"brain"
"O95544","OID20178","NADK","NAD kinase",6,4,2,1,"monocytes,neutrophils","neutrophils",1.45,"neutrophils","bonemarrow,spleen","adrenalgland,liver","spleen","common",1.45,"spleen",1.45,"neutrophils"
"O95633","OID20782","FSTL3","follistatin like 3",4,3,1,1,"","monocytes,neutrophils",0.9,"monocytes.neutrophils","","artery","artery,nerve","common",1.45,"artery",1.45,"artery"
"P00749","OID21124","PLAU","plasminogen activator, urokinase",4,3,1,1,"","neutrophils",1,"neutrophils","","bonemarrow","colon","common",2,"bonemarrow.colon",2,"bonemarrow.colon"
"P00750","OID20247","PLAT","plasminogen activator, tissue type",6,4,2,1,"tcellcd4","neutrophils",2,"neutrophils.tcellcd4","spleen","adiposetissue","nerve","common",3,"adiposetissue.nerve.spleen",3,"adiposetissue.nerve.spleen"
"P01236","OID21033","PRL","prolactin",2,2,0,1,"","",0,"","","common","","liver,pancreas",0.9,"liver.pancreas",0.9,"liver.pancreas"
"P01241","OID20220","GH1","growth hormone 1",2,2,0,1,"","",0,"","","common","","liver,pancreas",0.9,"liver.pancreas",0.9,"liver.pancreas"
"P01258","OID20983","CALCA","calcitonin related polypeptide alpha",3,3,0,0,"","",0,"","","kidney","thyroid","liver",3,"kidney.liver.thyroid",3,"kidney.liver.thyroid"
"P01303","OID21388","NPY","neuropeptide Y",3,3,0,0,"","",0,"","","prostate","esophagus","prostate",2,"prostate",2,"prostate"
"P02144","OID20263","MB","myoglobin",5,4,1,0,"monocytes","",1,"monocytes","heart","heart","muscle","heart,muscle",2.45,"heart",2.45,"heart"
"P02778","OID20697","CXCL10","C-X-C motif chemokine ligand 10",2,1,1,0,"","monocytes",1,"monocytes","","colon,spleen","","",0.9,"colon.spleen",1,"monocytes"
"P04216","OID21050","THY1","Thy-1 cell surface antigen",4,4,0,1,"","",0,"","brain","brain,kidney","brain","common",2.45,"brain",2.45,"brain"
"P04233","OID21040","CD74","CD74 molecule",6,4,2,3,"common","bcell",1,"bcell","common","spleen","spleen","common",2,"spleen",2,"common"
"P05164","OID21100","MPO","myeloperoxidase",6,4,2,0,"neutrophils","monocytes,neutrophils",1.45,"neutrophils","bonemarrow","bonemarrow","spleen","spleen",4,"bonemarrow.spleen",4,"bonemarrow.spleen"
"P06127","OID21449","CD5","CD5 molecule",6,4,2,0,"tcellcd4,tcellcd8","tcellcd4,tcellcd8",1.8,"tcellcd4.tcellcd8","colon","bonemarrow,spleen","spleen","spleen",2.45,"spleen",2.45,"spleen"
"P06756","OID21416","ITGAV","integrin subunit alpha V",6,4,2,2,"bcell","macrophage",2,"bcell.macrophages","common","heart","artery","common",2,"artery.heart",2,"bcell.macrophages"
"P07148","OID20778","FABP1","fatty acid binding protein 1",5,4,1,0,"bcell,tcellcd8","",0.9,"bcell.tcellcd8","liver","liver","liver","liver",4,"liver",4,"liver"
"P08254","OID21083","MMP3","matrix metallopeptidase 3",3,3,0,0,"","",0,"","","nerve","nerve","nerve",3,"nerve",3,"nerve"
"P08473","OID21307","MME","membrane metalloendopeptidase",6,4,2,0,"tcellcd4","neutrophils",2,"neutrophils.tcellcd4","kidney","kidney","muscle","lung",2,"kidney",2,"neutrophils.tcellcd4"
"P09758","OID21447","TACSTD2","tumor associated calcium signal transducer 2",6,4,2,1,"tcellcd4","neutrophils",2,"neutrophils.tcellcd4","lung","esophagus","esophagus,skin","common",1.45,"esophagus",2,"neutrophils.tcellcd4"
"P09769","OID20828","FGR","FGR proto-oncogene, Src family tyrosine kinase",6,4,2,0,"monocytes,neutrophils","macrophage",1,"macrophages","brain","bonemarrow,spleen","spleen","lung,spleen",1.9,"spleen",1.9,"spleen"
"P10144","OID20604","GZMB","granzyme B",4,2,2,0,"bcell,tcellcd8","tcellcd8",1.45,"tcellcd8","stomach","spleen","","",2,"spleen.stomach",2,"spleen.stomach"
"P10147","OID20610","CCL3","C-C motif chemokine ligand 3",2,1,1,0,"","macrophage",1,"macrophages","","bonemarrow","","",1,"bonemarrow",1,"macrophages"
"P11684","OID20688","SCGB1A1","secretoglobin family 1A member 1",5,4,1,0,"bcell","",1,"bcell","adiposetissue,heart","lung","lung","lung",3,"lung",3,"lung"
"P12104","OID20200","FABP2","fatty acid binding protein 2",5,4,1,2,"common","",0,"","common","colon","colon","colon",3,"colon",3,"colon"
"P12724","OID20203","RNASE3","ribonuclease A family member 3",6,4,2,0,"neutrophils","neutrophils",2,"neutrophils","bonemarrow","bonemarrow","spleen","spleen",4,"bonemarrow.spleen",4,"bonemarrow.spleen"
"P13611","OID21026","VCAN","versican",6,4,2,1,"erythrocytes","monocytes",2,"erythrocytes.monocytes","brain","artery","artery","common",2,"artery",2,"erythrocytes.monocytes"
"P14207","OID21062","FOLR2","folate receptor beta",6,4,2,2,"macrophages,neutrophils","monocytes",1,"monocytes","common","adiposetissue","nerve","common",2,"adiposetissue.nerve",2,"adiposetissue.nerve"
"P14210","OID20656","HGF","hepatocyte growth factor",6,4,2,1,"macrophages","monocytes,neutrophils",1,"macrophages","lung,nerve","liver","artery","common",2,"artery.liver",2,"artery.liver"
"P14384","OID21054","CPM","carboxypeptidase M",6,4,2,2,"macrophages","macrophage",2,"macrophages","common","adiposetissue","ovary","common",2,"adiposetissue.ovary",2,"macrophages"
"P14778","OID21116","IL1R1","interleukin 1 receptor type 1",6,4,2,1,"macrophages,monocytes","neutrophils",1,"neutrophils","brain","adiposetissue","lung","common",3,"adiposetissue.brain.lung",3,"adiposetissue.brain.lung"
"P14780","OID21103","MMP9","matrix metallopeptidase 9",6,4,2,0,"neutrophils","macrophage",2,"macrophages.neutrophils","spleen","bonemarrow","spleen","spleen",3,"spleen",3,"spleen"
"P15090","OID20245","FABP4","fatty acid binding protein 4",6,4,2,1,"macrophages,monocytes","macrophage",1.45,"macrophages","pancreas","adiposetissue","muscle","common",3,"adiposetissue.muscle.pancreas",3,"adiposetissue.muscle.pancreas"
"P15289","OID21138","ARSA","arylsulfatase A",6,4,2,3,"common","bcell,macrophage",0.9,"bcell.macrophages","stomach","common","brain,liver","common",1,"stomach",1,"common"
"P15907","OID20302","ST6GAL1","ST6 beta-galactoside alpha-2,6-sialyltransferase 1",6,4,2,1,"common","bcell",1,"bcell","liver","liver","liver","liver",4,"liver",4,"liver"
"P17948","OID21301","FLT1","fms related receptor tyrosine kinase 1",5,4,1,1,"","macrophage",1,"macrophages","lung","adiposetissue","artery","common",3,"adiposetissue.artery.lung",3,"adiposetissue.artery.lung"
"P19878","OID20567","NCF2","neutrophil cytosolic factor 2",6,4,2,1,"macrophages,monocytes","macrophage",1.45,"macrophages","bonemarrow,spleen","spleen","lung,spleen","common",1.9,"spleen",1.9,"spleen"
"P20160","OID20309","AZU1","azurocidin 1",6,4,2,0,"monocytes","monocytes,neutrophils",1.45,"monocytes","bonemarrow,spleen","bonemarrow","spleen","spleen",2.45,"spleen",2.45,"spleen"
"P20273","OID20637","CD22","CD22 molecule",6,4,2,2,"bcell,monocytes","bcell",1.45,"bcell","common","ovary","spleen","common",2,"ovary.spleen",2,"ovary.spleen"
"P21709","OID20677","EPHA1","EPH receptor A1",3,2,1,1,"","tcellcd4,tcellcd8",0.9,"tcellcd4.tcellcd8","","esophagus","","common",1,"esophagus",1,"esophagus"
"P21757","OID21063","MSR1","macrophage scavenger receptor 1",6,4,2,2,"common","macrophage",1,"macrophages","stomach","lung","nerve","common",3,"lung.nerve.stomach",3,"lung.nerve.stomach"
"P22223","OID21008","CDH3","cadherin 3",5,4,1,0,"","monocytes,neutrophils",0.9,"monocytes.neutrophils","spleen","ovary","esophagus","esophagus,skin",1.45,"esophagus",1.45,"esophagus"
"P22466","OID20727","GAL","galanin and GMAP prepropeptide",3,2,1,0,"","macrophage",1,"macrophages","","colon","","colon,esophagus",1.45,"colon",1.45,"colon"
"P22748","OID20241","CA4","carbonic anhydrase 4",6,4,2,1,"neutrophils","neutrophils",2,"neutrophils","lung","colon","brain","common",3,"brain.colon.lung",3,"brain.colon.lung"
"P22749","OID21132","GNLY","granulysin",6,4,2,0,"tcellcd8","tcellcd8",2,"tcellcd8","bonemarrow","spleen","heart","spleen",2,"spleen",2,"tcellcd8"
"P22894","OID21019","MMP8","matrix metallopeptidase 8",6,4,2,0,"neutrophils","neutrophils",2,"neutrophils","spleen","bonemarrow","spleen","spleen",3,"spleen",3,"spleen"
"P24158","OID20329","PRTN3","proteinase 3",6,4,2,0,"monocytes,neutrophils","monocytes",1.45,"monocytes","spleen","bonemarrow","spleen","spleen",3,"spleen",3,"spleen"
"P24387","OID20747","CRHBP","corticotropin releasing hormone binding protein",2,1,1,1,"","common",0,"","","kidney,liver","","",0.9,"kidney.liver",0.9,"kidney.liver"
"P26440","OID20833","IVD","isovaleryl-CoA dehydrogenase",6,4,2,2,"common","monocytes",1,"monocytes","liver","liver","liver","common",3,"liver",3,"liver"
"P27352","OID20179","CBLIF","cobalamin binding intrinsic factor",4,4,0,0,"","",0,"","stomach","stomach","stomach","stomach",4,"stomach",4,"stomach"
"P27695","OID21434","APEX1","apurinic/apyrimidinic endodeoxyribonuclease 1",6,4,2,5,"common","common",0,"","common","common","ovary","common",1,"ovary",1,"common"
"P28908","OID21049","TNFRSF8","TNF receptor superfamily member 8",4,3,1,1,"","neutrophils",1,"neutrophils","","adiposetissue","skin","common",2,"adiposetissue.skin",2,"adiposetissue.skin"
"P29460","OID20666","IL12B","interleukin 12B",1,1,0,0,"","",0,"","","colon,spleen","","",0.9,"colon.spleen",0.9,"colon.spleen"
"P29474","OID20834","NOS3","nitric oxide synthase 3",6,4,2,1,"tcellcd8","tcellcd4",2,"tcellcd4.tcellcd8","spleen","spleen","spleen","common",3,"spleen",3,"spleen"
"P30203","OID20649","CD6","CD6 molecule",6,4,2,1,"tcellcd8","tcellcd4,tcellcd8",1.45,"tcellcd8","common","bonemarrow,spleen","muscle","spleen",1.45,"spleen",1.45,"tcellcd8"
"P31146","OID20286","CORO1A","coronin 1A",6,4,2,2,"common","neutrophils",1,"neutrophils","bonemarrow,spleen","bonemarrow,spleen","brain,spleen","common",1.35,"spleen",1.35,"spleen"
"P31949","OID20130","S100A11","S100 calcium binding protein A11",6,4,2,2,"macrophages","macrophage,neutrophils",1.45,"macrophages","adiposetissue,stomach","esophagus","common","common",1,"esophagus",1.45,"macrophages"
"P31994","OID21215","FCGR2B","Fc gamma receptor IIb",6,4,2,1,"platelets","bcell",2,"bcell.platelets","common","spleen","liver","lung,spleen",1.45,"spleen",2,"bcell.platelets"
"P31997","OID20102","CEACAM8","CEA cell adhesion molecule 8",6,4,2,0,"neutrophils","neutrophils",2,"neutrophils","bonemarrow","bonemarrow","spleen","spleen",4,"bonemarrow.spleen",4,"bonemarrow.spleen"
"P33241","OID20530","LSP1","lymphocyte specific protein 1",6,4,2,1,"tcellcd4,tcellcd8","macrophage,monocytes",1.8,"common","spleen","spleen","spleen","common",3,"spleen",3,"spleen"
"P35318","OID21467","ADM","adrenomedullin",2,1,1,0,"","neutrophils",1,"neutrophils","","adiposetissue","","",1,"adiposetissue",1,"neutrophils"
"P35475","OID21468","IDUA","alpha-L-iduronidase",6,4,2,4,"tcellcd8","common",1,"tcellcd8","common","common","pancreas","common",1,"pancreas",1,"common"
"P37023","OID20999","ACVRL1","activin A receptor like type 1",5,4,1,1,"","macrophage",1,"macrophages","brain,colon","adiposetissue","lung","common",2,"adiposetissue.lung",2,"adiposetissue.lung"
"P37173","OID21493","TGFBR2","transforming growth factor beta receptor 2",6,4,2,2,"tcellcd4","platelets",2,"platelets.tcellcd4","common","adiposetissue","artery","common",2,"adiposetissue.artery",2,"platelets.tcellcd4"
"P39060","OID20332","COL18A1","collagen type XVIII alpha 1 chain",6,4,2,1,"tcellcd8","erythrocytes",2,"erythrocytes.tcellcd8","lung,nerve","liver","artery","common",2,"artery.liver",2,"plasma prot."
"P40121","OID21431","CAPG","capping actin protein, gelsolin like",6,4,2,2,"macrophages","macrophage",2,"macrophages","common","esophagus","thyroid","common",2,"esophagus.thyroid",2,"macrophages"
"P41218","OID20156","MNDA","myeloid cell nuclear differentiation antigen",6,4,2,1,"monocytes","neutrophils",2,"monocytes.neutrophils","bonemarrow,spleen","bonemarrow,spleen","lung,spleen","common",1.35,"spleen",2,"monocytes.neutrophils"
"P41271","OID21486","NBL1","NBL1, DAN family BMP antagonist",5,4,1,1,"","tcellcd4",1,"tcellcd4","colon,stomach","ovary","artery,brain","common",1,"ovary",1,"tcellcd4"
"P48960","OID20260","ADGRE5","adhesion G protein-coupled receptor E5",6,4,2,1,"monocytes,neutrophils","monocytes,neutrophils",1.8,"monocytes.neutrophils","spleen","spleen","artery","common",2,"spleen",2,"spleen"
"P49023","OID20822","PXN","paxillin",6,4,2,2,"monocytes","neutrophils",2,"monocytes.neutrophils","common","adiposetissue","nerve","common",2,"adiposetissue.nerve",2,"monocytes.neutrophils"
"P49771","OID20661","FLT3LG","fms related receptor tyrosine kinase 3 ligand",2,1,1,1,"","tcellcd4",1,"tcellcd4","","common","","",0,"",1,"tcellcd4"
"P50120","OID21365","RBP2","retinol binding protein 2",3,3,0,0,"","",0,"","stomach","colon","","lung",3,"colon.lung.stomach",3,"colon.lung.stomach"
"P50452","OID20630","SERPINB8","serpin family B member 8",6,4,2,2,"monocytes","monocytes",2,"monocytes","common","skin","artery,skin","common",1.45,"skin",2,"monocytes"
"P50591","OID20611","TNFSF10","TNF superfamily member 10",4,3,1,2,"","neutrophils",1,"neutrophils","","common","muscle","common",1,"muscle",1,"neutrophils"
"P50749","OID21194","RASSF2","Ras association domain family member 2",6,4,2,1,"platelets","neutrophils",2,"neutrophils.platelets","liver","bonemarrow","spleen","common",3,"bonemarrow.liver.spleen",3,"bonemarrow.liver.spleen"
"P51671","OID20668","CCL11","C-C motif chemokine ligand 11",1,1,0,0,"","",0,"","","colon","","",1,"colon",1,"colon"
"P51693","OID20164","APLP1","amyloid beta precursor like protein 1",6,4,2,0,"monocytes,tcellcd4","platelets",1,"platelets","kidney","brain","brain","brain",3,"brain",3,"brain"
"P52943","OID20901","CRIP2","cysteine rich protein 2",6,4,2,2,"common","bcell",1,"bcell","adiposetissue,heart","heart","artery","common",1.45,"heart",1.45,"heart"
"P55103","OID21093","INHBC","inhibin subunit beta C",3,3,0,0,"","",0,"","","liver","liver","liver",3,"liver",3,"liver"
"P56159","OID21457","GFRA1","GDNF family receptor alpha 1",5,4,1,1,"erythrocytes","",1,"erythrocytes","lung","adiposetissue","nerve","common",3,"adiposetissue.lung.nerve",3,"adiposetissue.lung.nerve"
"P56279","OID20987","TCL1A","TCL1 family AKT coactivator A",6,4,2,0,"bcell","bcell",2,"bcell","bladder","spleen","muscle","spleen",2,"spleen",2,"bcell"
"P56470","OID20748","LGALS4","galectin 4",6,4,2,0,"macrophages","monocytes",2,"macrophages.monocytes","colon","colon","colon","liver",3,"colon",3,"colon"
"P61218","OID21283","POLR2F","RNA polymerase II, I and III subunit F",3,2,1,0,"tcellcd8","",1,"tcellcd8","bladder","bonemarrow","","",2,"bladder.bonemarrow",2,"bladder.bonemarrow"
"P63313","OID21118","TMSB10","thymosin beta 10",6,4,2,3,"bcell","common",1,"bcell","common","colon,spleen","artery,brain","common",1.8,"common",1.8,"common"
"P78380","OID20183","OLR1","oxidized low density lipoprotein receptor 1",6,4,2,0,"neutrophils","neutrophils",2,"neutrophils","spleen","bonemarrow","muscle","lung",4,"common",4,"common"
"P78423","OID20976","CX3CL1","C-X3-C motif chemokine ligand 1",2,1,1,0,"","monocytes,neutrophils",0.9,"monocytes.neutrophils","","artery","","",1,"artery",1,"artery"
"P80511","OID21374","S100A12","S100 calcium binding protein A12",6,4,2,0,"neutrophils","neutrophils",2,"neutrophils","spleen","bonemarrow","liver","spleen",2,"spleen",2,"neutrophils"
"Q02083","OID20931","NAAA","N-acylethanolamine acid amidase",6,4,2,4,"common","monocytes",1,"monocytes","common","common","liver","common",1,"liver",1,"common"
"Q07011","OID20985","TNFRSF9","TNF receptor superfamily member 9",2,1,1,0,"","macrophage,neutrophils",0.9,"macrophages.neutrophils","","bonemarrow,spleen","","",0.9,"bonemarrow.spleen",0.9,"macrophages.neutrophils"
"Q08345","OID21009","DDR1","discoidin domain receptor tyrosine kinase 1",6,4,2,2,"monocytes","bcell",2,"bcell.monocytes","common","muscle","brain","common",2,"brain.muscle",2,"bcell.monocytes"
"Q08629","OID20924","SPOCK1","SPARC (osteonectin), cwcv and kazal like domains proteoglycan 1",5,4,1,0,"","monocytes",1,"monocytes","brain","brain","brain","brain,heart",3.45,"brain",3.45,"brain"
"Q08708","OID21010","CD300C","CD300c molecule",2,1,1,0,"","macrophage",1,"macrophages","","spleen","","",1,"spleen",1,"macrophages"
"Q10589","OID21029","BST2","bone marrow stromal cell antigen 2",6,4,2,2,"common","macrophage,monocytes",0.9,"macrophages.monocytes","lung,spleen","adrenalgland,ovary","ovary","common",1.45,"ovary",1.45,"ovary"
"Q13275","OID20186","SEMA3F","semaphorin 3F",2,1,1,0,"","monocytes",1,"monocytes","","skin","","",1,"skin",1,"monocytes"
"Q13361","OID20239","MFAP5","microfibril associated protein 5",5,4,1,2,"","neutrophils",1,"neutrophils","common","adiposetissue","esophagus,muscle","common",1,"adiposetissue",1,"neutrophils"
"Q13478","OID20652","IL18R1","interleukin 18 receptor 1",6,4,2,1,"neutrophils","neutrophils",2,"neutrophils","lung,spleen","spleen","artery","common",1.45,"spleen",2,"neutrophils"
"Q14005","OID20633","IL16","interleukin 16",6,4,2,2,"tcellcd4,tcellcd8","common",0.9,"tcellcd4.tcellcd8","spleen","spleen","spleen","common",3,"spleen",3,"spleen"
"Q14210","OID20708","LY6D","lymphocyte antigen 6 family member D",5,4,1,0,"tcellcd4","",1,"tcellcd4","prostate","esophagus,skin","esophagus","esophagus,skin",1.9,"esophagus",1.9,"esophagus"
"Q14213","OID21389","EBI3","Epstein-Barr virus induced 3",2,1,1,0,"","macrophage",1,"macrophages","","spleen","","",1,"spleen",1,"macrophages"
"Q14508","OID21505","WFDC2","WAP four-disulfide core domain 2",3,3,0,1,"","",0,"","","kidney","thyroid","common",2,"kidney.thyroid",2,"kidney.thyroid"
"Q14512","OID21507","FGFBP1","fibroblast growth factor binding protein 1",4,4,0,0,"","",0,"","colon","esophagus","esophagus","esophagus,skin",2.45,"esophagus",2.45,"esophagus"
"Q15109","OID20756","AGER","advanced glycosylation end-product specific receptor",6,4,2,0,"tcellcd8","monocytes,neutrophils",1,"tcellcd8","lung","lung","lung","lung",4,"lung",4,"lung"
"Q16288","OID21057","NTRK3","neurotrophic receptor tyrosine kinase 3",5,4,1,0,"","tcellcd4,tcellcd8",0.9,"tcellcd4.tcellcd8","brain","artery","artery","brain,ovary",2,"artery",2,"artery"
"Q16651","OID20763","PRSS8","serine protease 8",5,4,1,1,"neutrophils","",1,"neutrophils","pancreas","pancreas","thyroid","common",2,"pancreas",2,"pancreas"
"Q16674","OID21531","MIA","MIA SH3 domain containing",2,2,0,0,"","",0,"","stomach","nerve","","",2,"nerve.stomach",2,"nerve.stomach"
"Q2VWP7","OID21443","PRTG","protogenin",2,1,1,0,"","erythrocytes",1,"erythrocytes","","thyroid","","",1,"thyroid",1,"erythrocytes"
"Q496F6","OID21418","CD300E","CD300e molecule",4,2,2,1,"neutrophils","monocytes",2,"monocytes.neutrophils","common","bonemarrow","","",1,"bonemarrow",2,"monocytes.neutrophils"
"Q5KU26","OID20738","COLEC12","collectin subfamily member 12",6,4,2,1,"neutrophils","macrophage,neutrophils",1.45,"neutrophils","ovary","adiposetissue","nerve","common",3,"adiposetissue.nerve.ovary",3,"adiposetissue.nerve.ovary"
"Q6GTX8","OID20737","LAIR1","leukocyte associated immunoglobulin like receptor 1",6,4,2,4,"common","common",0,"","common","bonemarrow","liver","common",2,"bonemarrow.liver",2,"common"
"Q6NW40","OID21045","RGMB","repulsive guidance molecule BMP co-receptor b",2,1,1,0,"","bcell,tcellcd4",0.9,"bcell.tcellcd4","","brain,skin","","",0.9,"brain.skin",0.9,"bcell.tcellcd4"
"Q6UWN8","OID21450","SPINK6","serine peptidase inhibitor Kazal type 6",1,1,0,0,"","",0,"","","adiposetissue","","",1,"adiposetissue",1,"adiposetissue"
"Q6UX15","OID20970","LAYN","layilin",4,3,1,1,"","macrophage",1,"macrophages","","artery","artery","common",2,"artery",2,"artery"
"Q6UXB2","OID20622","CXCL17","C-X-C motif chemokine ligand 17",4,4,0,1,"","",0,"","stomach","stomach","brain","common",2,"stomach",2,"stomach"
"Q6UXG3","OID21130","CD300LG","CD300 molecule like family member g",2,1,1,0,"","neutrophils",1,"neutrophils","","adiposetissue","","",1,"adiposetissue",1,"neutrophils"
"Q6YHK3","OID21108","CD109","CD109 molecule",6,4,2,1,"macrophages,platelets","macrophage",1.45,"macrophages","brain","skin","artery","common",3,"artery.brain.skin",3,"artery.brain.skin"
"Q6ZMJ2","OID21058","SCARA5","scavenger receptor class A member 5",5,4,1,2,"tcellcd8","",1,"tcellcd8","common","adiposetissue","esophagus","common",2,"adiposetissue.esophagus",2,"adiposetissue.esophagus"
"Q7KYR7","OID20713","BTN2A1","butyrophilin subfamily 2 member A1",6,4,2,2,"neutrophils","neutrophils",2,"neutrophils","common","spleen","brain","common",2,"brain.spleen",2,"neutrophils"
"Q7Z5A7","OID21321","TAFA5","TAFA chemokine like family member 5",1,1,0,0,"","",0,"","","artery","","",1,"artery",1,"artery"
"Q7Z5R6","OID21359","APBB1IP","amyloid beta precursor protein binding family B member 1 interacting protein",6,4,2,2,"common","neutrophils",1,"neutrophils","common","spleen","liver","lung,spleen",1.45,"spleen",1.45,"spleen"
"Q86WV1","OID20906","SKAP1","src kinase associated phosphoprotein 1",6,4,2,2,"tcellcd4","tcellcd4",2,"tcellcd4","common","kidney,liver","spleen","common",1,"spleen",2,"tcellcd4"
"Q8N5S9","OID21182","CAMKK1","calcium/calmodulin dependent protein kinase kinase 1",6,4,2,2,"common","neutrophils",1,"neutrophils","common","brain","brain","brain",3,"brain",3,"brain"
"Q8NBI3","OID20917","DRAXIN","dorsal inhibitory axon guidance protein",2,1,1,0,"","macrophage",1,"macrophages","","brain","","",1,"brain",1,"macrophages"
"Q8TCT1","OID20922","PHOSPHO1","phosphoethanolamine/phosphocholine phosphatase 1",3,1,2,0,"neutrophils","erythrocytes",2,"erythrocytes.neutrophils","","bonemarrow,spleen","","",0.9,"bonemarrow.spleen",2,"erythrocytes.neutrophils"
"Q8TCZ2","OID21122","CD99L2","CD99 molecule like 2",6,4,2,0,"platelets","macrophage",2,"macrophages.platelets","brain","muscle","brain","heart,muscle",2,"brain",2,"macrophages.platelets"
"Q8TDQ1","OID21469","CD300LF","CD300 molecule like family member f",6,4,2,0,"monocytes,neutrophils","monocytes,neutrophils",1.8,"monocytes.neutrophils","spleen","bonemarrow,spleen","skin","spleen",2.45,"spleen",2.45,"spleen"
"Q8TE58","OID21275","ADAMTS15","ADAM metallopeptidase with thrombospondin type 1 motif 15",1,1,0,0,"","",0,"","","adiposetissue","","",1,"adiposetissue",1,"adiposetissue"
"Q8WWY7","OID21462","WFDC12","WAP four-disulfide core domain 12",3,3,0,0,"","",0,"","","skin","skin","skin",3,"skin",3,"skin"
"Q92520","OID20233","FAM3C","FAM3 metabolism regulating signaling molecule C",6,4,2,2,"monocytes","bcell",2,"bcell.monocytes","common","brain","pancreas","common",2,"brain.pancreas",2,"bcell.monocytes"
"Q92876","OID21526","KLK6","kallikrein related peptidase 6",4,4,0,0,"","",0,"","brain","brain","brain","esophagus",3,"brain",3,"brain"
"Q92932","OID20912","PTPRN2","protein tyrosine phosphatase receptor type N2",6,4,2,2,"neutrophils","common",1,"neutrophils","common","brain","brain","brain",3,"brain",3,"brain"
"Q96B86","OID21065","RGMA","repulsive guidance molecule BMP co-receptor a",4,3,1,0,"","monocytes,neutrophils",0.9,"monocytes.neutrophils","","muscle","artery,brain","brain,muscle",1.45,"muscle",1.45,"muscle"
"Q96D42","OID21422","HAVCR1","hepatitis A virus cellular receptor 1",2,1,1,0,"","macrophage",1,"macrophages","","kidney","","",1,"kidney",1,"macrophages"
"Q96GP6","OID21048","SCARF2","scavenger receptor class F member 2",4,3,1,2,"","common",0,"","","artery","artery,nerve","common",1.45,"artery",1.45,"artery"
"Q96GW7","OID20998","BCAN","brevican",5,4,1,0,"macrophages","",1,"macrophages","brain","brain","brain","brain",4,"brain",4,"brain"
"Q96NY8","OID21490","NECTIN4","nectin cell adhesion molecule 4",6,4,2,0,"macrophages","macrophage",2,"macrophages","prostate","skin","esophagus","esophagus,skin",2.9,"esophagus.skin",2.9,"esophagus.skin"
"Q99972","OID21121","MYOC","myocilin",5,4,1,1,"macrophages","",1,"macrophages","lung","nerve","muscle","common",3,"lung.muscle.nerve",3,"lung.muscle.nerve"
"Q9BU40","OID20771","CHRDL1","chordin like 1",4,3,1,1,"","monocytes,neutrophils",0.9,"monocytes.neutrophils","","adiposetissue","nerve","common",2,"adiposetissue.nerve",2,"adiposetissue.nerve"
"Q9BUD6","OID20221","SPON2","spondin 2",2,1,1,0,"","macrophage",1,"macrophages","","liver","","",1,"liver",1,"macrophages"
"Q9BW30","OID20842","TPPP3","tubulin polymerization promoting protein family member 3",6,4,2,1,"tcellcd4,tcellcd8","monocytes",1,"monocytes","brain","muscle","brain","common",2,"brain",2,"brain"
"Q9BYH1","OID21488","SEZ6L","seizure related 6 homolog like",6,4,2,0,"erythrocytes","monocytes",2,"erythrocytes.monocytes","adiposetissue,heart","brain","brain,nerve","brain",2.45,"brain",2.45,"brain"
"Q9GZT9","OID20572","EGLN1","egl-9 family hypoxia inducible factor 1",6,4,2,2,"bcell,monocytes","neutrophils",1,"neutrophils","common","heart,muscle","muscle","common",1.45,"muscle",1.45,"muscle"
"Q9H156","OID21409","SLITRK2","SLIT and NTRK like family member 2",1,1,0,0,"","",0,"","","nerve","","",1,"nerve",1,"nerve"
"Q9H2A7","OID20282","CXCL16","C-X-C motif chemokine ligand 16",4,3,1,1,"","macrophage",1,"macrophages","","bonemarrow","heart,muscle","common",1,"bonemarrow",1,"macrophages"
"Q9H3U7","OID20730","SMOC2","SPARC related modular calcium binding 2",4,4,0,1,"","",0,"","ovary","artery","artery","common",2,"artery",2,"artery"
"Q9H4D0","OID20664","CLSTN2","calsyntenin 2",4,3,1,1,"","neutrophils,platelets",0.9,"neutrophils.platelets","","adiposetissue","ovary","common",2,"adiposetissue.ovary",2,"adiposetissue.ovary"
"Q9H6B4","OID21419","CLMP","CXADR like membrane protein",4,3,1,0,"","tcellcd4,tcellcd8",0.9,"tcellcd4.tcellcd8","","adiposetissue","artery,nerve","artery,ovary",1,"adiposetissue",1,"adiposetissue"
"Q9HAN9","OID20913","NMNAT1","nicotinamide nucleotide adenylyltransferase 1",6,4,2,2,"common","neutrophils,platelets",0.9,"neutrophils.platelets","colon","heart","liver,pancreas","common",2,"colon.heart",2,"colon.heart"
"Q9HCB6","OID20759","SPON1","spondin 1",4,2,2,1,"macrophages,monocytes","tcellcd4,tcellcd8",1.8,"common","common","adiposetissue","","",1,"adiposetissue",1.8,"common"
"Q9NP84","OID21482","TNFRSF12A","TNF receptor superfamily member 12A",4,3,1,1,"","macrophage",1,"macrophages","","pancreas","pancreas","common",2,"pancreas",2,"pancreas"
"Q9NPH6","OID20980","OBP2B","odorant binding protein 2B",1,1,0,0,"","",0,"","","ovary","","",1,"ovary",1,"ovary"
"Q9NQ30","OID20758","ESM1","endothelial cell specific molecule 1",2,1,1,0,"","tcellcd8",1,"tcellcd8","","kidney","","",1,"kidney",1,"tcellcd8"
"Q9NSA1","OID21402","FGF21","fibroblast growth factor 21",1,1,0,0,"","",0,"","","liver","","",1,"liver",1,"liver"
"Q9P0G3","OID21407","KLK14","kallikrein related peptidase 14",5,4,1,1,"bcell","",1,"bcell","common","skin","esophagus,heart","skin",2,"skin",2,"skin"
"Q9P0K1","OID21001","ADAM22","ADAM metallopeptidase domain 22",6,4,2,0,"erythrocytes","tcellcd4,tcellcd8",1,"erythrocytes","brain","adrenalgland,brain","brain","brain",3.45,"brain",3.45,"brain"
"Q9UBT3","OID20934","DKK4","dickkopf WNT signaling pathway inhibitor 4",1,1,0,0,"","",0,"","","esophagus","","",1,"esophagus",1,"esophagus"
"Q9UBU3","OID20175","GHRL","ghrelin and obestatin prepropeptide",5,4,1,0,"","monocytes,neutrophils",0.9,"monocytes.neutrophils","stomach","stomach","stomach","stomach",4,"stomach",4,"stomach"
"Q9UBX7","OID21518","KLK11","kallikrein related peptidase 11",6,4,2,1,"monocytes,platelets","neutrophils",1,"neutrophils","spleen","esophagus,skin","prostate","common",2,"prostate.spleen",2,"prostate.spleen"
"Q9UHX3","OID20755","ADGRE2","adhesion G protein-coupled receptor E2",6,4,2,0,"monocytes,neutrophils","neutrophils",1.45,"neutrophils","spleen","spleen","lung,spleen","spleen",3.45,"spleen",3.45,"spleen"
"Q9UKR3","OID21291","KLK13","kallikrein related peptidase 13",3,3,0,0,"","",0,"","","esophagus","esophagus","esophagus",3,"esophagus",3,"esophagus"
"Q9ULX7","OID21401","CA14","carbonic anhydrase 14",6,4,2,2,"tcellcd4","monocytes,neutrophils",1,"tcellcd4","colon","brain","common","common",2,"brain.colon",2,"brain.colon"
"Q9UP79","OID21502","ADAMTS8","ADAM metallopeptidase with thrombospondin type 1 motif 8",1,1,0,0,"","",0,"","","artery","","",1,"artery",1,"artery"
"Q9Y2J8","OID20467","PADI2","peptidyl arginine deiminase 2",6,4,2,0,"tcellcd4","neutrophils",2,"neutrophils.tcellcd4","brain,colon","muscle","muscle","muscle",3,"muscle",3,"muscle"
"Q9Y336","OID21390","SIGLEC9","sialic acid binding Ig like lectin 9",6,4,2,1,"common","macrophage",1,"macrophages","bonemarrow,spleen","spleen","spleen","lung,spleen",2.9,"spleen",2.9,"spleen"
"Q9Y5W5","OID21464","WIF1","WNT inhibitory factor 1",1,1,0,0,"","",0,"","","lung","","",1,"lung",1,"lung"
