id,protein_id,gene_symbol,entrez_id,redundant_ids,organism_name,is_contaminant,ptm_id,confident_score,confident_site,flanking_sequence,ptm_score,feature_id,logFC_Endur.post_15_30_45_min - Control.post_15_30_45_min (delta-delta),logFC_Endur.post_3.5_4_hr - Control.post_3.5_4_hr (delta-delta),logFC_Endur.post_24_hr - Control.post_24_hr (delta-delta),logFC_Resist.post_15_30_45_min - Control.post_15_30_45_min (delta-delta),logFC_Resist.post_3.5_4_hr - Control.post_3.5_4_hr (delta-delta),logFC_Resist.post_24_hr - Control.post_24_hr (delta-delta),p_value_Endur.post_15_30_45_min - Control.post_15_30_45_min (delta-delta),p_value_Endur.post_3.5_4_hr - Control.post_3.5_4_hr (delta-delta),p_value_Endur.post_24_hr - Control.post_24_hr (delta-delta),p_value_Resist.post_15_30_45_min - Control.post_15_30_45_min (delta-delta),p_value_Resist.post_3.5_4_hr - Control.post_3.5_4_hr (delta-delta),p_value_Resist.post_24_hr - Control.post_24_hr (delta-delta),adj_p_value_Endur.post_15_30_45_min - Control.post_15_30_45_min (delta-delta),adj_p_value_Endur.post_3.5_4_hr - Control.post_3.5_4_hr (delta-delta),adj_p_value_Endur.post_24_hr - Control.post_24_hr (delta-delta),adj_p_value_Resist.post_15_30_45_min - Control.post_15_30_45_min (delta-delta),adj_p_value_Resist.post_3.5_4_hr - Control.post_3.5_4_hr (delta-delta),adj_p_value_Resist.post_24_hr - Control.post_24_hr (delta-delta),Pearson correlation,p_value,FDR(BH),k,muscle.z.std_Endur.post_15_30_45_min - Control.post_15_30_45_min (delta-delta),muscle.z.std_Endur.post_3.5_4_hr - Control.post_3.5_4_hr (delta-delta),muscle.z.std_Endur.post_24_hr - Control.post_24_hr (delta-delta),muscle.z.std_Resist.post_15_30_45_min - Control.post_15_30_45_min (delta-delta),muscle.z.std_Resist.post_3.5_4_hr - Control.post_3.5_4_hr (delta-delta),muscle.z.std_Resist.post_24_hr - Control.post_24_hr (delta-delta)
Q9Y2X7_S571s,Q9Y2X7,GIT1,28964,"Q9Y2X7,Q9Y2X7-3",Homo sapiens,FALSE,Q9Y2X7_S571s,17.02,TRUE,AVPFTPSsPLLSCSQ,0,Q9Y2X7_S571s,0.01,0.07,-0.1,-0.26,-0.12,-0.02,0.93,0.51,0.29,0,0.25,0.8,0.98,0.95,0.91,0.02,0.67,0.96,0.99,0,0.74,1,0.08,0.66,-1.06,-2.87,-1.15,-0.25
Q12802-2_S2724s,Q12802-2,AKAP13,11214,Q12802-2,Homo sapiens,FALSE,Q12802-2_S2724s,67.94,TRUE,PSIAKSGsLDSELSV,0,Q12802-2_S2724s,-0.05,-0.03,-0.14,-0.43,-0.19,-0.08,0.72,0.84,0.32,0,0.16,0.54,0.91,0.99,0.92,0.01,0.57,0.89,0.97,0,0.74,1,-0.36,-0.2,-0.99,-3.17,-1.4,-0.62
P15121_S283s,P15121,AKR1B1,231,P15121,Homo sapiens,FALSE,P15121_S283s,50.46,TRUE,VFDFELSsQDMTTLL,0,P15121_S283s,-0.04,0.02,-0.05,-0.2,-0.14,-0.04,0.58,0.81,0.52,0,0.09,0.61,0.86,0.99,0.96,0.03,0.44,0.91,0.97,0,0.74,0,-0.56,0.25,-0.65,-2.81,-1.71,-0.51
Q6PKG0_S631sY633y,Q6PKG0,LARP1,23367,Q6PKG0,Homo sapiens,FALSE,Q6PKG0_S631sY633y,30.86,TRUE,TAWSDEEsDYEIDDR|WSDEESDyEIDDRDV,0,Q6PKG0_S631sY633y,-0.06,0.03,-0.06,-0.37,-0.17,-0.03,0.6,0.83,0.61,0,0.19,0.77,0.87,0.99,0.97,0.01,0.6,0.96,0.97,0.01,0.74,2,-0.52,0.22,-0.51,-3.12,-1.31,-0.29
P23327_S494sS501s,P23327,HRC,3270,P23327,Homo sapiens,FALSE,P23327_S494sS501s,81.45,TRUE,EKEEDPGsHEEDDES|SHEEDDEsSEQGEKG,0,P23327_S494sS501s,-0.04,0,-0.09,-0.19,-0.13,-0.08,0.51,0.95,0.14,0,0.05,0.16,0.83,1,0.86,0.01,0.33,0.67,0.96,0,0.74,1,-0.66,-0.06,-1.49,-3.17,-1.97,-1.41
P20929-2_S48s,P20929-2,NEB,4703,P20929-2,Homo sapiens,FALSE,P20929-2_S48s,18.26,TRUE,DYEQSETsKPALAQP,0,P20929-2_S48s,-0.03,-0.06,-0.16,-0.38,-0.21,-0.12,0.78,0.66,0.14,0,0.08,0.27,0.94,0.97,0.86,0,0.43,0.77,0.96,0.03,0.74,14,-0.27,-0.44,-1.46,-3.46,-1.73,-1.11
Q9HA65_S604sS608s,Q9HA65,TBC1D17,79735,Q9HA65,Homo sapiens,FALSE,Q9HA65_S604sS608s,20.02,TRUE,PAEPHSPsPTASPLP|HSPSPTAsPLPLSPT,0,Q9HA65_S604sS608s,-0.07,0.13,-0.12,-0.55,-0.11,-0.08,0.62,0.33,0.34,0,0.41,0.53,0.88,0.91,0.93,0,0.79,0.89,0.96,0.01,0.74,5,-0.5,0.97,-0.96,-3.96,-0.82,-0.64
Q86VQ1_S30s,Q86VQ1,GLCCI1,113263,Q86VQ1,Homo sapiens,FALSE,Q86VQ1_S30s,66.98,TRUE,MRRSAAGsPPAVAAA,0,Q86VQ1_S30s,-0.06,0.28,-0.12,-0.47,-0.19,-0.08,0.75,0.18,0.5,0.01,0.33,0.64,0.92,0.86,0.96,0.04,0.74,0.92,0.96,0,0.74,1,-0.32,1.34,-0.68,-2.69,-0.97,-0.47
Q96HC4_S298s,Q96HC4,PDLIM5,10611,Q96HC4,Homo sapiens,FALSE,Q96HC4_S298s,61.13,TRUE,GTEHLKEsEADNTKK,0,Q96HC4_S298s,-0.02,0.15,-0.14,-0.95,-0.46,-0.21,0.85,0.1,0.07,0,0,0.01,0.96,0.79,0.81,0,0,0.22,0.95,0.01,0.74,4,-0.19,1.64,-1.83,-10.45,-5.24,-2.71
Q15788_S569s,Q15788,NCOA1,8648,"Q15788,Q15788-2,Q15788-3",Homo sapiens,FALSE,Q15788_S569s,44.42,TRUE,RQMSSQNsPSRLNIQ,0,Q15788_S569s,-0.04,0.25,-0.02,-0.41,-0.2,0.01,0.79,0.09,0.87,0.01,0.18,0.91,0.94,0.77,0.99,0.04,0.58,0.98,0.95,0,0.74,0,-0.27,1.71,-0.17,-2.68,-1.35,0.12
P10636_S673s,P10636,MAPT,4137,P10636,Homo sapiens,FALSE,P10636_S673s,108.98,TRUE,RVQSKIGsLDNITHV,0,P10636_S673s,-0.13,0.01,-0.12,-0.43,-0.18,-0.14,0.43,0.94,0.41,0.01,0.28,0.37,0.79,1,0.94,0.04,0.69,0.83,0.95,0.01,0.74,6,-0.79,0.08,-0.82,-2.64,-1.08,-0.89
Q9UQ35_S1152s,Q9UQ35,SRRM2,23524,Q9UQ35,Homo sapiens,FALSE,Q9UQ35_S1152s,27.6,TRUE,YPTVDSNsLLGQSRL,0,Q9UQ35_S1152s,-0.15,-0.05,-0.12,-0.3,-0.23,-0.07,0.15,0.7,0.25,0,0.06,0.44,0.5,0.97,0.9,0.02,0.35,0.86,0.95,0.02,0.74,7,-1.45,-0.39,-1.15,-3.01,-1.92,-0.77
Q05209_S449s,Q05209,PTPN12,5782,Q05209,Homo sapiens,FALSE,Q05209_S449s,98.2,TRUE,PLQEGPKsFDGNTLL,0,Q05209_S449s,-0.08,-0.02,-0.1,-0.34,-0.1,-0.02,0.55,0.87,0.35,0.01,0.43,0.87,0.85,0.99,0.93,0.03,0.8,0.98,0.95,0.01,0.74,6,-0.6,-0.16,-0.94,-2.74,-0.79,-0.17
A6NGB9_S149s,A6NGB9,WIPF3,644150,A6NGB9,Homo sapiens,FALSE,A6NGB9_S149s,209.97,TRUE,GPLIPPAsPRLGNTS,0,A6NGB9_S149s,-0.03,0,-0.05,-0.25,-0.07,0.01,0.7,0.98,0.54,0,0.42,0.89,0.91,1,0.96,0.02,0.79,0.98,0.95,0.01,0.74,5,-0.38,0.03,-0.62,-3.01,-0.81,0.14
O95359_S1947s,O95359,TACC2,10579,O95359,Homo sapiens,FALSE,O95359_S1947s,49.21,TRUE,AKDLSRSsDSEEAFE,0,O95359_S1947s,-0.03,0.05,-0.03,-0.2,-0.15,0,0.72,0.56,0.7,0.01,0.06,0.99,0.91,0.96,0.98,0.04,0.36,1,0.95,0.01,0.74,2,-0.36,0.58,-0.38,-2.69,-1.91,0.02
Q13586_S660s,Q13586,STIM1,6786,Q13586,Homo sapiens,FALSE,Q13586_S660s,110.97,TRUE,VAEEDNGsIGEETDS,0,Q13586_S660s,-0.12,0.13,-0.08,-0.5,-0.12,-0.03,0.21,0.21,0.4,0,0.21,0.7,0.59,0.87,0.94,0,0.62,0.93,0.94,0.01,0.74,5,-1.25,1.27,-0.84,-5.22,-1.26,-0.38
P46100_S1348sS1352s,P46100,ATRX,546,"P46100,P46100-4",Homo sapiens,FALSE,P46100_S1348sS1352s,116.96,TRUE,LRHKLTVsDGESGEE|LTVSDGEsGEEKKTK,0,P46100_S1348sS1352s,-0.03,0.01,-0.07,-0.21,-0.08,-0.07,0.64,0.89,0.37,0.01,0.41,0.36,0.89,0.99,0.93,0.04,0.79,0.82,0.94,0.03,0.74,14,-0.47,0.14,-0.9,-2.69,-0.83,-0.91
Q70EL1_S671s,Q70EL1,USP54,159195,"Q70EL1,Q70EL1-7",Homo sapiens,FALSE,Q70EL1_S671s,32.01,TRUE,SSERNSSsPVSLDAA,0,Q70EL1_S671s,-0.11,0.09,-0.09,-0.42,-0.1,0.02,0.42,0.59,0.5,0,0.54,0.86,0.78,0.97,0.96,0.01,0.85,0.97,0.94,0.04,0.74,17,-0.81,0.54,-0.67,-3.16,-0.62,0.18
P07910-2_S240sS247s,P07910-2,HNRNPC,3183,P07910-2,Homo sapiens,FALSE,P07910-2_S240sS247s,1000,TRUE,ETNVKMEsEGGADDS|SEGGADDsAEEGDLL,0,P07910-2_S240sS247s,-0.32,0.74,-0.38,-1.34,-0.82,-0.31,0.48,0.17,0.39,0,0.13,0.48,0.82,0.85,0.94,0.02,0.51,0.87,0.94,0,0.74,1,-0.7,1.39,-0.86,-2.92,-1.53,-0.71
Q9GZV1-2_S316s,Q9GZV1-2,ANKRD2,26287,Q9GZV1-2,Homo sapiens,FALSE,Q9GZV1-2_S316s,1000,TRUE,GLEGPNDsGRETPQP,0,Q9GZV1-2_S316s,-0.17,-0.12,-0.24,-0.54,-0.45,-0.27,0.18,0.4,0.04,0,0,0.02,0.55,0.93,0.74,0,0.02,0.32,0.93,0.01,0.74,5,-1.34,-0.84,-2.06,-4.52,-3.31,-2.42
P13807_S718s,P13807,GYS1,2997,"P13807,P13807-2",Homo sapiens,FALSE,P13807_S718s,20,TRUE,VDTATSSsLSTPSEP,0,P13807_S718s,-0.15,0.02,-0.1,-0.4,-0.23,-0.13,0.18,0.88,0.34,0,0.06,0.2,0.55,0.99,0.93,0,0.37,0.71,0.93,0.02,0.74,10,-1.35,0.15,-0.96,-3.53,-1.88,-1.27
Q9H987_T141tS143s,Q9H987,SYNPO2L,79933,Q9H987,Homo sapiens,FALSE,Q9H987_T141tS143s,114.96,TRUE,SEAYYGEtDSDADGP|AYYGETDsDADGPAT,0,Q9H987_T141tS143s,-0.13,-0.03,-0.08,-0.46,-0.2,-0.05,0.11,0.69,0.31,0,0.01,0.5,0.44,0.97,0.92,0,0.16,0.88,0.93,0.03,0.74,15,-1.61,-0.4,-1.01,-5.77,-2.46,-0.68
Q9UDY2_T462t,Q9UDY2,TJP2,9414,"Q9UDY2,Q9UDY2-3,Q9UDY2-7",Homo sapiens,FALSE,Q9UDY2_T462t,22.22,TRUE,TPTPFKStGDIAGTV,0,Q9UDY2_T462t,-0.23,0.04,-0.12,-0.55,-0.32,-0.1,0.12,0.77,0.37,0,0.05,0.45,0.47,0.98,0.93,0,0.33,0.86,0.93,0.01,0.74,5,-1.54,0.29,-0.9,-3.5,-1.98,-0.76
Q641Q2_S1180s,Q641Q2,WASHC2A,387680,"Q641Q2,Q641Q2-2",Homo sapiens,FALSE,Q641Q2_S1180s,42.69,TRUE,PALGEASsDDDLFQS,0,Q641Q2_S1180s,-0.07,-0.03,-0.04,-0.23,-0.12,-0.04,0.29,0.69,0.48,0,0.07,0.51,0.67,0.97,0.95,0,0.39,0.88,0.93,0.04,0.74,17,-1.07,-0.39,-0.7,-3.86,-1.82,-0.67
Q09666_S5851s,Q09666,AHNAK,79026,Q09666,Homo sapiens,FALSE,Q09666_S5851s,112.13,TRUE,ETGKLQGsGVSLASK,0,Q09666_S5851s,-0.09,-0.03,-0.09,-0.41,-0.19,0.04,0.42,0.82,0.37,0,0.1,0.68,0.78,0.99,0.93,0,0.47,0.93,0.93,0.03,0.74,13,-0.8,-0.23,-0.9,-3.83,-1.63,0.42
Q15678_S809s,Q15678,PTPN14,5784,Q15678,Homo sapiens,FALSE,Q15678_S809s,51.63,TRUE,ASLGPSIsEPDLTSV,0,Q15678_S809s,0.06,0.03,-0.06,-0.21,-0.06,-0.02,0.44,0.74,0.43,0,0.47,0.77,0.79,0.98,0.94,0.02,0.82,0.95,0.93,0.04,0.74,19,0.77,0.33,-0.79,-2.9,-0.73,-0.3
Q5SW79_S1162sS1165s,Q5SW79,CEP170,9859,Q5SW79,Homo sapiens,FALSE,Q5SW79_S1162sS1165s,65.98,TRUE,RTRLGSLsARSDSEA|LGSLSARsDSEATIS,0,Q5SW79_S1162sS1165s,-0.01,0.01,-0.03,-0.57,-0.2,0.07,0.97,0.96,0.79,0,0.19,0.59,0.99,1,0.99,0,0.6,0.91,0.93,0.03,0.74,14,-0.04,0.05,-0.27,-3.93,-1.32,0.54
Q6PKG0_S627sY633y,Q6PKG0,LARP1,23367,Q6PKG0,Homo sapiens,FALSE,Q6PKG0_S627sY633y,43.6,TRUE,KNTFTAWsDEESDYE|WSDEESDyEIDDRDV,0,Q6PKG0_S627sY633y,-0.26,-0.11,-0.38,-0.49,-0.35,-0.12,0.09,0.48,0.01,0,0.02,0.33,0.39,0.94,0.55,0,0.21,0.81,0.93,0.01,0.74,2,-1.7,-0.7,-2.79,-3.43,-2.32,-0.97
Q9UMS6-2_T626t,Q9UMS6-2,SYNPO2,171024,"Q9UMS6-2,Q9UMS6-4",Homo sapiens,FALSE,Q9UMS6-2_T626t,64.73,TRUE,PPPYSAVtPPPDAFS,0,Q9UMS6-2_T626t,-0.06,0.02,-0.09,-0.64,-0.11,-0.01,0.46,0.77,0.24,0,0.19,0.89,0.81,0.98,0.9,0,0.61,0.98,0.93,0.01,0.74,2,-0.74,0.29,-1.17,-7.7,-1.3,-0.14
Q9Y608_S263s,Q9Y608,LRRFIP2,9209,Q9Y608,Homo sapiens,FALSE,Q9Y608_S263s,88.81,TRUE,GRRESVVsAADYFSR,0,Q9Y608_S263s,0.03,-0.06,-0.14,-0.48,-0.32,-0.08,0.83,0.67,0.25,0,0.02,0.49,0.95,0.97,0.9,0,0.18,0.88,0.93,0.03,0.74,14,0.22,-0.42,-1.16,-3.98,-2.43,-0.69
Q92538_S662s,Q92538,GBF1,8729,"Q92538,Q92538-3",Homo sapiens,FALSE,Q92538_S662s,58.25,TRUE,EHGKSGCsDLEEAVD,0,Q92538_S662s,-0.12,0.1,-0.07,-0.27,-0.13,-0.02,0.1,0.19,0.29,0,0.08,0.75,0.42,0.86,0.91,0,0.42,0.95,0.93,0.02,0.74,7,-1.65,1.3,-1.05,-3.92,-1.76,-0.32
O60504-2_S6s,O60504-2,SORBS3,10174,O60504-2,Homo sapiens,FALSE,O60504-2_S6s,1000,TRUE,#NAME?,0,O60504-2_S6s,-0.13,-0.1,-0.19,-0.41,-0.15,-0.09,0.17,0.33,0.05,0,0.15,0.3,0.54,0.91,0.77,0,0.55,0.79,0.92,0.03,0.74,15,-1.36,-0.97,-1.99,-4.22,-1.44,-1.04
Q9H987_T913t,Q9H987,SYNPO2L,79933,Q9H987,Homo sapiens,FALSE,Q9H987_T913t,26.98,TRUE,VLAPRAAtTLDEPIW,0,Q9H987_T913t,-0.02,0.14,0.04,-0.39,-0.05,0.04,0.83,0.29,0.72,0,0.7,0.68,0.95,0.9,0.98,0,0.92,0.93,0.92,0.02,0.74,7,-0.21,1.05,0.36,-3.44,-0.38,0.41
Q13424_T205t,Q13424,SNTA1,6640,Q13424,Homo sapiens,FALSE,Q13424_T205t,45.54,TRUE,QPSSPGPtPRNFSEA,0,Q13424_T205t,-0.12,0.1,-0.02,-0.77,-0.4,-0.14,0.47,0.6,0.91,0,0.02,0.35,0.81,0.97,0.99,0,0.2,0.82,0.92,0.03,0.74,13,-0.72,0.52,-0.11,-5,-2.35,-0.93
Q8WZ42-12_S837s,Q8WZ42-12,TTN,7273,Q8WZ42-12,Homo sapiens,FALSE,Q8WZ42-12_S837s,97.62,TRUE,YEASIAGsAIATLQK,0,Q8WZ42-12_S837s,-0.08,0.01,-0.03,-0.47,-0.14,-0.02,0.33,0.94,0.67,0,0.11,0.8,0.71,1,0.97,0,0.48,0.96,0.92,0.04,0.74,17,-0.97,0.07,-0.43,-5.62,-1.62,-0.25
D6RIA3_S1369s,D6RIA3,C4orf54,285556,D6RIA3,Homo sapiens,FALSE,D6RIA3_S1369s,46.21,TRUE,LARERPRsLYIPPVH,0,D6RIA3_S1369s,-0.03,0.02,-0.1,-0.75,-0.51,-0.18,0.84,0.91,0.43,0,0,0.16,0.96,1,0.94,0,0.01,0.67,0.92,0.02,0.74,7,-0.2,0.11,-0.79,-5.54,-3.66,-1.4
Q9UQ35_S2407sT2409t,Q9UQ35,SRRM2,23524,Q9UQ35,Homo sapiens,FALSE,Q9UQ35_S2407sT2409t,74.05,TRUE,PLLDRARsRTPPSAP|LDRARSRtPPSAPSQ,0,Q9UQ35_S2407sT2409t,0.03,0.15,-0.03,-0.24,0.03,-0.01,0.71,0.14,0.73,0.01,0.78,0.88,0.91,0.83,0.98,0.05,0.94,0.98,0.91,0.04,0.74,20,0.37,1.46,-0.34,-2.61,0.28,-0.15
P20929-2_S7564s,P20929-2,NEB,4703,P20929-2,Homo sapiens,FALSE,P20929-2_S7564s,25.23,TRUE,LNTSQLAsSYQYKKK,0,P20929-2_S7564s,-0.05,0.04,-0.13,-0.37,-0.04,-0.05,0.7,0.78,0.25,0.01,0.76,0.67,0.91,0.98,0.9,0.03,0.94,0.93,0.91,0.04,0.74,19,-0.38,0.28,-1.14,-2.78,-0.3,-0.43
Q8WZ42-6_S3737s,Q8WZ42-6,TTN,7273,Q8WZ42-6,Homo sapiens,FALSE,Q8WZ42-6_S3737s,44.64,TRUE,RTLRSEAsDKDILFS,0,Q8WZ42-6_S3737s,0.05,-0.05,-0.07,-0.69,-0.34,-0.08,0.7,0.72,0.52,0,0.01,0.47,0.91,0.98,0.96,0,0.11,0.87,0.91,0.03,0.74,12,0.39,-0.35,-0.64,-5.81,-2.67,-0.73
O15273_T109t,O15273,TCAP,8557,O15273,Homo sapiens,FALSE,O15273_T109t,237.66,TRUE,TKEEREDtPIQLQEL,0,O15273_T109t,-0.05,0.05,0,-0.4,-0.13,-0.06,0.51,0.56,0.99,0,0.14,0.42,0.83,0.96,1,0,0.53,0.85,0.91,0.04,0.74,18,-0.66,0.58,0.01,-4.79,-1.48,-0.8
P55822_S169s,P55822,SH3BGR,6450,"P55822,P55822-2",Homo sapiens,FALSE,P55822_S169s,100.01,TRUE,PPPDSKGsEKAEEGG,0,P55822_S169s,-0.01,0.09,0,-0.17,-0.12,-0.04,0.83,0.18,0.95,0,0.05,0.51,0.95,0.86,0.99,0.02,0.35,0.88,0.91,0.01,0.74,4,-0.21,1.34,-0.06,-2.94,-1.92,-0.66
Q8IUG5_S2193s,Q8IUG5,MYO18B,84700,"Q8IUG5,Q8IUG5-3",Homo sapiens,FALSE,Q8IUG5_S2193s,1000,TRUE,TSGDKPVsPHFVRRQ,0,Q8IUG5_S2193s,-0.09,-0.05,-0.11,-0.42,-0.11,0,0.21,0.53,0.11,0,0.15,1,0.59,0.95,0.84,0,0.55,1,0.91,0.04,0.74,21,-1.25,-0.63,-1.61,-5.74,-1.44,0
P41236_S121sS122s,P41236,PPP1R2,5504,P41236,Homo sapiens,FALSE,P41236_S121sS122s,121.78,TRUE,YRIQEQEsSGEEDSD|RIQEQESsGEEDSDL,0,P41236_S121sS122s,-0.12,0.04,-0.11,-0.37,-0.12,-0.13,0.21,0.73,0.26,0,0.26,0.18,0.59,0.98,0.9,0,0.67,0.69,0.91,0.06,0.74,28,-1.25,0.35,-1.12,-3.78,-1.13,-1.34
O95425_S1314s,O95425,SVIL,6840,O95425,Homo sapiens,FALSE,O95425_S1314s,84.18,TRUE,TFAKFYRsVDYNMPR,0,O95425_S1314s,0.06,0.09,-0.1,-0.66,-0.17,-0.19,0.64,0.48,0.39,0,0.2,0.11,0.89,0.94,0.94,0,0.61,0.59,0.91,0.05,0.74,22,0.47,0.71,-0.87,-5,-1.29,-1.61
Q14814-2_S97s,Q14814-2,MEF2D,4209,Q14814-2,Homo sapiens,FALSE,Q14814-2_S97s,230.94,TRUE,KKHRECEsPEVDEVF,0,Q14814-2_S97s,-0.06,0.02,-0.07,-0.61,-0.14,-0.13,0.49,0.82,0.4,0,0.16,0.13,0.82,0.99,0.94,0,0.56,0.62,0.9,0.02,0.74,9,-0.69,0.23,-0.84,-6.5,-1.41,-1.53
E7EW31_S472s,E7EW31,PROB1,389333,E7EW31,Homo sapiens,FALSE,E7EW31_S472s,36.06,TRUE,VAGERSPsLEAPSLW,0,E7EW31_S472s,-0.14,0.04,-0.01,-0.76,-0.25,-0.07,0.07,0.64,0.9,0,0,0.33,0.34,0.97,0.99,0,0.06,0.81,0.9,0.05,0.74,22,-1.83,0.47,-0.13,-9.11,-2.94,-0.98
Q9P227_S611s,Q9P227,ARHGAP23,57636,Q9P227,Homo sapiens,FALSE,Q9P227_S611s,44.44,TRUE,IKAGRRSsYLLAITT,0,Q9P227_S611s,-0.05,-0.02,-0.06,-0.36,-0.21,-0.13,0.66,0.89,0.59,0,0.09,0.21,0.89,1,0.97,0.01,0.45,0.72,0.9,0.02,0.74,9,-0.44,-0.14,-0.53,-3.26,-1.7,-1.26
Q6ZU52_S671s,Q6ZU52,KIAA0408,9729,Q6ZU52,Homo sapiens,FALSE,Q6ZU52_S671s,42.69,TRUE,RWASRSPsAPPALRR,0,Q6ZU52_S671s,-0.1,-0.06,-0.06,-0.7,-0.22,-0.02,0.41,0.72,0.57,0,0.14,0.88,0.77,0.98,0.97,0,0.53,0.98,0.9,0.03,0.74,15,-0.82,-0.36,-0.56,-5.59,-1.48,-0.16
O15061_S1504s,O15061,SYNM,23336,O15061,Homo sapiens,FALSE,O15061_S1504s,1000,TRUE,NDQAVGVsFKASAGE,0,O15061_S1504s,-0.07,0.05,0.02,-0.5,-0.29,-0.07,0.74,0.81,0.93,0.01,0.16,0.66,0.92,0.99,0.99,0.03,0.57,0.92,0.9,0.03,0.74,15,-0.33,0.23,0.09,-2.79,-1.4,-0.44
Q7Z5L9_S457sS460s,Q7Z5L9,IRF2BP2,359948,"Q7Z5L9,Q7Z5L9-2",Homo sapiens,FALSE,Q7Z5L9_S457sS460s,86.74,TRUE,TTRRNSNsPPSPSSM|RNSNSPPsPSSMNQR,0,Q7Z5L9_S457sS460s,0.01,0.13,0.06,-0.27,0.03,0.07,0.96,0.23,0.56,0.01,0.8,0.48,0.99,0.88,0.97,0.04,0.95,0.87,0.9,0.04,0.74,19,0.05,1.2,0.58,-2.66,0.26,0.71
Q9UPU5_S2604s,Q9UPU5,USP24,23358,Q9UPU5,Homo sapiens,FALSE,Q9UPU5_S2604s,54.52,TRUE,HLQQGSEsPMMIGEL,0,Q9UPU5_S2604s,-0.15,-0.08,-0.14,-0.3,-0.13,-0.06,0.07,0.39,0.09,0,0.14,0.44,0.35,0.92,0.83,0,0.53,0.86,0.9,0.07,0.74,34,-1.79,-0.85,-1.7,-3.47,-1.48,-0.77
P28066_T55t,P28066,PSMA5,5686,P28066,Homo sapiens,FALSE,P28066_T55t,23.98,TRUE,LAVEKRItSPLMEPS,0,P28066_T55t,0.01,-0.02,-0.14,-0.22,-0.1,-0.04,0.87,0.86,0.08,0.01,0.26,0.54,0.96,0.99,0.82,0.05,0.68,0.89,0.9,0.04,0.74,18,0.17,-0.17,-1.76,-2.6,-1.13,-0.61
Q8WZ42-12_S9142s,Q8WZ42-12,TTN,7273,Q8WZ42-12,Homo sapiens,FALSE,Q8WZ42-12_S9142s,41.11,TRUE,FTGTPPIsVTWKKNG,0,Q8WZ42-12_S9142s,-0.05,0.04,-0.01,-0.15,-0.05,-0.03,0.42,0.52,0.85,0.01,0.39,0.57,0.78,0.95,0.99,0.05,0.78,0.9,0.9,0.02,0.74,9,-0.81,0.64,-0.19,-2.6,-0.86,-0.57
O00418_S500s,O00418,EEF2K,29904,O00418,Homo sapiens,FALSE,O00418_S500s,1000,TRUE,RLHLPRAsAVALEVQ,0,O00418_S500s,-0.29,-0.16,-0.36,-0.53,-0.44,-0.37,0.14,0.49,0.06,0.01,0.04,0.05,0.5,0.94,0.8,0.03,0.29,0.47,0.9,0.01,0.74,4,-1.47,-0.69,-1.89,-2.72,-2.08,-1.97
P52179-2_S285s,P52179-2,MYOM1,8736,P52179-2,Homo sapiens,FALSE,P52179-2_S285s,52.22,TRUE,EFIIKPRsHTVWEKE,0,P52179-2_S285s,0.01,0.09,0.01,-0.25,-0.03,-0.04,0.89,0.42,0.9,0.01,0.79,0.63,0.97,0.93,0.99,0.03,0.95,0.92,0.9,0.04,0.74,17,0.14,0.81,0.13,-2.74,-0.27,-0.47
Q9UKX2_Y1858y,Q9UKX2,MYH2,4620,Q9UKX2,Homo sapiens,FALSE,Q9UKX2_Y1858y,68.88,TRUE,RRVKELTyQTEEDRK,0,Q9UKX2_Y1858y,-0.07,-0.07,-0.11,-0.18,-0.17,-0.11,0.22,0.25,0.05,0,0.01,0.04,0.6,0.88,0.79,0.01,0.1,0.45,0.9,0.02,0.74,7,-1.24,-1.15,-1.93,-3.08,-2.7,-2.04
P17544_S44s,P17544,ATF7,11016,"P17544,P17544-2",Homo sapiens,FALSE,P17544_S44s,83.98,TRUE,FGPARTDsVIIADQT,0,P17544_S44s,-0.05,-0.04,-0.17,-0.36,-0.43,-0.01,0.69,0.8,0.21,0.01,0.01,0.96,0.91,0.99,0.89,0.04,0.16,0.99,0.9,0.02,0.74,7,-0.4,-0.26,-1.26,-2.66,-2.47,-0.05
Q09666_S5749sS5752s,Q09666,AHNAK,79026,Q09666,Homo sapiens,FALSE,Q09666_S5749sS5752s,184.98,TRUE,DLKSSKAsLGSLEGE|SSKASLGsLEGEAEA,0,Q09666_S5749sS5752s,-0.09,-0.04,-0.14,-0.27,-0.08,-0.01,0.37,0.7,0.13,0,0.43,0.94,0.74,0.97,0.86,0.02,0.8,0.99,0.89,0.07,0.74,32,-0.89,-0.39,-1.52,-2.88,-0.79,-0.07
Q6P0Q8_S1007s,Q6P0Q8,MAST2,23139,Q6P0Q8,Homo sapiens,FALSE,Q6P0Q8_S1007s,23.98,TRUE,ETRGRGTsQLAEGAT,0,Q6P0Q8_S1007s,0.04,0.01,-0.1,-0.37,-0.06,-0.08,0.71,0.93,0.4,0,0.63,0.48,0.91,1,0.94,0.01,0.9,0.87,0.89,0.07,0.74,34,0.37,0.09,-0.84,-3.06,-0.49,-0.7
Q9H6S0_S1263sS1267s,Q9H6S0,YTHDC2,64848,Q9H6S0,Homo sapiens,FALSE,Q9H6S0_S1263sS1267s,36.04,TRUE,TDSSSYPsPCASPSP|SYPSPCAsPSPPSSG,0,Q9H6S0_S1263sS1267s,-0.32,-0.36,-0.38,-0.81,-0.41,-0.2,0.03,0.02,0.01,0,0.01,0.14,0.2,0.64,0.57,0,0.12,0.64,0.89,0.09,0.74,43,-2.2,-2.25,-2.72,-5.63,-2.62,-1.49
D6RIA3_S611sS614s,D6RIA3,C4orf54,285556,D6RIA3,Homo sapiens,FALSE,D6RIA3_S611sS614s,53.48,TRUE,DYSSGASsAVSELDD|SGASSAVsELDDADK,0,D6RIA3_S611sS614s,-0.52,0.25,-0.36,-0.95,-0.47,-0.09,0.03,0.39,0.12,0,0.09,0.69,0.21,0.92,0.86,0,0.46,0.93,0.89,0.03,0.74,15,-2.16,0.86,-1.53,-3.91,-1.67,-0.4
Q5SW79_S1112s,Q5SW79,CEP170,9859,Q5SW79,Homo sapiens,FALSE,Q5SW79_S1112s,69.67,TRUE,RARLGEAsDSELADA,0,Q5SW79_S1112s,0.01,0.01,0.01,-0.27,-0.06,0.01,0.86,0.95,0.88,0,0.46,0.93,0.96,1,0.99,0,0.81,0.99,0.89,0.06,0.74,29,0.17,0.06,0.15,-3.52,-0.74,0.09
Q8WZ42-12_Y26478y,Q8WZ42-12,TTN,7273,Q8WZ42-12,Homo sapiens,FALSE,Q8WZ42-12_Y26478y,41.83,TRUE,EPSPATVyYKACDPV,0,Q8WZ42-12_Y26478y,-0.04,-0.02,-0.04,-0.17,-0.07,-0.07,0.47,0.75,0.43,0,0.25,0.19,0.81,0.98,0.94,0.02,0.67,0.7,0.89,0.04,0.74,20,-0.72,-0.32,-0.8,-2.9,-1.14,-1.32
Q9UMS6-2_Y622y,Q9UMS6-2,SYNPO2,171024,"Q9UMS6-2,Q9UMS6-4",Homo sapiens,FALSE,Q9UMS6-2_Y622y,83.58,TRUE,DFPAPPPySAVTPPP,0,Q9UMS6-2_Y622y,-0.24,-0.02,-0.14,-0.55,-0.17,-0.11,0,0.81,0.08,0,0.05,0.17,0.06,0.99,0.82,0,0.34,0.69,0.89,0.04,0.74,20,-2.85,-0.24,-1.78,-6.52,-1.96,-1.36
Q6GQQ9_S745s,Q6GQQ9,OTUD7B,56957,"Q6GQQ9,Q6GQQ9-2",Homo sapiens,FALSE,Q6GQQ9_S745s,21.47,TRUE,RPYPHQDsIPSLEPG,0,Q6GQQ9_S745s,0.03,-0.01,-0.17,-0.37,-0.06,0.02,0.79,0.93,0.17,0.01,0.66,0.85,0.94,1,0.88,0.04,0.91,0.97,0.89,0.07,0.74,35,0.26,-0.08,-1.36,-2.71,-0.44,0.19
Q9H992_S300s,Q9H992,MARCHF7,64844,Q9H992,Homo sapiens,FALSE,Q9H992_S300s,50.46,TRUE,TFFSRRSsQDSLNTR,0,Q9H992_S300s,-0.04,-0.1,-0.08,-0.49,-0.18,0,0.61,0.28,0.33,0,0.04,0.96,0.88,0.89,0.92,0,0.31,0.99,0.89,0.06,0.74,30,-0.5,-1.07,-0.97,-5.71,-2.04,0.05
Q14247_T401t,Q14247,CTTN,2017,Q14247,Homo sapiens,FALSE,Q14247_T401t,73.34,TRUE,QARAKTQtPPVSPAP,0,Q14247_T401t,-0.21,-0.07,-0.15,-0.39,-0.17,-0.05,0.01,0.45,0.06,0,0.05,0.5,0.12,0.93,0.8,0,0.35,0.88,0.89,0.06,0.74,30,-2.5,-0.76,-1.89,-4.78,-1.93,-0.67
Q5VST9-6_T6555t,Q5VST9-6,OBSCN,84033,Q5VST9-6,Homo sapiens,FALSE,Q5VST9-6_T6555t,36.04,TRUE,LACRVTGtPKPVISW,0,Q5VST9-6_T6555t,-0.08,0.12,0.03,-0.33,-0.04,0.09,0.43,0.26,0.83,0,0.74,0.44,0.79,0.89,0.99,0.02,0.93,0.86,0.89,0.06,0.74,30,-0.78,1.12,0.22,-2.9,-0.33,0.78
P50747_S124s,P50747,HLCS,3141,"P50747,P50747-2",Homo sapiens,FALSE,P50747_S124s,101.82,TRUE,IESVKFAsAENIPDL,0,P50747_S124s,-0.15,0.01,-0.13,-0.33,-0.09,-0.1,0.13,0.95,0.16,0,0.38,0.3,0.48,1,0.87,0,0.77,0.78,0.88,0.06,0.74,28,-1.51,0.07,-1.42,-3.45,-0.88,-1.05
Q5T5P2_T166t,Q5T5P2,KIAA1217,56243,Q5T5P2,Homo sapiens,FALSE,Q5T5P2_T166t,26.41,TRUE,PFSRGSRtRASLPVV,0,Q5T5P2_T166t,-0.06,0.09,0.06,-0.38,-0.15,0.03,0.55,0.42,0.51,0,0.18,0.76,0.85,0.93,0.96,0,0.59,0.95,0.88,0.04,0.74,20,-0.6,0.8,0.67,-3.58,-1.34,0.31
P52594_Y327y,P52594,AGFG1,3267,"P52594,P52594-2,P52594-3,P52594-4",Homo sapiens,FALSE,P52594_Y327y,236.55,TRUE,GLQTADKyAALANLD,0,P52594_Y327y,0.02,0.01,-0.12,-0.26,-0.17,-0.12,0.74,0.93,0.08,0,0.02,0.07,0.92,1,0.82,0,0.21,0.52,0.88,0.04,0.74,21,0.34,0.09,-1.75,-3.77,-2.31,-1.83
Q15545_T44t,Q15545,TAF7,6879,Q15545,Homo sapiens,FALSE,Q15545_T44t,1000,TRUE,VNLKDRLtIELHPDG,0,Q15545_T44t,-0.14,0.18,-0.08,-0.57,0,0.13,0.5,0.43,0.67,0.01,0.99,0.48,0.83,0.93,0.98,0.03,1,0.87,0.88,0.07,0.74,33,-0.67,0.79,-0.42,-2.79,0.02,0.71
Q7Z7B0_S967s,Q7Z7B0,FILIP1,27145,"Q7Z7B0,Q7Z7B0-2",Homo sapiens,FALSE,Q7Z7B0_S967s,68.57,TRUE,VMPQKQKsGDTTLGP,0,Q7Z7B0_S967s,-0.11,-0.01,-0.15,-0.71,-0.24,-0.28,0.25,0.93,0.11,0,0.02,0,0.64,1,0.84,0,0.22,0.12,0.88,0.05,0.74,25,-1.15,-0.09,-1.58,-7.07,-2.28,-3.06
Q92797_S1171s,Q92797,SYMPK,8189,Q92797,Homo sapiens,FALSE,Q92797_S1171s,17.98,TRUE,VGAPSSSsPSPSPSA,0,Q92797_S1171s,-0.25,-0.18,-0.19,-0.36,-0.26,-0.18,0,0.04,0.02,0,0,0.02,0.02,0.69,0.68,0,0.03,0.33,0.88,0.05,0.74,22,-3.18,-2.05,-2.37,-4.68,-3.17,-2.39
Q14315_T2238t,Q14315,FLNC,2318,Q14315,Homo sapiens,FALSE,Q14315_T2238t,38.26,TRUE,LGSFGSItRQQEGEA,0,Q14315_T2238t,-0.09,0.09,-0.05,-0.31,-0.01,-0.02,0.46,0.45,0.58,0.01,0.93,0.82,0.8,0.93,0.97,0.03,0.98,0.97,0.88,0.07,0.74,32,-0.74,0.76,-0.55,-2.75,-0.08,-0.22
O00571_S102s,O00571,DDX3X,1654,O00571,Homo sapiens,FALSE,O00571_S102s,65.96,TRUE,RFDDRGRsDYDGIGS,0,O00571_S102s,-0.17,0.08,-0.18,-0.46,-0.08,-0.09,0.11,0.52,0.08,0,0.51,0.34,0.44,0.95,0.82,0,0.84,0.82,0.88,0.06,0.74,30,-1.6,0.64,-1.74,-4.35,-0.66,-0.95
Q9NQG6_S94s,Q9NQG6,MIEF1,54471,Q9NQG6,Homo sapiens,FALSE,Q9NQG6_S94s,33.81,TRUE,MKTGLSRsLQTLPTD,0,Q9NQG6_S94s,-0.13,0.01,0.01,-0.6,-0.19,-0.03,0.29,0.91,0.92,0,0.14,0.75,0.67,1,0.99,0,0.53,0.95,0.88,0.05,0.74,22,-1.06,0.11,0.1,-4.89,-1.48,-0.31
Q9NQ66_S1199s,Q9NQ66,PLCB1,23236,Q9NQ66,Homo sapiens,FALSE,Q9NQ66_S1199s,46.02,TRUE,KVNHKTPsSEELGGD,0,Q9NQ66_S1199s,-0.11,-0.08,-0.06,-0.44,-0.26,-0.12,0.39,0.56,0.65,0,0.03,0.24,0.76,0.96,0.97,0,0.25,0.75,0.88,0.04,0.74,20,-0.86,-0.58,-0.45,-3.94,-2.2,-1.17
Q711Q0_S160s,Q711Q0,CEFIP,NA,Q711Q0,Homo sapiens,FALSE,Q711Q0_S160s,29.88,TRUE,TESQRCEsRPTASKP,0,Q711Q0_S160s,0,0.14,0.06,-0.41,0.04,0.18,0.98,0.14,0.49,0,0.68,0.03,1,0.82,0.96,0,0.91,0.38,0.88,0.08,0.74,37,0.02,1.47,0.7,-4.46,0.42,2.21
Q9BUI4_S205s,Q9BUI4,POLR3C,10623,Q9BUI4,Homo sapiens,FALSE,Q9BUI4_S205s,52.22,TRUE,KGKRRRSsDEDAAGE,0,Q9BUI4_S205s,-0.27,0.05,-0.23,-0.99,-0.79,-0.51,0.18,0.81,0.18,0,0,0,0.55,0.99,0.88,0,0,0.12,0.88,0.02,0.74,8,-1.35,0.23,-1.33,-5.88,-3.83,-3.06
P35573_Y596y,P35573,AGL,178,P35573,Homo sapiens,FALSE,P35573_Y596y,85.23,TRUE,EGRLVYRyGGEPVGS,0,P35573_Y596y,0.06,0.1,-0.01,-0.28,-0.11,-0.1,0.57,0.37,0.94,0.01,0.3,0.33,0.86,0.92,0.99,0.05,0.71,0.8,0.88,0.02,0.74,11,0.57,0.9,-0.07,-2.6,-1.05,-0.98
O75069_S438s,O75069,TMCC2,9911,"O75069,O75069-2",Homo sapiens,FALSE,O75069_S438s,1000,TRUE,LIRNKFGsADNIAHL,0,O75069_S438s,-0.12,0.09,-0.15,-0.48,-0.01,-0.04,0.28,0.44,0.16,0,0.94,0.68,0.67,0.93,0.88,0,0.99,0.93,0.88,0.08,0.74,40,-1.07,0.77,-1.39,-4.43,-0.07,-0.41
P11021_S354s,P11021,HSPA5,3309,P11021,Homo sapiens,FALSE,P11021_S354s,225.13,TRUE,EDSDLKKsDIDEIVL,0,P11021_S354s,-0.04,0.04,0.03,-0.17,-0.09,0.02,0.59,0.63,0.66,0.01,0.25,0.77,0.87,0.97,0.97,0.04,0.67,0.96,0.88,0.04,0.74,20,-0.54,0.48,0.44,-2.68,-1.15,0.29
O00330_S162s,O00330,PDHX,8050,"O00330,O00330-3",Homo sapiens,FALSE,O00330_S162s,55.42,TRUE,KPSEPRPsPEPQISI,0,O00330_S162s,-0.1,-0.13,-0.1,-0.31,-0.2,-0.04,0.33,0.25,0.29,0,0.05,0.63,0.71,0.88,0.91,0.01,0.35,0.92,0.88,0.05,0.74,25,-0.98,-1.16,-1.07,-3.12,-1.92,-0.48
Q16204_S352s,Q16204,CCDC6,8030,Q16204,Homo sapiens,FALSE,Q16204_S352s,45.54,TRUE,LRPRTVSsPIPYTPS,0,Q16204_S352s,-0.13,0.04,-0.03,-0.35,-0.2,-0.1,0.15,0.76,0.71,0,0.07,0.23,0.51,0.98,0.98,0,0.41,0.73,0.88,0.04,0.74,20,-1.43,0.31,-0.37,-3.77,-1.78,-1.21
P19634_S785s,P19634,SLC9A1,6548,P19634,Homo sapiens,FALSE,P19634_S785s,49.21,TRUE,FTPAPSDsPSSQRIQ,0,P19634_S785s,-0.16,0.03,-0.2,-0.36,-0.15,-0.18,0.07,0.79,0.03,0,0.12,0.05,0.35,0.99,0.72,0,0.5,0.46,0.88,0.05,0.74,23,-1.8,0.27,-2.14,-3.94,-1.58,-1.99
P15880_Y266y,P15880,RPS2,6187,P15880,Homo sapiens,FALSE,P15880_Y266y,19.23,TRUE,TVFTKSPyQEFTDHL,0,P15880_Y266y,0.06,-0.01,0.02,-0.28,-0.09,0.02,0.59,0.96,0.87,0.01,0.46,0.83,0.87,1,0.99,0.03,0.82,0.97,0.88,0.07,0.74,35,0.54,-0.05,0.16,-2.72,-0.74,0.22
Q99576-3_S34s,Q99576-3,TSC22D3,1831,Q99576-3,Homo sapiens,FALSE,Q99576-3_S34s,50.46,TRUE,SGLQRGSsGENNNPG,0,Q99576-3_S34s,-0.15,-0.09,-0.1,-0.35,-0.21,-0.17,0.1,0.38,0.25,0,0.03,0.05,0.42,0.92,0.9,0,0.27,0.47,0.87,0.06,0.74,27,-1.65,-0.88,-1.15,-3.87,-2.15,-1.97
P48681_S346s,P48681,NES,10763,P48681,Homo sapiens,FALSE,P48681_S346s,48.11,TRUE,PEGRRLGsLLPVLSP,0,P48681_S346s,-0.07,-0.16,-0.16,-0.54,-0.24,-0.18,0.66,0.38,0.32,0,0.19,0.25,0.89,0.92,0.92,0.01,0.6,0.75,0.87,0.07,0.74,33,-0.44,-0.89,-1,-3.11,-1.31,-1.16
Q9NZM3_S889s,Q9NZM3,ITSN2,50618,"Q9NZM3,Q9NZM3-2,Q9NZM3-3,Q9NZM3-4",Homo sapiens,FALSE,Q9NZM3_S889s,47.28,TRUE,TVSPGSVsPIHGQGQ,0,Q9NZM3_S889s,-0.16,-0.04,-0.11,-0.23,-0.15,-0.08,0.01,0.49,0.06,0,0.02,0.2,0.09,0.94,0.8,0,0.19,0.71,0.87,0.03,0.74,14,-2.64,-0.69,-1.91,-3.69,-2.38,-1.29
Q15154-5_S116s,Q15154-5,PCM1,5108,Q15154-5,Homo sapiens,FALSE,Q15154-5_S116s,79.93,TRUE,FSDLDQRsIGSDSQG,0,Q15154-5_S116s,0.05,0.31,0.03,-0.59,0.17,0.05,0.75,0.08,0.85,0,0.33,0.77,0.92,0.76,0.99,0,0.74,0.96,0.87,0.09,0.74,46,0.32,1.75,0.18,-3.82,0.97,0.29
Q9P266_S678s,Q9P266,JCAD,57608,Q9P266,Homo sapiens,FALSE,Q9P266_S678s,39.54,TRUE,KHRELKHsGSWPGHR,0,Q9P266_S678s,-0.21,0.07,-0.09,-0.58,-0.29,-0.22,0.08,0.63,0.47,0,0.05,0.08,0.38,0.97,0.95,0,0.33,0.56,0.87,0.03,0.74,16,-1.73,0.48,-0.72,-4.36,-1.97,-1.73
Q9UI47_S650s,Q9UI47,CTNNA3,29119,Q9UI47,Homo sapiens,FALSE,Q9UI47_S650s,48.75,TRUE,HEVRSHTsIQTEGKT,0,Q9UI47_S650s,-0.07,0.11,0.08,-0.53,-0.31,-0.02,0.49,0.32,0.37,0,0,0.79,0.82,0.91,0.93,0,0.05,0.96,0.87,0.05,0.74,22,-0.69,0.98,0.89,-5.4,-3.06,-0.27
Q0ZGT2_S226s,Q0ZGT2,NEXN,91624,"Q0ZGT2,Q0ZGT2-4",Homo sapiens,FALSE,Q0ZGT2_S226s,220.81,TRUE,LKEAKCLsLVMDDEI,0,Q0ZGT2_S226s,0.1,0.24,-0.09,-0.37,0.13,0.03,0.31,0.04,0.35,0,0.23,0.78,0.69,0.68,0.93,0,0.65,0.96,0.87,0.08,0.74,38,1.01,2.1,-0.94,-3.58,1.21,0.28
Q13501_T269t,Q13501,SQSTM1,8878,Q13501,Homo sapiens,FALSE,Q13501_T269t,118.37,TRUE,GGKRSRLtPVSPESS,0,Q13501_T269t,-0.28,0.09,-0.02,-0.81,-0.24,-0.05,0,0.37,0.81,0,0.02,0.6,0.04,0.92,0.99,0,0.19,0.91,0.87,0.05,0.74,23,-3.01,0.9,-0.24,-8.21,-2.38,-0.52
O14639-6_S610s,O14639-6,ABLIM1,3983,O14639-6,Homo sapiens,FALSE,O14639-6_S610s,33.55,TRUE,LLASRYDsPINSASH,0,O14639-6_S610s,-0.45,0.15,-0.31,-1.04,-0.71,-0.53,0.12,0.61,0.25,0,0.01,0.04,0.47,0.97,0.9,0,0.16,0.45,0.87,0.02,0.74,9,-1.54,0.51,-1.14,-3.82,-2.48,-2.03
Q96S90_S99s,Q96S90,LYSMD1,388695,Q96S90,Homo sapiens,FALSE,Q96S90_S99s,1000,TRUE,DLFNGLDsEEEKDGE,0,Q96S90_S99s,-0.29,-0.11,-0.13,-0.66,-0.28,-0.14,0.01,0.32,0.21,0,0.01,0.17,0.07,0.91,0.9,0,0.13,0.69,0.87,0.04,0.74,21,-2.72,-0.99,-1.25,-6.09,-2.58,-1.36
P52179-2_S95s,P52179-2,MYOM1,8736,P52179-2,Homo sapiens,FALSE,P52179-2_S95s,17.47,TRUE,SAYDYGSsHGLTDSS,0,P52179-2_S95s,-0.01,0.01,0.06,-0.51,-0.19,0.04,0.9,0.96,0.54,0,0.06,0.68,0.97,1,0.96,0,0.36,0.93,0.87,0.07,0.74,36,-0.13,0.05,0.62,-4.67,-1.91,0.41
Q8WZ42-6_S5306s,Q8WZ42-6,TTN,7273,Q8WZ42-6,Homo sapiens,FALSE,Q8WZ42-6_S5306s,39.68,TRUE,TTSSRTPsPQEIVLE,0,Q8WZ42-6_S5306s,-0.04,0.07,0.06,-0.24,-0.1,0.05,0.51,0.32,0.36,0,0.15,0.39,0.83,0.91,0.93,0,0.55,0.83,0.87,0.04,0.74,21,-0.66,0.99,0.92,-3.69,-1.45,0.87
Q8WXH0_T6365t,Q8WXH0,SYNE2,23224,"Q8WXH0,Q8WXH0-2",Homo sapiens,FALSE,Q8WXH0_T6365t,29.72,TRUE,KEASENEtDMEDPRE,0,Q8WXH0_T6365t,-0.14,0.02,-0.04,-0.28,-0.09,-0.02,0.17,0.87,0.65,0,0.37,0.81,0.54,0.99,0.97,0.02,0.77,0.97,0.87,0.07,0.74,32,-1.37,0.16,-0.46,-3.02,-0.9,-0.24
Q8WZ42-12_S10638s,Q8WZ42-12,TTN,7273,Q8WZ42-12,Homo sapiens,FALSE,Q8WZ42-12_S10638s,1000,TRUE,IVTQREEsPPPAVPE,0,Q8WZ42-12_S10638s,-0.02,-0.03,-0.04,-0.14,-0.1,-0.07,0.65,0.55,0.38,0.01,0.07,0.14,0.89,0.96,0.93,0.03,0.41,0.64,0.87,0.03,0.74,14,-0.45,-0.59,-0.89,-2.77,-1.79,-1.48
P60900_Y23y,P60900,PSMA6,5687,P60900,Homo sapiens,FALSE,P60900_Y23y,201.83,TRUE,FSPEGRLyQVEYAFK,0,P60900_Y23y,-0.09,-0.03,-0.07,-0.27,-0.09,-0.11,0.25,0.75,0.32,0,0.28,0.12,0.64,0.98,0.92,0,0.69,0.62,0.87,0.08,0.74,39,-1.15,-0.31,-0.99,-3.68,-1.08,-1.54
P24723_T656t,P24723,PRKCH,5583,"P24723,P24723-2",Homo sapiens,FALSE,P24723_T656t,1000,TRUE,IKEEPVLtPIDEGHL,0,P24723_T656t,-0.17,-0.15,-0.13,-0.32,-0.28,-0.11,0.1,0.15,0.17,0,0.01,0.25,0.41,0.84,0.88,0.01,0.12,0.75,0.87,0.04,0.74,19,-1.66,-1.43,-1.38,-3.2,-2.62,-1.16
Q5SV97_S633s,Q5SV97,PERM1,84808,Q5SV97,Homo sapiens,FALSE,Q5SV97_S633s,1000,TRUE,QRSRRRGsPEPLPRA,0,Q5SV97_S633s,0.01,0.07,0.02,-0.23,-0.16,-0.06,0.9,0.4,0.78,0,0.04,0.32,0.97,0.93,0.99,0.01,0.29,0.8,0.87,0.02,0.74,11,0.13,0.84,0.28,-3.31,-2.1,-1
P12882_S1482s,P12882,MYH1,4619,P12882,Homo sapiens,FALSE,P12882_S1482s,43.1,TRUE,QKESRSLsTELFKIK,0,P12882_S1482s,-0.19,-0.07,-0.25,-0.34,-0.16,-0.16,0.09,0.55,0.02,0,0.17,0.11,0.38,0.96,0.7,0.01,0.57,0.6,0.87,0.04,0.74,20,-1.72,-0.6,-2.27,-3.08,-1.38,-1.59
P49321_S451s,P49321,NASP,4678,"P49321,P49321-3,P49321-4",Homo sapiens,FALSE,P49321_S451s,55.13,TRUE,AQGATEKsPEDKVQI,0,P49321_S451s,-0.08,0.03,-0.07,-0.22,-0.12,-0.14,0.35,0.78,0.46,0.01,0.18,0.15,0.73,0.98,0.95,0.05,0.59,0.66,0.87,0.03,0.74,16,-0.94,0.28,-0.74,-2.59,-1.33,-1.43
O14908_S232s,O14908,GIPC1,10755,"O14908,O14908-2",Homo sapiens,FALSE,O14908_S232s,54.41,TRUE,SAGGRPGsGPQLGTG,0,O14908_S232s,-0.11,-0.07,-0.03,-0.4,-0.28,-0.06,0.35,0.59,0.79,0,0.03,0.57,0.73,0.97,0.99,0,0.26,0.9,0.86,0.05,0.74,26,-0.93,-0.54,-0.27,-3.47,-2.17,-0.57
Q86TC9_S609sS613s,Q86TC9,MYPN,84665,Q86TC9,Homo sapiens,FALSE,Q86TC9_S609sS613s,35.14,TRUE,LPEDDKGsEASSEAG|DKGSEASsEAGVVTT,0,Q86TC9_S609sS613s,-0.04,0.08,0.03,-0.26,-0.03,-0.03,0.53,0.26,0.65,0,0.69,0.62,0.84,0.88,0.97,0,0.92,0.92,0.86,0.07,0.74,34,-0.64,1.13,0.45,-4.31,-0.4,-0.49
P35609_S431s,P35609,ACTN2,88,P35609,Homo sapiens,FALSE,P35609_S431s,58.65,TRUE,LLQKDYEsASLTEVR,0,P35609_S431s,-0.08,0,-0.06,-0.17,-0.1,-0.09,0.17,0.95,0.29,0,0.1,0.08,0.54,1,0.91,0.01,0.47,0.55,0.86,0.03,0.74,16,-1.38,0.06,-1.06,-3.05,-1.65,-1.75
Q8WZ42-12_T236t,Q8WZ42-12,TTN,7273,Q8WZ42-12,Homo sapiens,FALSE,Q8WZ42-12_T236t,58.25,TRUE,FDARSIAtVEMVIDG,0,Q8WZ42-12_T236t,-0.16,0.03,-0.05,-0.4,-0.09,0.01,0.04,0.7,0.52,0,0.25,0.84,0.23,0.97,0.96,0,0.67,0.97,0.86,0.08,0.74,38,-2.11,0.39,-0.64,-5.25,-1.14,0.21
Q8WX93_S35s,Q8WX93,PALLD,23022,Q8WX93,Homo sapiens,FALSE,Q8WX93_S35s,99.76,TRUE,PGLSAFLsQEEINKS,0,Q8WX93_S35s,-0.14,0.05,-0.06,-0.38,-0.05,0.05,0.09,0.53,0.47,0,0.54,0.48,0.38,0.95,0.95,0,0.85,0.87,0.86,0.08,0.74,39,-1.72,0.62,-0.73,-4.69,-0.61,0.71
Q9UMS6-2_T904t,Q9UMS6-2,SYNPO2,171024,"Q9UMS6-2,Q9UMS6-4",Homo sapiens,FALSE,Q9UMS6-2_T904t,45.55,TRUE,AARAQSPtPSLPASW,0,Q9UMS6-2_T904t,-0.04,0,-0.01,-0.15,-0.02,-0.02,0.49,0.95,0.78,0,0.69,0.64,0.82,1,0.99,0.02,0.92,0.92,0.86,0.09,0.74,45,-0.69,0.07,-0.28,-2.87,-0.4,-0.47
Q02078_S98s,Q02078,MEF2A,4205,"Q02078,Q02078-5",Homo sapiens,FALSE,Q02078_S98s,75.96,TRUE,KEHRGCDsPDPDTSY,0,Q02078_S98s,-0.23,0.15,-0.13,-0.65,-0.07,-0.1,0.04,0.24,0.24,0,0.57,0.34,0.25,0.88,0.9,0,0.87,0.81,0.86,0.07,0.74,34,-2.05,1.19,-1.18,-5.64,-0.57,-0.96
Q2TAL5_S241s,Q2TAL5,SMTNL2,342527,Q2TAL5,Homo sapiens,FALSE,Q2TAL5_S241s,34.31,TRUE,VITPWTPsPSEKNSS,0,Q2TAL5_S241s,-0.09,0.12,-0.17,-1.08,0.09,0.01,0.71,0.62,0.43,0,0.73,0.96,0.91,0.97,0.94,0,0.93,0.99,0.86,0.09,0.74,43,-0.38,0.5,-0.79,-4.53,0.35,0.06
Q8NE71_T108tS109s,Q8NE71,ABCF1,23,Q8NE71,Homo sapiens,FALSE,Q8NE71_T108tS109s,100.97,TRUE,LKKLSVPtSDEEDEV|KKLSVPTsDEEDEVP,0,Q8NE71_T108tS109s,-0.11,-0.03,-0.05,-0.39,-0.12,-0.12,0.11,0.69,0.41,0,0.09,0.06,0.43,0.97,0.94,0,0.45,0.49,0.86,0.07,0.74,36,-1.62,-0.4,-0.82,-5.67,-1.68,-1.91
Q8NF91-4_S8234s,Q8NF91-4,SYNE1,23345,Q8NF91-4,Homo sapiens,FALSE,Q8NF91-4_S8234s,1000,TRUE,AMSRALPsEDEEGQD,0,Q8NF91-4_S8234s,0.01,0.04,0.01,-0.25,-0.02,-0.05,0.86,0.6,0.94,0,0.75,0.42,0.96,0.97,0.99,0,0.93,0.85,0.86,0.06,0.74,30,0.18,0.53,0.07,-3.48,-0.32,-0.81
O43719_S616sS624s,O43719,HTATSF1,27336,O43719,Homo sapiens,FALSE,O43719_S616sS624s,1000,TRUE,KVLDEEGsEREFDED|EREFDEDsDEKEEEE,0,O43719_S616sS624s,-0.05,-0.01,-0.08,-0.23,-0.03,-0.07,0.58,0.93,0.4,0.01,0.76,0.44,0.86,1,0.94,0.04,0.94,0.86,0.86,0.1,0.74,50,-0.55,-0.09,-0.84,-2.65,-0.31,-0.77
Q92628_S227s,Q92628,KIAA0232,9778,Q92628,Homo sapiens,FALSE,Q92628_S227s,40.2,TRUE,SSPKDCNsESEVTKE,0,Q92628_S227s,0.08,0.04,-0.07,-0.35,0.04,0,0.57,0.77,0.61,0.01,0.78,1,0.86,0.98,0.97,0.03,0.94,1,0.86,0.13,0.74,66,0.57,0.29,-0.5,-2.78,0.28,-0.01
O94979_S527s,O94979,SEC31A,22872,"O94979,O94979-2,O94979-3,O94979-8,O94979-9",Homo sapiens,FALSE,O94979_S527s,97.34,TRUE,DSDQVAQsDGEESPA,0,O94979_S527s,-0.11,0.01,-0.02,-0.26,-0.1,-0.01,0.12,0.86,0.8,0,0.2,0.87,0.46,0.99,0.99,0,0.61,0.98,0.86,0.04,0.74,21,-1.55,0.17,-0.25,-3.46,-1.29,-0.17
P55822_S185s,P55822,SH3BGR,6450,"P55822,P55822-2",Homo sapiens,FALSE,P55822_S185s,1000,TRUE,TEAQKEGsEDVGNLP,0,P55822_S185s,-0.12,-0.05,-0.07,-0.28,-0.13,-0.12,0.13,0.6,0.39,0,0.13,0.13,0.48,0.97,0.94,0,0.52,0.62,0.86,0.07,0.74,35,-1.52,-0.53,-0.85,-3.47,-1.52,-1.53
P51116_S566s,P51116,FXR2,9513,P51116,Homo sapiens,FALSE,P51116_S566s,57.58,TRUE,VMDGGLEsDGPNMTE,0,P51116_S566s,-0.03,-0.05,-0.13,-0.31,-0.31,-0.14,0.71,0.63,0.17,0,0,0.14,0.91,0.97,0.88,0.01,0.03,0.65,0.86,0.03,0.74,12,-0.37,-0.48,-1.38,-3.29,-3.18,-1.46
P31629_S169s,P31629,HIVEP2,3097,P31629,Homo sapiens,FALSE,P31629_S169s,1000,TRUE,YSQYSQKsIEQAEEA,0,P31629_S169s,-0.09,-0.05,-0.03,-0.29,-0.21,-0.08,0.25,0.56,0.68,0,0.01,0.28,0.64,0.96,0.98,0,0.16,0.77,0.86,0.05,0.74,26,-1.15,-0.59,-0.41,-3.64,-2.47,-1.07
Q6JBY9_S268s,Q6JBY9,RCSD1,92241,Q6JBY9,Homo sapiens,FALSE,Q6JBY9_S268s,26.98,TRUE,GEKARRSsEEVDGQH,0,Q6JBY9_S268s,0.16,0.22,0.06,-0.35,-0.32,-0.04,0.1,0.04,0.51,0,0,0.65,0.42,0.69,0.96,0,0.04,0.92,0.86,0.01,0.74,6,1.65,2.08,0.66,-3.72,-3.1,-0.45
Q9UPQ9_S1816s,Q9UPQ9,TNRC6B,23112,"Q9UPQ9,Q9UPQ9-1",Homo sapiens,FALSE,Q9UPQ9_S1816s,228.11,TRUE,EDPHRMGsPAPLLPG,0,Q9UPQ9_S1816s,-0.04,0.08,-0.05,-0.38,-0.05,-0.14,0.76,0.62,0.73,0.01,0.76,0.35,0.93,0.97,0.98,0.04,0.94,0.82,0.86,0.09,0.74,44,-0.3,0.5,-0.35,-2.69,-0.31,-0.94
Q15149_Y4615yS4622s,Q15149,PLEC,5339,Q15149,Homo sapiens,FALSE,Q15149_Y4615yS4622s,32.27,TRUE,TKGYYSPySVSGSGS|YSVSGSGsTAGSRTG,0,Q15149_Y4615yS4622s,-0.06,0.02,0.02,-0.38,-0.13,-0.09,0.58,0.85,0.86,0,0.23,0.35,0.86,0.99,0.99,0,0.65,0.82,0.86,0.07,0.74,33,-0.56,0.19,0.18,-3.53,-1.21,-0.93
Q8N3K9_S1547sS1551s,Q8N3K9,CMYA5,202333,Q8N3K9,Homo sapiens,FALSE,Q8N3K9_S1547sS1551s,67.98,TRUE,KETELPSsQNVSPAS|LPSSQNVsPASKHII,0,Q8N3K9_S1547sS1551s,-0.37,-0.19,-0.14,-1.04,-0.36,-0.11,0.02,0.24,0.34,0,0.02,0.41,0.17,0.88,0.93,0,0.22,0.85,0.86,0.1,0.74,48,-2.29,-1.16,-0.96,-6.9,-2.29,-0.83
Q96NA2_S354sS355s,Q96NA2,RILP,83547,Q96NA2,Homo sapiens,FALSE,Q96NA2_S354sS355s,111.4,TRUE,WYRGKAEsSEDETSS|YRGKAESsEDETSSP,0,Q96NA2_S354sS355s,-0.04,-0.06,0.01,-0.41,-0.21,0.06,0.78,0.7,0.94,0,0.18,0.64,0.93,0.97,0.99,0,0.59,0.92,0.86,0.07,0.74,35,-0.28,-0.38,0.07,-3.49,-1.34,0.47
Q92574_S505s,Q92574,TSC1,7248,"Q92574,Q92574-2",Homo sapiens,FALSE,Q92574_S505s,72.97,TRUE,VPRGGFDsPFYRDSL,0,Q92574_S505s,-0.09,-0.01,-0.05,-0.45,-0.06,-0.06,0.52,0.94,0.69,0,0.7,0.6,0.84,1,0.98,0.01,0.92,0.91,0.86,0.1,0.74,49,-0.64,-0.08,-0.4,-3.27,-0.38,-0.52
Q2TAL5_S269s,Q2TAL5,SMTNL2,342527,Q2TAL5,Homo sapiens,FALSE,Q2TAL5_S269s,39.44,TRUE,TASKHSNsPPLVTPP,0,Q2TAL5_S269s,-0.51,-0.16,-0.06,-1.54,-0.93,-0.13,0.01,0.44,0.75,0,0,0.44,0.07,0.93,0.98,0,0,0.86,0.86,0.05,0.74,26,-2.75,-0.77,-0.32,-8.07,-4.65,-0.77
Q8WX93_S53s,Q8WX93,PALLD,23022,Q8WX93,Homo sapiens,FALSE,Q8WX93_S53s,46.21,TRUE,ARRAIADsETEDFDS,0,Q8WX93_S53s,-0.06,0.09,0,-0.42,0.01,0,0.36,0.27,0.96,0,0.85,0.96,0.74,0.89,1,0,0.96,0.99,0.86,0.12,0.74,61,-0.92,1.1,0.05,-6,0.18,-0.05
Q9H987_S678s,Q9H987,SYNPO2L,79933,Q9H987,Homo sapiens,FALSE,Q9H987_S678s,199.86,TRUE,GPEEDALsLGAEACN,0,Q9H987_S678s,-0.14,0.06,0.02,-0.42,-0.12,0.05,0.06,0.44,0.74,0,0.13,0.47,0.3,0.93,0.98,0,0.51,0.87,0.85,0.05,0.74,26,-1.91,0.77,0.33,-5.59,-1.53,0.72
Q6P0Q8_T279tS281s,Q6P0Q8,MAST2,23139,Q6P0Q8,Homo sapiens,FALSE,Q6P0Q8_T279tS281s,22.22,TRUE,FLTKHFStESVPDEE|TKHFSTEsVPDEEGR,0,Q6P0Q8_T279tS281s,-0.02,-0.02,-0.03,-0.39,-0.09,-0.12,0.91,0.93,0.86,0.01,0.57,0.46,0.98,1,0.99,0.04,0.87,0.86,0.85,0.08,0.74,39,-0.11,-0.09,-0.18,-2.62,-0.57,-0.74
Q5VST9-6_T5328t,Q5VST9-6,OBSCN,84033,Q5VST9-6,Homo sapiens,FALSE,Q5VST9-6_T5328t,83.98,TRUE,DDESRAGtPSLVTYL,0,Q5VST9-6_T5328t,-0.22,0.04,-0.09,-0.94,-0.13,-0.2,0.15,0.79,0.54,0,0.42,0.17,0.52,0.99,0.96,0,0.79,0.68,0.85,0.09,0.74,46,-1.42,0.26,-0.61,-6.03,-0.81,-1.37
Q8WWI1_S1423s,Q8WWI1,LMO7,4008,Q8WWI1,Homo sapiens,FALSE,Q8WWI1_S1423s,44.69,TRUE,GDRNKSRsTTELDDY,0,Q8WWI1_S1423s,-0.07,0.03,0,-0.32,-0.04,-0.04,0.42,0.73,0.97,0,0.69,0.64,0.78,0.98,1,0,0.92,0.92,0.85,0.1,0.74,47,-0.81,0.34,-0.04,-3.66,-0.4,-0.47
Q92614_S1970sS1974s,Q92614,MYO18A,399687,Q92614,Homo sapiens,FALSE,Q92614_S1970sS1974s,1000,TRUE,KNKLEGDsDVDSELE|EGDSDVDsELEDRVD,0,Q92614_S1970sS1974s,-0.01,0,-0.04,-0.2,0.01,0.02,0.9,0.96,0.53,0,0.88,0.7,0.97,1,0.96,0.01,0.97,0.94,0.85,0.13,0.74,62,-0.12,0.04,-0.62,-3.11,0.15,0.38
P50461_S81sS95s,P50461,CSRP3,8048,P50461,Homo sapiens,FALSE,P50461_S81sS95s,42.49,TRUE,GQGAGCLsTDTGEHL|LGLQFQQsPKPARSV,0,P50461_S81sS95s,-0.35,-0.08,-0.44,-1.32,-0.15,0.13,0.33,0.82,0.24,0,0.68,0.71,0.71,0.99,0.9,0,0.91,0.94,0.85,0.11,0.74,54,-0.98,-0.23,-1.17,-3.52,-0.42,0.37
Q86TC9_S928s,Q86TC9,MYPN,84665,Q86TC9,Homo sapiens,FALSE,Q86TC9_S928s,99.98,TRUE,ERTPVDEsDDEIQHD,0,Q86TC9_S928s,-0.08,-0.01,-0.01,-0.24,-0.08,0,0.13,0.88,0.86,0,0.17,0.93,0.47,0.99,0.99,0,0.58,0.99,0.85,0.08,0.74,40,-1.53,-0.15,-0.17,-4.31,-1.36,-0.09
Q6GYQ0-3_S740s,Q6GYQ0-3,RALGAPA1,253959,"Q6GYQ0-3,Q6GYQ0-6",Homo sapiens,FALSE,Q6GYQ0-3_S740s,67.98,TRUE,RSATTTGsPGTEKAR,0,Q6GYQ0-3_S740s,-0.13,0.03,0.02,-0.41,-0.15,-0.04,0.09,0.74,0.79,0,0.07,0.58,0.39,0.98,0.99,0,0.4,0.91,0.85,0.07,0.74,32,-1.71,0.33,0.27,-5.37,-1.8,-0.55
Q8TD19_S829s,Q8TD19,NEK9,91754,Q8TD19,Homo sapiens,FALSE,Q8TD19_S829s,39.54,TRUE,IPMPDSPsPLSAAFS,0,Q8TD19_S829s,-0.22,-0.01,-0.2,-0.47,-0.13,-0.18,0.04,0.96,0.06,0,0.25,0.07,0.23,1,0.8,0,0.66,0.53,0.85,0.08,0.74,39,-2.08,-0.05,-1.89,-4.52,-1.16,-1.81
O43379_S1249s,O43379,WDR62,284403,O43379,Homo sapiens,FALSE,O43379_S1249s,19.22,TRUE,QPLRRPSsVGELASL,0,O43379_S1249s,-0.14,0.15,-0.09,-0.6,-0.08,-0.18,0.47,0.47,0.6,0,0.69,0.28,0.81,0.94,0.97,0.01,0.92,0.77,0.85,0.08,0.74,38,-0.72,0.73,-0.53,-3.07,-0.39,-1.09
Q9H987_S178s,Q9H987,SYNPO2L,79933,Q9H987,Homo sapiens,FALSE,Q9H987_S178s,30.99,TRUE,PPDEVYLsDSPAEPA,0,Q9H987_S178s,-0.17,0.12,0.02,-0.51,-0.13,-0.08,0.09,0.31,0.87,0,0.23,0.42,0.4,0.9,0.99,0,0.65,0.85,0.85,0.07,0.74,32,-1.69,1.02,0.16,-4.95,-1.21,-0.8
Q9H1E3_S19s,Q9H1E3,NUCKS1,64710,Q9H1E3,Homo sapiens,FALSE,Q9H1E3_S19s,159.98,TRUE,DYSQFQEsDDADEDY,0,Q9H1E3_S19s,0.03,0,0,-0.2,-0.07,-0.06,0.67,0.98,0.99,0,0.28,0.35,0.9,1,1,0.01,0.69,0.82,0.85,0.05,0.74,25,0.42,0.02,-0.01,-3.19,-1.09,-0.94
O15021_S1370s,O15021,MAST4,375449,O15021,Homo sapiens,FALSE,O15021_S1370s,177.89,TRUE,YRSGRRKsAGNIPLS,0,O15021_S1370s,-0.13,-0.02,-0.11,-0.43,-0.06,0.04,0.14,0.82,0.23,0,0.55,0.65,0.5,0.99,0.9,0,0.86,0.92,0.85,0.12,0.74,59,-1.47,-0.23,-1.2,-4.73,-0.6,0.45
P17661_S68s,P17661,DES,1674,P17661,Homo sapiens,FALSE,P17661_S68s,194.42,TRUE,GGAGGLGsLRASRLG,0,P17661_S68s,-0.17,0.24,-0.02,-0.39,-0.03,0.11,0.24,0.14,0.91,0.01,0.83,0.44,0.62,0.82,0.99,0.04,0.96,0.86,0.85,0.05,0.74,25,-1.18,1.49,-0.11,-2.7,-0.22,0.78
P49841_S25s,P49841,GSK3B,2932,"P49841,P49841-2",Homo sapiens,FALSE,P49841_S25s,109.53,TRUE,QQPSAFGsMKVSRDK,0,P49841_S25s,-0.19,-0.02,-0.15,-0.38,-0.41,-0.14,0.16,0.91,0.24,0.01,0,0.25,0.52,1,0.9,0.03,0.07,0.75,0.85,0.01,0.74,6,-1.42,-0.12,-1.17,-2.78,-2.89,-1.16
Q8WX93_S192s,Q8WX93,PALLD,23022,Q8WX93,Homo sapiens,FALSE,Q8WX93_S192s,140.11,TRUE,AAKPRNRsPNGESSS,0,Q8WX93_S192s,-0.19,0.03,0.01,-0.49,-0.28,-0.07,0.03,0.74,0.89,0,0,0.37,0.19,0.98,0.99,0,0.05,0.83,0.85,0.04,0.74,21,-2.21,0.34,0.14,-5.69,-3.05,-0.9
Q96C23_S124s,Q96C23,GALM,130589,Q96C23,Homo sapiens,FALSE,Q96C23_S124s,172.44,TRUE,LWTPRVLsNGVQFSR,0,Q96C23_S124s,-0.08,-0.03,-0.01,-0.22,-0.14,-0.02,0.25,0.69,0.87,0,0.08,0.8,0.64,0.97,0.99,0.01,0.42,0.96,0.85,0.06,0.74,29,-1.14,-0.39,-0.17,-3.11,-1.76,-0.26
Q5VWP3-3_S355s,Q5VWP3-3,MLIP,90523,Q5VWP3-3,Homo sapiens,FALSE,Q5VWP3-3_S355s,83.82,TRUE,SPPSSSAsLKSNSAS,0,Q5VWP3-3_S355s,-0.19,0.07,-0.01,-0.4,-0.09,0,0.23,0.64,0.93,0.01,0.5,0.99,0.61,0.97,0.99,0.04,0.84,1,0.85,0.07,0.74,36,-1.2,0.47,-0.09,-2.71,-0.67,-0.01
Q7Z5L9_S457s,Q7Z5L9,IRF2BP2,359948,"Q7Z5L9,Q7Z5L9-2",Homo sapiens,FALSE,Q7Z5L9_S457s,60.64,TRUE,TTRRNSNsPPSPSSM,0,Q7Z5L9_S457s,-0.16,-0.02,-0.04,-0.46,-0.28,-0.18,0.21,0.9,0.76,0,0.04,0.15,0.59,1,0.98,0,0.3,0.66,0.85,0.05,0.74,23,-1.26,-0.12,-0.31,-3.53,-2.07,-1.43
P23109_Y206y,P23109,AMPD1,270,"P23109,P23109-2",Homo sapiens,FALSE,P23109_Y206y,240.31,TRUE,NLPENLGyHLKMKDG,0,P23109_Y206y,-0.01,0.17,0.07,-0.24,0.03,0,0.86,0.03,0.3,0,0.71,0.95,0.96,0.64,0.91,0.01,0.92,0.99,0.85,0.1,0.74,50,-0.17,2.21,1.05,-3.41,0.38,-0.07
Q9HDC5_S162sS174s,Q9HDC5,JPH1,56704,Q9HDC5,Homo sapiens,FALSE,Q9HDC5_S162sS174s,20.46,TRUE,IRSPLRTsLASLRSE|RSEQSNGsVLHDAAA,0,Q9HDC5_S162sS174s,-0.07,0.19,-0.13,-0.41,-0.2,-0.23,0.52,0.16,0.23,0,0.12,0.05,0.83,0.84,0.9,0,0.51,0.46,0.85,0.03,0.74,13,-0.65,1.42,-1.19,-3.42,-1.55,-2
Q9H987_S790sS794s,Q9H987,SYNPO2L,79933,Q9H987,Homo sapiens,FALSE,Q9H987_S790sS794s,25.7,TRUE,GPRPRSPsPTPSLPP|RSPSPTPsLPPSWKY,0,Q9H987_S790sS794s,-0.12,-0.04,0.01,-0.48,-0.28,-0.07,0.18,0.67,0.9,0,0.01,0.46,0.56,0.97,0.99,0,0.09,0.87,0.84,0.06,0.74,30,-1.33,-0.42,0.13,-5.01,-2.75,-0.74
Q5SW79_S1165s,Q5SW79,CEP170,9859,Q5SW79,Homo sapiens,FALSE,Q5SW79_S1165s,74.95,TRUE,LGSLSARsDSEATIS,0,Q5SW79_S1165s,-0.25,-0.2,-0.18,-0.48,-0.28,-0.09,0.01,0.09,0.08,0,0.01,0.34,0.11,0.78,0.82,0,0.17,0.81,0.84,0.1,0.74,50,-2.51,-1.7,-1.73,-4.73,-2.45,-0.95
Q6P5Q4_T184t,Q6P5Q4,LMOD2,442721,Q6P5Q4,Homo sapiens,FALSE,Q6P5Q4_T184t,33.99,TRUE,NGSNGRNtESPAAIH,0,Q6P5Q4_T184t,-0.72,-0.1,-0.63,-1.28,-0.33,-0.31,0.01,0.73,0.01,0,0.23,0.2,0.12,0.98,0.63,0,0.64,0.71,0.84,0.07,0.74,35,-2.49,-0.35,-2.5,-4.65,-1.21,-1.29
Q8IVT5_T270t,Q8IVT5,KSR1,8844,"Q8IVT5,Q8IVT5-2,Q8IVT5-3,Q8IVT5-4",Homo sapiens,FALSE,Q8IVT5_T270t,57.6,TRUE,RALHSFItPPTTPQL,0,Q8IVT5_T270t,-0.1,-0.08,-0.12,-0.48,-0.15,-0.2,0.5,0.59,0.36,0,0.26,0.1,0.82,0.97,0.93,0,0.68,0.57,0.84,0.08,0.74,40,-0.68,-0.53,-0.92,-3.5,-1.13,-1.67
O95155_S105s,O95155,UBE4B,10277,"O95155,O95155-4",Homo sapiens,FALSE,O95155_S105s,65.93,TRUE,QSLSRSQsMDIDGVS,0,O95155_S105s,0,0.01,0.06,-0.26,-0.1,0.02,0.95,0.9,0.35,0,0.14,0.71,0.99,1,0.93,0,0.54,0.94,0.84,0.08,0.74,38,-0.06,0.12,0.94,-4.13,-1.46,0.37
P10636_S579s,P10636,MAPT,4137,P10636,Homo sapiens,FALSE,P10636_S579s,26.98,TRUE,NVKSKIGsTENLKHQ,0,P10636_S579s,-0.18,0.18,-0.16,-0.79,0.07,-0.05,0.26,0.35,0.3,0,0.72,0.74,0.64,0.91,0.91,0,0.93,0.95,0.84,0.11,0.74,54,-1.14,0.93,-1.04,-4.8,0.35,-0.34
P12883_S1366s,P12883,MYH7,4625,P12883,Homo sapiens,FALSE,P12883_S1366s,1000,TRUE,RVLSKANsEVAQWRT,0,P12883_S1366s,-0.22,-0.11,-0.15,-0.33,-0.17,-0.14,0.01,0.19,0.05,0,0.04,0.05,0.07,0.86,0.78,0,0.3,0.48,0.84,0.09,0.74,45,-2.76,-1.32,-1.97,-4.26,-2.06,-1.95
Q8WX93_S115s,Q8WX93,PALLD,23022,Q8WX93,Homo sapiens,FALSE,Q8WX93_S115s,43.1,TRUE,KQTKSISsPVSKRKP,0,Q8WX93_S115s,-0.12,0.22,-0.02,-0.6,0.07,-0.03,0.36,0.14,0.85,0,0.59,0.77,0.74,0.82,0.99,0,0.88,0.95,0.84,0.13,0.74,63,-0.92,1.48,-0.19,-5.13,0.54,-0.29
Q8NDX5_S263s,Q8NDX5,PHC3,80012,"Q8NDX5,Q8NDX5-2,Q8NDX5-7",Homo sapiens,FALSE,Q8NDX5_S263s,107.94,TRUE,KISQRDPsPESNKKG,0,Q8NDX5_S263s,-0.11,-0.07,-0.07,-0.21,-0.09,-0.05,0.15,0.35,0.31,0.01,0.22,0.53,0.51,0.91,0.92,0.03,0.64,0.89,0.84,0.12,0.74,59,-1.44,-0.94,-1.01,-2.8,-1.22,-0.63
Q92610_S680s,Q92610,ZNF592,9640,Q92610,Homo sapiens,FALSE,Q92610_S680s,19.22,TRUE,AAPAPSSsPKHGLTS,0,Q92610_S680s,-0.1,0.05,0.01,-0.34,-0.04,-0.01,0.37,0.69,0.9,0,0.72,0.91,0.74,0.97,0.99,0.01,0.93,0.98,0.84,0.11,0.74,54,-0.89,0.4,0.13,-3.08,-0.35,-0.11
O00505_S60s,O00505,KPNA3,3839,O00505,Homo sapiens,FALSE,O00505_S60s,140.15,TRUE,QEESLEDsDVDADFK,0,O00505_S60s,-0.15,0,0.01,-0.55,-0.11,0.01,0.02,0.99,0.89,0,0.11,0.93,0.17,1,0.99,0,0.49,0.99,0.84,0.12,0.74,60,-2.31,0.01,0.14,-8.21,-1.6,0.09
Q86YV5_S510s,Q86YV5,PRAG1,157285,Q86YV5,Homo sapiens,FALSE,Q86YV5_S510s,100.97,TRUE,RGPVSQNsEVGEEET,0,Q86YV5_S510s,-0.11,0,0.01,-0.42,-0.08,0,0.35,0.99,0.92,0,0.52,0.99,0.73,1,0.99,0,0.84,1,0.84,0.12,0.74,58,-0.94,0.01,0.1,-3.68,-0.65,0.02
Q5T5Y3_S431s,Q5T5Y3,CAMSAP1,157922,"Q5T5Y3,Q5T5Y3-2,Q5T5Y3-3",Homo sapiens,FALSE,Q5T5Y3_S431s,1000,TRUE,LRQKQQKsIQGEDIP,0,Q5T5Y3_S431s,-0.04,0.1,0.05,-0.36,0.01,-0.01,0.74,0.49,0.68,0,0.93,0.95,0.92,0.94,0.98,0.03,0.98,0.99,0.84,0.12,0.74,57,-0.34,0.69,0.42,-2.86,0.08,-0.06
P11142_S362s,P11142,HSPA8,3312,P11142,Homo sapiens,FALSE,P11142_S362s,129.64,TRUE,NGKELNKsINPDEAV,0,P11142_S362s,-0.17,0.03,-0.04,-0.33,-0.09,-0.03,0.01,0.64,0.45,0,0.17,0.62,0.09,0.97,0.95,0,0.58,0.92,0.84,0.08,0.74,38,-2.64,0.47,-0.75,-5.27,-1.37,-0.49
Q8WZ42-12_S263s,Q8WZ42-12,TTN,7273,Q8WZ42-12,Homo sapiens,FALSE,Q8WZ42-12_S263s,65.93,TRUE,RIPPKPKsRSPTPPS,0,Q8WZ42-12_S263s,-0.14,-0.08,-0.04,-0.35,-0.25,-0.03,0.04,0.29,0.52,0,0,0.63,0.23,0.9,0.96,0,0.03,0.92,0.84,0.06,0.74,31,-2.09,-1.05,-0.65,-5.17,-3.27,-0.49
Q02641-2_S53s,Q02641-2,CACNB1,782,Q02641-2,Homo sapiens,FALSE,Q02641-2_S53s,25.7,TRUE,SSDTTSNsFVRQGSA,0,Q02641-2_S53s,-0.39,-0.23,-0.15,-0.73,-0.56,-0.16,0.06,0.29,0.41,0,0.01,0.36,0.31,0.9,0.94,0,0.12,0.82,0.84,0.06,0.74,28,-1.91,-1.06,-0.82,-3.93,-2.62,-0.91
Q13884_S205s,Q13884,SNTB1,6641,Q13884,Homo sapiens,FALSE,Q13884_S205s,52.35,TRUE,TPYVKKGsPVSEIGW,0,Q13884_S205s,-0.07,-0.1,-0.11,-0.35,-0.22,0.07,0.63,0.47,0.44,0,0.08,0.54,0.88,0.94,0.95,0.02,0.43,0.89,0.84,0.05,0.74,24,-0.49,-0.72,-0.78,-2.93,-1.72,0.61
Q14315_S2233s,Q14315,FLNC,2318,Q14315,Homo sapiens,FALSE,Q14315_S2233s,112.13,TRUE,LGRERLGsFGSITRQ,0,Q14315_S2233s,0.01,0.19,0.07,-0.44,0.08,-0.02,0.93,0.08,0.49,0,0.44,0.8,0.98,0.76,0.96,0,0.8,0.96,0.84,0.12,0.74,57,0.08,1.76,0.7,-4.4,0.78,-0.25
Q9ULS5_S4s,Q9ULS5,TMCC3,57458,Q9ULS5,Homo sapiens,FALSE,Q9ULS5_S4s,42.69,TRUE,#NAME?,0,Q9ULS5_S4s,-0.19,-0.14,-0.09,-0.46,-0.38,-0.06,0.06,0.2,0.32,0,0,0.46,0.3,0.86,0.92,0,0.01,0.87,0.84,0.06,0.74,28,-1.91,-1.28,-1,-4.66,-3.58,-0.73
Q9H987_T141t,Q9H987,SYNPO2L,79933,Q9H987,Homo sapiens,FALSE,Q9H987_T141t,63.52,TRUE,SEAYYGEtDSDADGP,0,Q9H987_T141t,-0.1,-0.02,-0.02,-0.19,-0.13,-0.05,0.14,0.8,0.71,0,0.07,0.38,0.49,0.99,0.98,0.02,0.4,0.83,0.84,0.05,0.74,23,-1.48,-0.26,-0.37,-2.96,-1.81,-0.87
Q8WZ42-12_Y34221y,Q8WZ42-12,TTN,7273,Q8WZ42-12,Homo sapiens,FALSE,Q8WZ42-12_Y34221y,44.44,TRUE,DYGEDSSyAELFVKG,0,Q8WZ42-12_Y34221y,-0.06,-0.01,0,-0.16,-0.12,-0.02,0.24,0.91,0.95,0,0.04,0.66,0.62,1,0.99,0.02,0.3,0.93,0.84,0.04,0.74,21,-1.18,-0.11,-0.06,-3.02,-2.07,-0.43
Q13554_T506t,Q13554,CAMK2B,816,Q13554,Homo sapiens,FALSE,Q13554_T506t,24.4,TRUE,SVRRGSGtPEAEGPS,0,Q13554_T506t,0.04,0.01,0.04,-0.22,-0.09,-0.02,0.58,0.91,0.59,0.01,0.29,0.78,0.86,1,0.97,0.04,0.7,0.96,0.84,0.06,0.74,30,0.55,0.11,0.53,-2.72,-1.05,-0.28
E9PAV3_T1109t,E9PAV3,NACA,4666,E9PAV3,Homo sapiens,FALSE,E9PAV3_T1109t,53.33,TRUE,APMPPAAtPPSPKGG,0,E9PAV3_T1109t,-0.19,0.06,-0.06,-0.34,-0.11,-0.01,0.1,0.62,0.58,0,0.39,0.9,0.43,0.97,0.97,0.03,0.78,0.98,0.84,0.07,0.74,32,-1.63,0.49,-0.56,-2.84,-0.87,-0.12
P52756_Y82y,P52756,RBM5,10181,P52756,Homo sapiens,FALSE,P52756_Y82y,28.74,TRUE,GYHSDGDyGEHDYRH,0,P52756_Y82y,-0.38,-0.15,-0.19,-0.58,-0.46,-0.35,0.1,0.56,0.38,0,0.03,0.1,0.42,0.96,0.93,0.02,0.24,0.59,0.84,0.04,0.74,20,-1.64,-0.58,-0.88,-3.02,-2.22,-1.63
Q8IYB7-5_S139s,Q8IYB7-5,DIS3L2,129563,Q8IYB7-5,Homo sapiens,FALSE,Q8IYB7-5_S139s,36.24,TRUE,ETEAAYEsDIPEELC,0,Q8IYB7-5_S139s,-0.17,-0.03,-0.12,-0.37,-0.08,-0.1,0.03,0.72,0.14,0,0.33,0.19,0.22,0.98,0.86,0,0.73,0.71,0.84,0.11,0.74,56,-2.13,-0.36,-1.48,-4.76,-0.97,-1.3
Q96S21_S262s,Q96S21,RAB40C,57799,"Q96S21,Q96S21-2",Homo sapiens,FALSE,Q96S21_S262s,80.07,TRUE,NSLKRSKsIRPPQSP,0,Q96S21_S262s,-0.07,0.03,-0.03,-0.23,-0.06,-0.09,0.43,0.76,0.68,0.01,0.53,0.24,0.79,0.98,0.98,0.03,0.85,0.75,0.84,0.09,0.74,42,-0.78,0.3,-0.42,-2.76,-0.63,-1.17
Q9BWU0_S712s,Q9BWU0,SLC4A1AP,22950,Q9BWU0,Homo sapiens,FALSE,Q9BWU0_S712s,76.06,TRUE,HENMSQLsEEEQNKD,0,Q9BWU0_S712s,-0.06,0.18,0.04,-0.29,-0.06,-0.07,0.54,0.08,0.68,0,0.55,0.46,0.85,0.75,0.98,0.03,0.86,0.86,0.84,0.05,0.74,22,-0.61,1.78,0.41,-2.85,-0.59,-0.74
Q05397_Y570y,Q05397,PTK2,5747,"Q05397,Q05397-7",Homo sapiens,FALSE,Q05397_Y570y,191.84,TRUE,GDFGLSRyMEDSTYY,0,Q05397_Y570y,-0.12,-0.21,-0.14,-0.37,-0.22,-0.12,0.31,0.12,0.21,0,0.07,0.22,0.7,0.8,0.9,0,0.41,0.73,0.84,0.12,0.74,60,-1.01,-1.58,-1.25,-3.45,-1.79,-1.21
Q13424_S200s,Q13424,SNTA1,6640,Q13424,Homo sapiens,FALSE,Q13424_S200s,46.8,TRUE,SPLQRQPsSPGPTPR,0,Q13424_S200s,-0.22,0.03,0,-0.63,-0.54,-0.04,0.11,0.87,0.98,0,0,0.77,0.44,0.99,1,0,0.01,0.95,0.84,0.05,0.74,22,-1.59,0.17,-0.03,-4.44,-3.57,-0.29
Q99959_S197s,Q99959,PKP2,5318,"Q99959,Q99959-2",Homo sapiens,FALSE,Q99959_S197s,97.09,TRUE,VPPRYARsEIVGVSR,0,Q99959_S197s,-0.23,-0.16,-0.22,-0.76,-0.24,-0.31,0.16,0.37,0.16,0,0.16,0.03,0.52,0.92,0.87,0,0.57,0.41,0.84,0.14,0.74,67,-1.41,-0.89,-1.41,-4.5,-1.4,-2.14
P55209_T62t,P55209,NAP1L1,4673,"P55209,P55209-2",Homo sapiens,FALSE,P55209_T62t,45.54,TRUE,RLDGLVEtPTGYIES,0,P55209_T62t,-0.15,0.05,0.03,-0.36,-0.18,0.03,0.12,0.65,0.7,0,0.07,0.74,0.46,0.97,0.98,0,0.41,0.95,0.84,0.04,0.74,20,-1.55,0.45,0.38,-3.98,-1.79,0.34
Q9Y4J8-17_S378s,Q9Y4J8-17,DTNA,1837,Q9Y4J8-17,Homo sapiens,FALSE,Q9Y4J8-17_S378s,131.3,TRUE,SPVAEEHsLIKLYVN,0,Q9Y4J8-17_S378s,0.04,0.13,0.14,-0.31,0.07,0.16,0.67,0.27,0.21,0,0.44,0.11,0.9,0.89,0.9,0.02,0.8,0.6,0.83,0.15,0.74,72,0.42,1.11,1.25,-3.01,0.77,1.59
O75122_S596s,O75122,CLASP2,23122,O75122,Homo sapiens,FALSE,O75122_S596s,88.87,TRUE,MRVLNTGsDVEEAVA,0,O75122_S596s,-0.23,-0.11,-0.05,-0.66,-0.26,-0.1,0,0.18,0.54,0,0,0.19,0.05,0.86,0.96,0,0.04,0.7,0.83,0.11,0.74,53,-2.85,-1.33,-0.61,-8.05,-3.08,-1.31
Q15642_S351s,Q15642,TRIP10,9322,Q15642,Homo sapiens,FALSE,Q15642_S351s,95.67,TRUE,ALPNGPPsPRSGRDP,0,Q15642_S351s,-0.12,-0.03,-0.02,-0.39,-0.1,-0.08,0.1,0.74,0.75,0,0.19,0.23,0.41,0.98,0.98,0,0.6,0.74,0.83,0.09,0.74,42,-1.66,-0.33,-0.32,-5.41,-1.31,-1.2
P27824_S554s,P27824,CANX,821,"P27824,P27824-2",Homo sapiens,FALSE,P27824_S554s,169.87,TRUE,KLEEKQKsDAEEDGG,0,P27824_S554s,-0.17,-0.07,-0.09,-0.35,-0.12,-0.09,0.02,0.36,0.2,0,0.11,0.18,0.14,0.91,0.89,0,0.49,0.69,0.83,0.13,0.74,64,-2.38,-0.92,-1.29,-4.81,-1.6,-1.35
Q14160-3_S1309s,Q14160-3,SCRIB,23513,Q14160-3,Homo sapiens,FALSE,Q14160-3_S1309s,53.59,TRUE,QQPPSPPsPDELPAN,0,Q14160-3_S1309s,-0.07,0.03,0.05,-0.4,-0.05,-0.02,0.54,0.78,0.69,0,0.69,0.87,0.85,0.98,0.98,0,0.92,0.98,0.83,0.1,0.74,47,-0.61,0.27,0.4,-3.59,-0.4,-0.17
Q2TAL5_S269sS278s,Q2TAL5,SMTNL2,342527,Q2TAL5,Homo sapiens,FALSE,Q2TAL5_S269sS278s,61.72,TRUE,TASKHSNsPPLVTPP|PLVTPPQsPVSPQPP,0,Q2TAL5_S269sS278s,-0.27,0,0.05,-0.8,-0.48,0.04,0.03,0.99,0.68,0,0,0.73,0.22,1,0.98,0,0.01,0.94,0.83,0.06,0.74,30,-2.11,0.01,0.41,-6.19,-3.47,0.34
P25705_S533s,P25705,ATP5F1A,498,P25705,Homo sapiens,FALSE,P25705_S533s,74.48,TRUE,IRADGKIsEQSDAKL,0,P25705_S533s,0.06,0.38,0.09,-0.32,-0.08,-0.13,0.67,0.01,0.49,0.01,0.54,0.34,0.9,0.53,0.96,0.04,0.85,0.81,0.83,0.03,0.74,12,0.43,2.57,0.69,-2.71,-0.61,-0.96
Q15772_T2844t,Q15772,SPEG,10290,Q15772,Homo sapiens,FALSE,Q15772_T2844t,1000,TRUE,AVGPPPQtPPRRHRG,0,Q15772_T2844t,0.02,0.01,0.04,-0.24,-0.03,0.01,0.83,0.95,0.58,0,0.71,0.94,0.95,1,0.97,0.02,0.93,0.99,0.83,0.14,0.74,68,0.22,0.06,0.55,-2.97,-0.37,0.08
Q9NP74_T271t,Q9NP74,PALMD,54873,"Q9NP74,Q9NP74-2,Q9NP74-3",Homo sapiens,FALSE,Q9NP74_T271t,27.82,TRUE,NPFYRPTtPQRETVT,0,Q9NP74_T271t,-0.11,-0.07,0,-0.44,-0.25,-0.01,0.32,0.56,0.97,0,0.05,0.91,0.71,0.96,1,0,0.32,0.98,0.83,0.07,0.74,34,-0.99,-0.58,-0.04,-3.57,-2,-0.11
Q01484-5_S1671s,Q01484-5,ANK2,287,Q01484-5,Homo sapiens,FALSE,Q01484-5_S1671s,22.22,TRUE,QDLPEESsLEYQQEY,0,Q01484-5_S1671s,-0.14,0.14,-0.31,-0.63,-0.24,-0.35,0.33,0.35,0.03,0,0.12,0.02,0.71,0.91,0.72,0,0.51,0.31,0.83,0.04,0.74,17,-0.98,0.93,-2.23,-3.87,-1.55,-2.43
Q15555-3_S207sS211s,Q15555-3,MAPRE2,10982,Q15555-3,Homo sapiens,FALSE,Q15555-3_S207sS211s,20.01,TRUE,AKPGSTPsRPSSAKR|STPSRPSsAKRASSS,0,Q15555-3_S207sS211s,-0.34,-0.13,-0.18,-0.51,-0.34,-0.12,0,0.2,0.05,0,0,0.19,0.01,0.86,0.76,0,0.03,0.7,0.83,0.05,0.74,26,-3.54,-1.29,-2,-5.1,-3.28,-1.32
P35658_S430s,P35658,NUP214,8021,"P35658,P35658-3",Homo sapiens,FALSE,P35658_S430s,29.7,TRUE,EGERQPKsPGSTPTT,0,P35658_S430s,0.05,0,0.15,-0.67,-0.22,0.18,0.73,1,0.21,0,0.09,0.11,0.92,1,0.89,0,0.44,0.6,0.83,0.09,0.74,46,0.34,0,1.26,-5.4,-1.7,1.6
Q15772_T2826t,Q15772,SPEG,10290,Q15772,Homo sapiens,FALSE,Q15772_T2826t,27.89,TRUE,VSPSSPPtPPSQALS,0,Q15772_T2826t,-0.17,-0.05,0.03,-0.6,-0.24,-0.08,0.21,0.75,0.84,0,0.08,0.55,0.59,0.98,0.99,0,0.43,0.9,0.83,0.08,0.74,39,-1.26,-0.31,0.2,-4.39,-1.73,-0.6
O00571_S612s,O00571,DDX3X,1654,O00571,Homo sapiens,FALSE,O00571_S612s,40.91,TRUE,SSGASSSsFSSSRAS,0,O00571_S612s,-0.1,0.23,-0.07,-0.41,0.08,-0.01,0.44,0.11,0.56,0,0.55,0.93,0.8,0.79,0.97,0.01,0.86,0.99,0.83,0.1,0.74,51,-0.77,1.62,-0.58,-3.19,0.59,-0.09
Q92574_S673s,Q92574,TSC1,7248,"Q92574,Q92574-2",Homo sapiens,FALSE,Q92574_S673s,92.45,TRUE,KLPLPSKsVDWTHFG,0,Q92574_S673s,0.23,0.22,0.15,-0.39,0.12,0.02,0.1,0.18,0.25,0.01,0.46,0.89,0.41,0.85,0.9,0.04,0.82,0.98,0.83,0.11,0.74,53,1.66,1.35,1.14,-2.62,0.74,0.14
Q6P5Q4_S399sS400s,Q6P5Q4,LMOD2,442721,Q6P5Q4,Homo sapiens,FALSE,Q6P5Q4_S399sS400s,25.57,TRUE,SPRHSPWsSPKLPKK|PRHSPWSsPKLPKKV,0,Q6P5Q4_S399sS400s,-0.39,-0.18,-0.37,-1.22,-0.2,0.1,0.12,0.47,0.11,0,0.41,0.65,0.46,0.94,0.84,0,0.79,0.92,0.83,0.13,0.74,64,-1.56,-0.72,-1.59,-4.8,-0.83,0.46
Q8WZ42-12_S265s,Q8WZ42-12,TTN,7273,Q8WZ42-12,Homo sapiens,FALSE,Q8WZ42-12_S265s,83.88,TRUE,PPKPKSRsPTPPSIA,0,Q8WZ42-12_S265s,-0.23,-0.14,-0.1,-0.46,-0.27,-0.16,0,0.06,0.12,0,0,0.01,0.01,0.72,0.85,0,0.01,0.28,0.83,0.07,0.74,34,-3.48,-1.86,-1.54,-6.73,-3.77,-2.51
P08651_S339s,P08651,NFIC,4782,P08651,Homo sapiens,FALSE,P08651_S339s,63.02,TRUE,KSPFNSPsPQDSPRL,0,P08651_S339s,-0.05,0.02,0.01,-0.21,-0.15,0.06,0.23,0.75,0.76,0,0,0.13,0.61,0.98,0.98,0,0.03,0.63,0.83,0.05,0.74,25,-1.2,0.31,0.31,-4.68,-3.18,1.51
Q9UDY4_Y252y,Q9UDY4,DNAJB4,11080,Q9UDY4,Homo sapiens,FALSE,Q9UDY4_Y252y,53.98,TRUE,RDGSNIIyTAKISLR,0,Q9UDY4_Y252y,0.15,0.1,-0.06,-0.39,-0.13,-0.14,0.2,0.47,0.59,0,0.27,0.16,0.59,0.94,0.97,0.01,0.69,0.67,0.83,0.07,0.74,34,1.27,0.72,-0.54,-3.19,-1.11,-1.4
Q5TAQ9_S27s,Q5TAQ9,DCAF8,50717,"Q5TAQ9,Q5TAQ9-2",Homo sapiens,FALSE,Q5TAQ9_S27s,68.92,TRUE,SSSPEEMsGAEEGRE,0,Q5TAQ9_S27s,-0.2,-0.07,-0.25,-0.31,-0.2,-0.15,0.1,0.58,0.01,0.01,0.11,0.13,0.41,0.96,0.64,0.04,0.49,0.64,0.83,0.03,0.74,16,-1.66,-0.55,-2.47,-2.65,-1.59,-1.5
Q15772_S2166s,Q15772,SPEG,10290,Q15772,Homo sapiens,FALSE,Q15772_S2166s,46.21,TRUE,RRLQESPsLSALSEA,0,Q15772_S2166s,0.02,0.07,0.01,-0.25,-0.17,-0.11,0.78,0.46,0.94,0,0.05,0.14,0.94,0.94,0.99,0.01,0.33,0.65,0.83,0.02,0.74,11,0.27,0.74,0.07,-3.16,-1.98,-1.47
P10636_S516sT522t,P10636,MAPT,4137,P10636,Homo sapiens,FALSE,P10636_S516sT522t,86.15,TRUE,GDRSGYSsPGSPGTP|SSPGSPGtPGSRSRT,0,P10636_S516sT522t,-0.56,0.05,-0.3,-1.03,-0.18,-0.08,0.01,0.8,0.11,0,0.34,0.67,0.08,0.99,0.84,0,0.74,0.93,0.83,0.07,0.74,34,-2.7,0.26,-1.61,-5.09,-0.95,-0.43
Q8WZ42-12_Y25648y,Q8WZ42-12,TTN,7273,Q8WZ42-12,Homo sapiens,FALSE,Q8WZ42-12_Y25648y,53.98,TRUE,REATRKSyAAVVTNC,0,Q8WZ42-12_Y25648y,-0.09,-0.09,-0.07,-0.17,-0.11,-0.06,0.12,0.17,0.26,0.01,0.09,0.28,0.46,0.85,0.9,0.03,0.45,0.77,0.83,0.12,0.74,58,-1.56,-1.36,-1.13,-2.81,-1.69,-1.09
Q7Z460-4_S662s,Q7Z460-4,CLASP1,23332,Q7Z460-4,Homo sapiens,FALSE,Q7Z460-4_S662s,26.98,TRUE,RIRTRRQsSGSATNV,0,Q7Z460-4_S662s,0.04,0.01,0.06,-0.3,-0.03,0,0.57,0.87,0.42,0,0.67,0.99,0.86,0.99,0.94,0,0.91,1,0.83,0.12,0.74,57,0.57,0.16,0.81,-3.82,-0.42,0.01
O15234_T443t,O15234,CASC3,22794,O15234,Homo sapiens,FALSE,O15234_T443t,20.02,TRUE,PVPETTPtPPTKTGT,0,O15234_T443t,-0.04,0.2,-0.09,-0.38,0.12,0.02,0.74,0.09,0.39,0,0.31,0.84,0.92,0.78,0.94,0.01,0.71,0.97,0.83,0.11,0.74,52,-0.34,1.69,-0.86,-3.24,1.02,0.2
Q6P5Q4_T384tS388s,Q6P5Q4,LMOD2,442721,Q6P5Q4,Homo sapiens,FALSE,Q6P5Q4_T384tS388s,52.22,TRUE,TKVWQRGtPSSSPYV|QRGTPSSsPYVSPRH,0,Q6P5Q4_T384tS388s,-0.49,0.01,-0.36,-1.41,-0.09,-0.21,0.01,0.96,0.06,0,0.65,0.23,0.11,1,0.81,0,0.9,0.74,0.83,0.11,0.74,56,-2.52,0.05,-1.88,-7.19,-0.45,-1.19
P56211_S62s,P56211,ARPP19,10776,"P56211,P56211-2",Homo sapiens,FALSE,P56211_S62s,96.21,TRUE,KGQKYFDsGDYNMAK,0,P56211_S62s,-0.16,0.22,-0.13,-0.79,0.12,-0.06,0.43,0.34,0.51,0,0.6,0.77,0.79,0.91,0.96,0,0.88,0.95,0.83,0.11,0.74,54,-0.78,0.95,-0.65,-3.79,0.52,-0.3
Q14938-3_S301s,Q14938-3,NFIX,4784,"Q14938-3,Q14938-5,Q14938-6",Homo sapiens,FALSE,Q14938-3_S301s,64.72,TRUE,FYPGTGRsPAAGSSQ,0,Q14938-3_S301s,-0.27,-0.14,-0.13,-0.63,-0.34,-0.28,0,0.15,0.13,0,0,0,0.04,0.84,0.86,0,0.01,0.06,0.83,0.07,0.74,33,-2.99,-1.43,-1.52,-6.7,-3.48,-3.39
A2A2Y4-4_S86s,A2A2Y4-4,FRMD3,257019,A2A2Y4-4,Homo sapiens,FALSE,A2A2Y4-4_S86s,140.56,TRUE,REYEDPPsEEEDKIK,0,A2A2Y4-4_S86s,0.09,0.1,0.03,-0.25,-0.15,-0.09,0.32,0.31,0.69,0,0.12,0.25,0.7,0.9,0.98,0.02,0.5,0.75,0.83,0.03,0.74,13,1,1.01,0.39,-2.96,-1.57,-1.15
O75534-4_S46sS48s,O75534-4,CSDE1,7812,O75534-4,Homo sapiens,FALSE,O75534-4_S46sS48s,136.7,TRUE,RTPTYQRsMSFDPNL|PTYQRSMsFDPNLLH,0,O75534-4_S46sS48s,-0.15,-0.21,-0.15,-0.55,-0.25,-0.04,0.48,0.33,0.47,0.01,0.27,0.82,0.81,0.91,0.95,0.04,0.68,0.97,0.82,0.14,0.74,68,-0.71,-0.97,-0.72,-2.62,-1.11,-0.22
Q96JM3_S627sS632s,Q96JM3,CHAMP1,283489,Q96JM3,Homo sapiens,FALSE,Q96JM3_S627sS632s,22.22,TRUE,KKDNQESsDAELSSS|ESSDAELsSSEYIKT,0,Q96JM3_S627sS632s,-0.13,-0.1,-0.04,-0.41,-0.32,-0.12,0.27,0.43,0.73,0,0.01,0.28,0.66,0.93,0.98,0,0.17,0.77,0.82,0.06,0.74,30,-1.1,-0.78,-0.35,-3.5,-2.45,-1.09
Q8IUG5_T2379t,Q8IUG5,MYO18B,84700,"Q8IUG5,Q8IUG5-3",Homo sapiens,FALSE,Q8IUG5_T2379t,51.63,TRUE,RDMLLSPtLRPRRRC,0,Q8IUG5_T2379t,-0.21,-0.02,-0.12,-0.52,-0.06,-0.04,0.04,0.89,0.2,0,0.61,0.69,0.24,0.99,0.89,0,0.89,0.93,0.82,0.12,0.74,59,-2.07,-0.14,-1.27,-5.22,-0.51,-0.39
P14618_S406s,P14618,PKM,5315,P14618,Homo sapiens,FALSE,P14618_S406s,25.23,TRUE,RRLAPITsDPTEATA,0,P14618_S406s,-0.06,-0.01,-0.04,-0.16,-0.07,-0.09,0.33,0.87,0.44,0.01,0.26,0.1,0.71,0.99,0.95,0.03,0.68,0.58,0.82,0.07,0.74,36,-0.97,-0.16,-0.77,-2.77,-1.13,-1.63
E9PAV3_T1010tT1015t,E9PAV3,NACA,4666,E9PAV3,Homo sapiens,FALSE,E9PAV3_T1010tT1015t,92.09,TRUE,PSPKGAPtPPAVTPP|APTPPAVtPPSPKGS,0,E9PAV3_T1010tT1015t,-0.15,-0.02,-0.12,-0.31,-0.14,0.09,0.11,0.89,0.21,0,0.17,0.37,0.44,0.99,0.89,0.01,0.57,0.83,0.82,0.07,0.74,34,-1.6,-0.14,-1.26,-3.24,-1.38,0.9
Q86UU1_T580tS583s,Q86UU1,PHLDB1,23187,Q86UU1,Homo sapiens,FALSE,Q86UU1_T580tS583s,54.31,TRUE,RERKNSItEISDNED|KNSITEIsDNEDDLL,0,Q86UU1_T580tS583s,-0.15,-0.14,-0.06,-0.44,-0.29,-0.03,0.06,0.1,0.41,0,0,0.7,0.33,0.78,0.94,0,0.02,0.93,0.82,0.08,0.74,39,-1.85,-1.65,-0.83,-5.52,-3.29,-0.39
Q9H987_T347t,Q9H987,SYNPO2L,79933,Q9H987,Homo sapiens,FALSE,Q9H987_T347t,48.25,TRUE,FSDARSLtNQSDWDS,0,Q9H987_T347t,-0.09,0.01,-0.02,-0.23,-0.04,-0.05,0.17,0.84,0.76,0,0.52,0.38,0.54,0.99,0.98,0,0.84,0.83,0.82,0.12,0.74,59,-1.37,0.2,-0.31,-3.65,-0.65,-0.88
O00571_S606s,O00571,DDX3X,1654,O00571,Homo sapiens,FALSE,O00571_S606s,53.98,TRUE,ARDYRQSsGASSSSF,0,O00571_S606s,-0.04,0.23,-0.01,-0.4,0.14,0.02,0.77,0.14,0.92,0.01,0.35,0.87,0.93,0.82,0.99,0.03,0.75,0.98,0.82,0.11,0.74,54,-0.3,1.47,-0.11,-2.76,0.93,0.17
Q5VST9-6_S7383s,Q5VST9-6,OBSCN,84033,Q5VST9-6,Homo sapiens,FALSE,Q5VST9-6_S7383s,91.86,TRUE,QGCVPRHsVIRSLFY,0,Q5VST9-6_S7383s,0.07,-0.04,0,-0.33,-0.24,-0.05,0.59,0.77,0.97,0.01,0.06,0.66,0.87,0.98,1,0.03,0.36,0.92,0.82,0.05,0.74,24,0.54,-0.3,-0.04,-2.75,-1.91,-0.44
A2A3K4_S394s,A2A3K4,PTPDC1,138639,"A2A3K4,A2A3K4-2",Homo sapiens,FALSE,A2A3K4_S394s,40.2,TRUE,LKRRLSYsDSDLKRA,0,A2A3K4_S394s,-0.24,-0.16,-0.16,-0.83,-0.25,-0.29,0.13,0.35,0.28,0,0.15,0.04,0.48,0.91,0.91,0,0.55,0.43,0.82,0.14,0.74,70,-1.5,-0.93,-1.08,-5.11,-1.45,-2.1
O95425_Y1312y,O95425,SVIL,6840,O95425,Homo sapiens,FALSE,O95425_Y1312y,17.98,TRUE,DETFAKFyRSVDYNM,0,O95425_Y1312y,-0.01,-0.01,0.12,-0.59,-0.3,0.06,0.95,0.97,0.49,0,0.16,0.7,0.99,1,0.96,0.02,0.56,0.94,0.82,0.08,0.74,38,-0.06,-0.04,0.68,-2.87,-1.41,0.38
P27816-4_S313s,P27816-4,MAP4,4134,P27816-4,Homo sapiens,FALSE,P27816-4_S313s,110.18,TRUE,SKVEAPPsEVADTLV,0,P27816-4_S313s,0.01,0.06,0.12,-0.33,-0.03,0.03,0.93,0.67,0.35,0.01,0.85,0.78,0.98,0.97,0.93,0.04,0.96,0.96,0.82,0.11,0.74,55,0.09,0.42,0.93,-2.71,-0.19,0.28
Q711Q0_S1353s,Q711Q0,CEFIP,NA,Q711Q0,Homo sapiens,FALSE,Q711Q0_S1353s,26.98,TRUE,LMPLRCSsQLSAPTF,0,Q711Q0_S1353s,-0.13,-0.06,-0.07,-0.47,-0.09,0.07,0.14,0.52,0.45,0,0.35,0.4,0.49,0.95,0.95,0,0.75,0.84,0.82,0.16,0.74,78,-1.49,-0.64,-0.75,-5.19,-0.93,0.84
Q5VWP3-3_S443s,Q5VWP3-3,MLIP,90523,Q5VWP3-3,Homo sapiens,FALSE,Q5VWP3-3_S443s,51.95,TRUE,CPTFSLNsPASSTLT,0,Q5VWP3-3_S443s,-0.19,0,-0.02,-0.52,-0.14,-0.12,0.08,1,0.86,0,0.21,0.22,0.37,1,0.99,0,0.63,0.73,0.82,0.1,0.74,47,-1.76,0,-0.17,-4.7,-1.24,-1.22
Q702N8_S138s,Q702N8,XIRP1,165904,Q702N8,Homo sapiens,FALSE,Q702N8_S138s,29.29,TRUE,EEGSFANsTDQEPTR,0,Q702N8_S138s,-0.37,0.06,-0.27,-0.82,-0.07,0.09,0.1,0.81,0.21,0,0.77,0.67,0.43,0.99,0.9,0,0.94,0.93,0.82,0.09,0.74,45,-1.63,0.23,-1.25,-3.64,-0.3,0.42
O75112-4_S129s,O75112-4,LDB3,11155,O75112-4,Homo sapiens,FALSE,O75112-4_S129s,51.94,TRUE,PSPEARAsPGTPGTP,0,O75112-4_S129s,-0.11,0.08,-0.01,-0.43,-0.32,-0.18,0.45,0.65,0.96,0,0.05,0.18,0.8,0.97,1,0.03,0.33,0.7,0.82,0.04,0.74,20,-0.76,0.45,-0.05,-2.82,-1.98,-1.33
P10916_T24t,P10916,MYL2,4633,P10916,Homo sapiens,FALSE,P10916_T24t,46.97,TRUE,VFSMFEQtQIQEFKE,0,P10916_T24t,-0.2,0.15,-0.15,-0.49,-0.02,-0.1,0.15,0.33,0.26,0,0.91,0.43,0.51,0.91,0.9,0,0.98,0.86,0.82,0.11,0.74,52,-1.44,0.98,-1.13,-3.49,-0.11,-0.79
O00763_S192sS195s,O00763,ACACB,32,"O00763,O00763-2",Homo sapiens,FALSE,O00763_S192sS195s,93.15,TRUE,RESTRKGsRASLGAL|TRKGSRAsLGALSLE,0,O00763_S192sS195s,-0.1,0.11,0.05,-0.28,0,0.05,0.34,0.3,0.59,0,0.97,0.57,0.72,0.9,0.97,0.03,0.99,0.9,0.82,0.12,0.74,58,-0.95,1.05,0.54,-2.81,-0.03,0.57
Q86TC9_S198s,Q86TC9,MYPN,84665,Q86TC9,Homo sapiens,FALSE,Q86TC9_S198s,34.2,TRUE,VMQENSSsFSDLSER,0,Q86TC9_S198s,-0.25,0.01,-0.05,-0.57,-0.12,0,0.01,0.92,0.55,0,0.24,0.97,0.07,1,0.96,0,0.66,0.99,0.82,0.12,0.74,61,-2.72,0.1,-0.6,-5.98,-1.16,0.04
Q12955_S4253s,Q12955,ANK3,288,Q12955,Homo sapiens,FALSE,Q12955_S4253s,28.75,TRUE,GKFEANGsHTEITPE,0,Q12955_S4253s,-0.32,0.14,0,-0.69,-0.1,0.07,0,0.18,1,0,0.34,0.48,0.06,0.86,1,0,0.74,0.87,0.82,0.09,0.74,46,-2.81,1.33,0,-5.94,-0.95,0.7
P06732_T322t,P06732,CKM,1158,P06732,Homo sapiens,FALSE,P06732_T322t,194.14,TRUE,LRLQKRGtGGVDTAA,0,P06732_T322t,-0.07,-0.01,-0.01,-0.2,-0.07,-0.06,0.19,0.83,0.85,0,0.26,0.28,0.56,0.99,0.99,0,0.68,0.77,0.82,0.09,0.74,42,-1.32,-0.22,-0.18,-3.61,-1.13,-1.07
O60841_S164s,O60841,EIF5B,9669,O60841,Homo sapiens,FALSE,O60841_S164s,209.7,TRUE,SNKKWDGsEEDEDNS,0,O60841_S164s,-0.09,-0.05,-0.06,-0.15,-0.09,-0.02,0.06,0.33,0.22,0,0.1,0.71,0.33,0.91,0.9,0.02,0.48,0.94,0.81,0.11,0.74,54,-1.85,-0.98,-1.23,-3.01,-1.63,-0.38
Q8WZ42-12_S1418sS1423sS1428s,Q8WZ42-12,TTN,7273,Q8WZ42-12,Homo sapiens,FALSE,Q8WZ42-12_S1418sS1423sS1428s,1000,TRUE,SRSPIRMsPARMSPA|RMSPARMsPARMSPA|RMSPARMsPARMSPA,0,Q8WZ42-12_S1418sS1423sS1428s,-0.5,-0.13,-0.1,-0.94,-0.52,-0.18,0,0.29,0.35,0,0,0.1,0,0.9,0.93,0,0,0.58,0.81,0.05,0.74,24,-4.32,-1.05,-0.94,-8.03,-4.38,-1.66
Q06413-5_S118s,Q06413-5,MEF2C,4208,"Q06413-5,Q06413-6",Homo sapiens,FALSE,Q06413-5_S118s,96.8,TRUE,KENKGCEsPDPDSSY,0,Q06413-5_S118s,-0.07,-0.12,-0.09,-0.53,-0.17,0.17,0.53,0.39,0.45,0,0.16,0.14,0.84,0.92,0.95,0,0.57,0.64,0.81,0.1,0.74,50,-0.62,-0.87,-0.75,-4.56,-1.4,1.49
Q6NZ67_S152s,Q6NZ67,MZT2B,80097,Q6NZ67,Homo sapiens,FALSE,Q6NZ67_S152s,31.63,TRUE,KGGGPGKsPTRGST-,0,Q6NZ67_S152s,-0.24,-0.01,-0.06,-0.37,-0.24,-0.13,0.11,0.94,0.6,0.01,0.07,0.25,0.44,1,0.97,0.04,0.39,0.75,0.81,0.05,0.74,24,-1.59,-0.07,-0.53,-2.68,-1.83,-1.15
Q9UPU5_S2077s,Q9UPU5,USP24,23358,Q9UPU5,Homo sapiens,FALSE,Q9UPU5_S2077s,42.3,TRUE,APSSPEIsPQSSPRP,0,Q9UPU5_S2077s,-0.06,0.07,0.03,-0.25,-0.02,-0.05,0.58,0.51,0.74,0.01,0.85,0.61,0.86,0.95,0.98,0.05,0.96,0.91,0.81,0.1,0.74,50,-0.56,0.65,0.33,-2.58,-0.18,-0.51
O00629_S60s,O00629,KPNA4,3840,O00629,Homo sapiens,FALSE,O00629_S60s,125.69,TRUE,HEDICEDsDIDGDYR,0,O00629_S60s,-0.15,0.1,-0.02,-0.4,-0.01,-0.06,0.06,0.23,0.75,0,0.86,0.45,0.33,0.88,0.98,0,0.97,0.86,0.81,0.13,0.74,62,-1.85,1.19,-0.31,-4.96,-0.17,-0.75
Q2TAL5_S269sT274t,Q2TAL5,SMTNL2,342527,Q2TAL5,Homo sapiens,FALSE,Q2TAL5_S269sT274t,94.6,TRUE,TASKHSNsPPLVTPP|SNSPPLVtPPQSPVS,0,Q2TAL5_S269sT274t,-0.4,-0.01,0,-1.11,-0.26,0.18,0.01,0.95,0.99,0,0.13,0.24,0.13,1,1,0,0.52,0.75,0.81,0.13,0.74,64,-2.46,-0.07,-0.02,-6.79,-1.51,1.17
P25054-2_S2623s,P25054-2,APC,324,P25054-2,Homo sapiens,FALSE,P25054-2_S2623s,1000,TRUE,GLENRLNsFIQVDAP,0,P25054-2_S2623s,-0.19,-0.02,-0.12,-0.44,-0.06,-0.08,0.21,0.9,0.42,0.01,0.71,0.58,0.6,1,0.94,0.03,0.92,0.91,0.81,0.14,0.74,68,-1.24,-0.13,-0.81,-2.77,-0.37,-0.55
Q15149_S4386sS4389s,Q15149,PLEC,5339,Q15149,Homo sapiens,FALSE,Q15149_S4386sS4389s,45.54,TRUE,GFRSRSSsVGSSSSY|SRSSSVGsSSSYPIS,0,Q15149_S4386sS4389s,-0.11,0.13,0.12,-0.54,-0.01,0.07,0.09,0.07,0.05,0,0.86,0.24,0.39,0.73,0.79,0,0.97,0.74,0.81,0.13,0.74,66,-1.71,1.83,1.93,-7.79,-0.17,1.18
Q9H422-2_S772s,Q9H422-2,HIPK3,10114,Q9H422-2,Homo sapiens,FALSE,Q9H422-2_S772s,43.99,TRUE,QCQNRSNsLQNTNIP,0,Q9H422-2_S772s,-0.05,0.12,-0.09,-0.19,0.04,-0.01,0.48,0.17,0.24,0.01,0.66,0.9,0.82,0.85,0.9,0.05,0.91,0.98,0.81,0.08,0.74,41,-0.71,1.38,-1.16,-2.61,0.44,-0.13
Q9UKA4_S1242s,Q9UKA4,AKAP11,11215,Q9UKA4,Homo sapiens,FALSE,Q9UKA4_S1242s,23.98,TRUE,VQSQRSVsPTFLNPS,0,Q9UKA4_S1242s,-0.16,-0.02,-0.04,-0.3,-0.2,-0.08,0.05,0.79,0.59,0,0.03,0.33,0.28,0.99,0.97,0.01,0.26,0.81,0.81,0.05,0.74,22,-1.97,-0.26,-0.54,-3.27,-2.17,-0.98
O14639-6_T308t,O14639-6,ABLIM1,3983,O14639-6,Homo sapiens,FALSE,O14639-6_T308t,29.88,TRUE,SKSLIRRtGRSPSLQ,0,O14639-6_T308t,-0.35,0.06,0.04,-0.77,-0.5,-0.13,0.11,0.8,0.86,0,0.04,0.49,0.44,0.99,0.99,0,0.32,0.88,0.81,0.06,0.74,27,-1.59,0.25,0.18,-3.55,-2.01,-0.69
O60841_S113s,O60841,EIF5B,9669,O60841,Homo sapiens,FALSE,O60841_S113s,234.11,TRUE,QSFDDNDsEELEDKD,0,O60841_S113s,-0.09,-0.21,-0.06,-0.61,-0.39,-0.01,0.43,0.1,0.56,0,0,0.92,0.79,0.78,0.97,0,0.03,0.99,0.81,0.08,0.74,40,-0.78,-1.67,-0.58,-5.36,-3.17,-0.1
P07951_T252t,P07951,TPM2,7169,P07951,Homo sapiens,FALSE,P07951_T252t,335.12,TRUE,SVAKLEKtIDDLEDE,0,P07951_T252t,-0.09,-0.07,-0.08,-0.17,-0.18,-0.1,0.1,0.27,0.16,0,0,0.05,0.42,0.89,0.87,0.02,0.05,0.48,0.81,0.05,0.74,22,-1.63,-1.09,-1.42,-3.03,-3.02,-1.95
P08651_S339sS343s,P08651,NFIC,4782,P08651,Homo sapiens,FALSE,P08651_S339sS343s,145.5,TRUE,KSPFNSPsPQDSPRL|NSPSPQDsPRLSSFT,0,P08651_S339sS343s,-0.37,-0.06,-0.26,-0.43,-0.3,-0.13,0,0.67,0.04,0,0.02,0.28,0.06,0.97,0.74,0,0.2,0.77,0.81,0.04,0.74,19,-2.83,-0.42,-2.06,-3.44,-2.33,-1.08
Q7KZI7_T467t,Q7KZI7,MARK2,2011,"Q7KZI7,Q7KZI7-11,Q7KZI7-12,Q7KZI7-3,Q7KZI7-6,Q7KZI7-8",Homo sapiens,FALSE,Q7KZI7_T467t,20.98,TRUE,GLERKKTtPTPSTNS,0,Q7KZI7_T467t,-0.08,-0.02,0.05,-0.43,-0.11,-0.05,0.41,0.87,0.62,0,0.3,0.6,0.77,0.99,0.97,0,0.71,0.91,0.81,0.11,0.74,54,-0.83,-0.16,0.49,-4.32,-1.05,-0.52
Q9UKS6_S354s,Q9UKS6,PACSIN3,29763,Q9UKS6,Homo sapiens,FALSE,Q9UKS6_S354s,117,TRUE,TGQDEEWsDEESPRK,0,Q9UKS6_S354s,-0.02,-0.03,0.02,-0.3,-0.24,0.03,0.75,0.67,0.73,0,0,0.71,0.93,0.97,0.98,0,0.03,0.94,0.81,0.08,0.74,37,-0.31,-0.43,0.34,-4.16,-3.16,0.37
Q6P5Q4_S412sS416sT420t,Q6P5Q4,LMOD2,442721,Q6P5Q4,Homo sapiens,FALSE,Q6P5Q4_S412sS416sT420t,215.2,TRUE,KKVQTVRsRPLSPVA|TVRSRPLsPVATPPP|RPLSPVAtPPPPPPP,0,Q6P5Q4_S412sS416sT420t,-0.08,0.04,-0.02,-0.27,-0.02,-0.07,0.37,0.68,0.86,0,0.82,0.45,0.74,0.97,0.99,0.02,0.95,0.86,0.81,0.12,0.74,59,-0.91,0.41,-0.17,-2.86,-0.23,-0.75
Q15149_S4386s,Q15149,PLEC,5339,Q15149,Homo sapiens,FALSE,Q15149_S4386s,50.46,TRUE,GFRSRSSsVGSSSSY,0,Q15149_S4386s,-0.41,-0.1,-0.11,-0.77,-0.33,-0.18,0,0.3,0.17,0,0,0.02,0,0.9,0.88,0,0.01,0.37,0.81,0.11,0.74,52,-4.67,-1.03,-1.37,-8.47,-3.5,-2.26
Q96JP5_S85s,Q96JP5,ZFP91,80829,"Q96JP5,Q96JP5-2",Homo sapiens,FALSE,Q96JP5_S85s,22.23,TRUE,RRRRSSPsARPPDVP,0,Q96JP5_S85s,-0.25,-0.05,0,-0.7,-0.11,0.04,0.09,0.72,0.99,0,0.38,0.7,0.4,0.98,1,0,0.77,0.93,0.81,0.17,0.74,82,-1.68,-0.36,-0.01,-5.67,-0.88,0.38
Q9UKE5-4_S548s,Q9UKE5-4,TNIK,23043,"Q9UKE5,Q9UKE5-2,Q9UKE5-4,Q9UKE5-6",Homo sapiens,FALSE,Q9UKE5-4_S548s,20.97,TRUE,SRLNRQSsPAMPHKV,0,Q9UKE5-4_S548s,-0.29,-0.07,-0.21,-0.92,-0.04,-0.06,0.07,0.69,0.18,0,0.82,0.67,0.35,0.97,0.88,0,0.95,0.93,0.81,0.18,0.74,90,-1.8,-0.4,-1.34,-5.73,-0.23,-0.42
Q7Z460-4_S663sS665s,Q7Z460-4,CLASP1,23332,Q7Z460-4,Homo sapiens,FALSE,Q7Z460-4_S663sS665s,34.31,TRUE,IRTRRQSsGSATNVA|TRRQSSGsATNVAST,0,Q7Z460-4_S663sS665s,-0.1,0.11,0.02,-0.42,0.06,0.01,0.36,0.34,0.82,0,0.62,0.9,0.73,0.91,0.99,0,0.89,0.98,0.81,0.17,0.74,83,-0.92,0.96,0.23,-4,0.49,0.13
Q92625_S628s,Q92625,ANKS1A,23294,Q92625,Homo sapiens,FALSE,Q92625_S628s,24.74,TRUE,RSLSKSDsDLLTCSP,0,Q92625_S628s,-0.18,-0.13,-0.01,-0.74,-0.29,-0.07,0.08,0.23,0.96,0,0.01,0.53,0.37,0.88,1,0,0.15,0.89,0.81,0.12,0.74,60,-1.75,-1.19,-0.05,-5.84,-2.52,-0.62
P40925-3_S159s,P40925-3,MDH1,4190,P40925-3,Homo sapiens,FALSE,P40925-3_S159s,31.63,TRUE,NTNCLTAsKSAPSIP,0,P40925-3_S159s,0.16,0.05,-0.1,-0.34,-0.25,-0.15,0.22,0.73,0.44,0,0.05,0.2,0.6,0.98,0.95,0.02,0.34,0.71,0.81,0.05,0.74,22,1.23,0.34,-0.77,-2.88,-1.95,-1.29
Q7L8J4_T13t,Q7L8J4,SH3BP5L,80851,Q7L8J4,Homo sapiens,FALSE,Q7L8J4_T13t,1000,TRUE,QVPGGREtPQGELRP,0,Q7L8J4_T13t,-0.31,-0.04,-0.02,-0.65,-0.41,-0.18,0.01,0.76,0.83,0,0,0.1,0.08,0.98,0.99,0,0.03,0.58,0.81,0.06,0.74,31,-2.66,-0.31,-0.21,-5.55,-3.23,-1.64
P50461_T84tS95s,P50461,CSRP3,8048,P50461,Homo sapiens,FALSE,P50461_T84tS95s,58.82,TRUE,AGCLSTDtGEHLGLQ|LGLQFQQsPKPARSV,0,P50461_T84tS95s,-0.31,0.13,-0.14,-0.98,0.03,-0.13,0.05,0.44,0.34,0,0.88,0.37,0.28,0.93,0.93,0,0.97,0.83,0.81,0.13,0.74,64,-1.96,0.77,-0.96,-6.03,0.16,-0.9
Q9NZU5_Y320y,Q9NZU5,LMCD1,29995,Q9NZU5,Homo sapiens,FALSE,Q9NZU5_Y320y,490.16,TRUE,EIIFAEDyQRVEDLA,0,Q9NZU5_Y320y,-0.1,0.14,0.09,-0.28,-0.05,0.02,0.31,0.2,0.35,0,0.61,0.83,0.69,0.86,0.93,0.02,0.89,0.97,0.81,0.07,0.74,34,-1.02,1.29,0.93,-2.95,-0.52,0.21
Q8TB03_T314t,Q8TB03,CXorf38,159013,"Q8TB03,Q8TB03-2",Homo sapiens,FALSE,Q8TB03_T314t,103.44,TRUE,SQEPGRQtPDRKA--,0,Q8TB03_T314t,-0.26,-0.14,-0.05,-0.68,-0.25,-0.01,0.02,0.23,0.63,0,0.03,0.92,0.16,0.88,0.97,0,0.26,0.99,0.81,0.13,0.74,66,-2.31,-1.2,-0.49,-6.11,-2.18,-0.09
Q69YQ0_S220s,Q69YQ0,SPECC1L,23384,"Q69YQ0,Q69YQ0-2",Homo sapiens,FALSE,Q69YQ0_S220s,1000,TRUE,LGINEDHsEGDEKSE,0,Q69YQ0_S220s,0.03,-0.02,0.01,-0.2,-0.04,-0.03,0.62,0.82,0.87,0,0.58,0.6,0.88,0.99,0.99,0.02,0.88,0.91,0.8,0.14,0.74,70,0.49,-0.22,0.16,-2.86,-0.55,-0.53
O43719_S676s,O43719,HTATSF1,27336,O43719,Homo sapiens,FALSE,O43719_S676s,1000,TRUE,DEKLFEEsDDKEDED,0,O43719_S676s,0.02,0.02,-0.02,-0.18,-0.05,-0.09,0.78,0.84,0.82,0.01,0.53,0.2,0.94,0.99,0.99,0.04,0.85,0.71,0.8,0.1,0.74,48,0.27,0.2,-0.23,-2.69,-0.63,-1.29
Q15772_S549s,Q15772,SPEG,10290,Q15772,Homo sapiens,FALSE,Q15772_S549s,270.19,TRUE,PKTSRAVsPAAAQPP,0,Q15772_S549s,-0.18,-0.02,0.02,-0.75,-0.66,-0.18,0.04,0.83,0.77,0,0,0.02,0.24,0.99,0.99,0,0,0.36,0.8,0.06,0.74,30,-2.06,-0.22,0.29,-8.36,-6.94,-2.29
Q8IYB3_T872t,Q8IYB3,SRRM1,10250,Q8IYB3,Homo sapiens,FALSE,Q8IYB3_T872t,47.28,TRUE,APEPKKEtESEAEDN,0,Q8IYB3_T872t,-0.1,-0.14,-0.11,-0.29,-0.19,-0.17,0.32,0.21,0.29,0.01,0.07,0.09,0.71,0.87,0.91,0.03,0.41,0.57,0.8,0.09,0.74,42,-0.98,-1.25,-1.06,-2.8,-1.78,-1.7
Q9Y4J8-17_S668s,Q9Y4J8-17,DTNA,1837,Q9Y4J8-17,Homo sapiens,FALSE,Q9Y4J8-17_S668s,52.22,TRUE,ELNSEVGsETESNVD,0,Q9Y4J8-17_S668s,-0.03,0.15,0.05,-0.29,0.04,-0.06,0.68,0.06,0.49,0,0.63,0.38,0.9,0.71,0.96,0,0.89,0.83,0.8,0.12,0.74,57,-0.41,1.9,0.69,-4.3,0.49,-0.88
P60520_S10s,P60520,GABARAPL2,11345,P60520,Homo sapiens,FALSE,P60520_S10s,1000,TRUE,WMFKEDHsLEHRCVE,0,P60520_S10s,-0.23,-0.01,-0.35,-0.5,-0.19,-0.3,0.14,0.96,0.01,0,0.21,0.02,0.5,1,0.57,0,0.63,0.35,0.8,0.08,0.74,38,-1.47,-0.06,-2.71,-3.84,-1.25,-2.34
P48730_S331s,P48730,CSNK1D,1453,P48730,Homo sapiens,FALSE,P48730_S331s,39.2,TRUE,RGLPSTAsGRLRGTQ,0,P48730_S331s,-0.39,-0.33,-0.3,-0.92,-0.25,-0.11,0.2,0.26,0.22,0,0.36,0.66,0.58,0.89,0.9,0.01,0.76,0.92,0.8,0.18,0.74,87,-1.29,-1.12,-1.24,-3.24,-0.92,-0.44
P54296_S553s,P54296,MYOM2,9172,P54296,Homo sapiens,FALSE,P54296_S553s,42.69,TRUE,IEKSVVGsGSWQRVN,0,P54296_S553s,-0.08,-0.05,-0.05,-0.19,-0.2,-0.09,0.17,0.46,0.34,0,0,0.09,0.54,0.94,0.93,0.01,0.03,0.57,0.8,0.06,0.74,29,-1.38,-0.74,-0.95,-3.29,-3.24,-1.68
Q8NE71_S140s,Q8NE71,ABCF1,23,Q8NE71,Homo sapiens,FALSE,Q8NE71_S140s,1000,TRUE,AALIQDQsEEEEEEE,0,Q8NE71_S140s,-0.08,0.02,-0.01,-0.2,-0.02,0.02,0.09,0.67,0.89,0,0.7,0.59,0.38,0.97,0.99,0,0.92,0.91,0.8,0.13,0.74,64,-1.72,0.43,-0.14,-3.97,-0.39,0.54
Q9UBL0_S364s,Q9UBL0,ARPP21,10777,Q9UBL0,Homo sapiens,FALSE,Q9UBL0_S364s,41.94,TRUE,DHQRAWSsTDSDSSN,0,Q9UBL0_S364s,-0.05,-0.12,-0.05,-0.41,-0.12,0.06,0.63,0.34,0.68,0,0.33,0.58,0.88,0.91,0.98,0,0.73,0.91,0.8,0.17,0.74,83,-0.49,-0.95,-0.41,-3.79,-0.98,0.55
Q15459_S329s,Q15459,SF3A1,10291,"Q15459,Q15459-2",Homo sapiens,FALSE,Q15459_S329s,179.72,TRUE,EVEMEVEsDEEDDKQ,0,Q15459_S329s,0.05,-0.04,-0.04,-0.2,-0.06,-0.06,0.47,0.64,0.56,0,0.41,0.39,0.81,0.97,0.97,0.02,0.79,0.83,0.8,0.1,0.74,47,0.72,-0.47,-0.59,-2.9,-0.83,-0.86
Q9NV70-2_S455s,Q9NV70-2,EXOC1,55763,Q9NV70-2,Homo sapiens,FALSE,Q9NV70-2_S455s,33.18,TRUE,SSGKLTGsTSSLNKL,0,Q9NV70-2_S455s,0.02,0.1,-0.06,-0.44,0.13,-0.01,0.89,0.43,0.63,0,0.3,0.95,0.97,0.93,0.97,0,0.71,0.99,0.8,0.16,0.74,77,0.14,0.8,-0.48,-3.42,1.04,-0.06
Q13439_S71s,Q13439,GOLGA4,2803,"Q13439,Q13439-3,Q13439-4",Homo sapiens,FALSE,Q13439_S71s,68.31,TRUE,KLQLRVPsVESLFRS,0,Q13439_S71s,0.35,0.27,0.24,-0.03,0.15,0.14,0,0.01,0.01,0.79,0.2,0.14,0.01,0.57,0.65,0.9,0.61,0.64,0.8,0.07,0.74,34,3.35,2.47,2.44,-0.27,1.28,1.49
Q6P3S6_T598t,Q6P3S6,FBXO42,54455,Q6P3S6,Homo sapiens,FALSE,Q6P3S6_T598t,17.48,TRUE,QSLSSGEtVPIPRPG,0,Q6P3S6_T598t,-0.15,0.11,-0.04,-0.39,-0.02,-0.09,0.25,0.45,0.75,0,0.89,0.44,0.63,0.93,0.98,0.02,0.97,0.86,0.8,0.11,0.74,55,-1.16,0.75,-0.32,-3.04,-0.13,-0.77
Q8N3V7_S232s,Q8N3V7,SYNPO,11346,Q8N3V7,Homo sapiens,FALSE,Q8N3V7_S232s,62.7,TRUE,PGPPRHPsPQSPDRG,0,Q8N3V7_S232s,-0.45,-0.31,-0.2,-1.21,-0.34,-0.25,0,0.04,0.14,0,0.02,0.05,0.02,0.69,0.86,0,0.18,0.47,0.8,0.19,0.74,92,-3.25,-2.05,-1.48,-8.37,-2.4,-1.96
Q8WWI1_S1510s,Q8WWI1,LMO7,4008,Q8WWI1,Homo sapiens,FALSE,Q8WWI1_S1510s,217.16,TRUE,GIMRRGEsLDNLDSP,0,Q8WWI1_S1510s,0.05,0.03,0.06,-0.19,-0.09,-0.03,0.45,0.64,0.32,0,0.21,0.56,0.8,0.97,0.92,0.02,0.63,0.9,0.8,0.06,0.74,31,0.76,0.47,1,-3,-1.25,-0.58
P23327_S602sY618y,P23327,HRC,3270,P23327,Homo sapiens,FALSE,P23327_S602sY618y,25.64,TRUE,EEAGGASsEEESGED|GPQDAQEyGNYQPGS,0,P23327_S602sY618y,-0.16,0.15,-0.26,-0.57,0,-0.21,0.48,0.51,0.21,0.01,1,0.29,0.82,0.95,0.89,0.03,1,0.78,0.8,0.1,0.74,50,-0.71,0.65,-1.26,-2.78,0,-1.05
Q00536_S138s,Q00536,CDK16,5127,"Q00536,Q00536-2,Q00536-3",Homo sapiens,FALSE,Q00536_S138s,103.75,TRUE,LEKLTLNsPIFDKPL,0,Q00536_S138s,-0.05,0.05,-0.03,-0.33,0,-0.1,0.53,0.64,0.71,0,0.97,0.24,0.84,0.97,0.98,0,0.99,0.74,0.8,0.14,0.74,69,-0.62,0.47,-0.37,-3.82,0.03,-1.18
Q9NS86_Y295y,Q9NS86,LANCL2,55915,Q9NS86,Homo sapiens,FALSE,Q9NS86_Y295y,52.77,TRUE,MVKPSIDyVRHKKFR,0,Q9NS86_Y295y,-0.04,0.03,-0.02,-0.13,-0.05,-0.07,0.4,0.56,0.73,0.01,0.33,0.14,0.77,0.96,0.98,0.05,0.73,0.65,0.8,0.06,0.74,28,-0.84,0.59,-0.34,-2.59,-0.97,-1.46
Q8N3L3_S470sS474s,Q8N3L3,TXLNB,167838,Q8N3L3,Homo sapiens,FALSE,Q8N3L3_S470sS474s,66.87,TRUE,ISEKDDQsQHNSDEE|DDQSQHNsDEEPESN,0,Q8N3L3_S470sS474s,-0.49,0.09,-0.16,-0.65,-0.35,-0.06,0.02,0.71,0.42,0,0.14,0.76,0.17,0.97,0.94,0.01,0.53,0.95,0.8,0.06,0.74,30,-2.29,0.37,-0.8,-3.22,-1.49,-0.31
Q9UPQ0-4_S297s,Q9UPQ0-4,LIMCH1,22998,Q9UPQ0-4,Homo sapiens,FALSE,Q9UPQ0-4_S297s,46.21,TRUE,EREEYRKsWSTATSP,0,Q9UPQ0-4_S297s,-0.19,-0.05,-0.14,-0.6,-0.02,-0.04,0.16,0.72,0.26,0,0.91,0.74,0.52,0.98,0.9,0,0.98,0.95,0.8,0.19,0.74,93,-1.41,-0.36,-1.12,-4.52,-0.11,-0.34
Q9Y3S1_S1817sS1818s,Q9Y3S1,WNK2,65268,"Q9Y3S1,Q9Y3S1-2,Q9Y3S1-4",Homo sapiens,FALSE,Q9Y3S1_S1817sS1818s,110.78,TRUE,VYLDEAPsSPDVKLA|YLDEAPSsPDVKLAV,0,Q9Y3S1_S1817sS1818s,-0.1,-0.12,-0.17,-0.36,-0.16,-0.23,0.42,0.38,0.19,0.01,0.25,0.08,0.78,0.92,0.89,0.03,0.67,0.55,0.8,0.12,0.74,57,-0.8,-0.87,-1.31,-2.77,-1.14,-1.76
Q13554_S423s,Q13554,CAMK2B,816,Q13554,Homo sapiens,FALSE,Q13554_S423s,219.73,TRUE,LSSVRRGsGAPEAEG,0,Q13554_S423s,-0.1,-0.1,-0.06,-0.22,-0.11,-0.08,0.15,0.21,0.36,0,0.16,0.24,0.51,0.87,0.93,0.01,0.56,0.75,0.8,0.17,0.74,82,-1.45,-1.25,-0.91,-3.08,-1.42,-1.17
Q6P5Q4_Y390yS392s,Q6P5Q4,LMOD2,442721,Q6P5Q4,Homo sapiens,FALSE,Q6P5Q4_Y390yS392s,108.69,TRUE,GTPSSSPyVSPRHSP|PSSSPYVsPRHSPWS,0,Q6P5Q4_Y390yS392s,-0.3,0.21,-0.02,-1.66,0.23,0.12,0.08,0.27,0.91,0,0.2,0.47,0.36,0.89,0.99,0,0.61,0.87,0.8,0.2,0.74,98,-1.77,1.1,-0.12,-9.15,1.29,0.73
Q8WZ42-12_S8838s,Q8WZ42-12,TTN,7273,Q8WZ42-12,Homo sapiens,FALSE,Q8WZ42-12_S8838s,61.62,TRUE,TIVEKPEsIKVTTGD,0,Q8WZ42-12_S8838s,-0.08,-0.1,-0.06,-0.18,-0.11,-0.07,0.18,0.17,0.36,0,0.11,0.26,0.56,0.85,0.93,0.02,0.48,0.76,0.8,0.15,0.74,73,-1.33,-1.37,-0.92,-2.9,-1.62,-1.13
Q6P5Q4_T384t,Q6P5Q4,LMOD2,442721,Q6P5Q4,Homo sapiens,FALSE,Q6P5Q4_T384t,83.98,TRUE,TKVWQRGtPSSSPYV,0,Q6P5Q4_T384t,-0.4,0.09,-0.02,-1.31,0,0.08,0.01,0.55,0.91,0,0.99,0.56,0.07,0.96,0.99,0,1,0.9,0.8,0.15,0.74,76,-2.77,0.6,-0.11,-8.7,0.01,0.58
Q8WZ42-12_S1428sS1433sS1438s,Q8WZ42-12,TTN,7273,Q8WZ42-12,Homo sapiens,FALSE,Q8WZ42-12_S1428sS1433sS1438s,1000,TRUE,RMSPARMsPARMSPA|RMSPARMsPARMSPG|RMSPARMsPGRRLEE,0,Q8WZ42-12_S1428sS1433sS1438s,-0.21,0.23,-0.41,-0.81,-0.28,-0.45,0.37,0.36,0.05,0,0.31,0.03,0.74,0.92,0.79,0.01,0.72,0.42,0.8,0.05,0.74,24,-0.89,0.92,-1.93,-3.32,-1.02,-2.13
Q5VZ89_S1126s,Q5VZ89,DENND4C,55667,"Q5VZ89,Q5VZ89-3",Homo sapiens,FALSE,Q5VZ89_S1126s,46.02,TRUE,WNPEHRSsPVPEMLE,0,Q5VZ89_S1126s,-0.04,0.07,0.13,-0.36,-0.27,0.08,0.72,0.58,0.17,0,0.02,0.38,0.92,0.96,0.88,0,0.18,0.83,0.8,0.07,0.74,34,-0.35,0.56,1.37,-3.68,-2.4,0.88
E7EW31_S477s,E7EW31,PROB1,389333,E7EW31,Homo sapiens,FALSE,E7EW31_S477s,39.02,TRUE,SPSLEAPsLWEIPHS,0,E7EW31_S477s,-0.1,-0.06,0.03,-0.37,-0.21,-0.01,0.17,0.5,0.65,0,0.01,0.88,0.54,0.95,0.97,0,0.1,0.98,0.8,0.08,0.74,41,-1.37,-0.68,0.46,-4.98,-2.69,-0.15
A8MZF0_S163s,A8MZF0,PRR33,102724536,A8MZF0,Homo sapiens,FALSE,A8MZF0_S163s,25.23,TRUE,AEAERVSsPAWASSP,0,A8MZF0_S163s,-0.14,0.01,0.05,-0.38,-0.25,0,0.08,0.93,0.51,0,0,0.98,0.38,1,0.96,0,0.07,1,0.8,0.05,0.74,24,-1.74,0.09,0.67,-4.67,-2.86,0.02
Q5VTR2_S138s,Q5VTR2,RNF20,56254,Q5VTR2,Homo sapiens,FALSE,Q5VTR2_S138s,42.69,TRUE,EPEPDSDsNQERKDD,0,Q5VTR2_S138s,-0.06,0.03,-0.05,-0.18,0.01,-0.04,0.41,0.74,0.46,0.01,0.93,0.53,0.77,0.98,0.95,0.05,0.98,0.89,0.8,0.12,0.74,61,-0.83,0.33,-0.74,-2.58,0.09,-0.63
Q12955_S4290s,Q12955,ANK3,288,Q12955,Homo sapiens,FALSE,Q12955_S4290s,156.52,TRUE,LKPKIHGsGHVEEPA,0,Q12955_S4290s,0.04,0.09,0.08,-0.36,-0.06,-0.1,0.79,0.55,0.51,0,0.67,0.35,0.94,0.96,0.96,0.02,0.91,0.82,0.8,0.11,0.74,52,0.27,0.6,0.66,-3.03,-0.43,-0.94
E7EW31_S452sS454s,E7EW31,PROB1,389333,E7EW31,Homo sapiens,FALSE,E7EW31_S452sS454s,125.69,TRUE,EETVSRRsPSPPILS|TVSRRSPsPPILSQW,0,E7EW31_S452sS454s,-0.23,-0.08,0.01,-0.63,-0.21,-0.04,0,0.35,0.93,0,0.01,0.55,0.06,0.91,0.99,0,0.15,0.9,0.8,0.14,0.74,67,-2.85,-0.93,0.09,-7.63,-2.49,-0.59
E7EW31_T859t,E7EW31,PROB1,389333,E7EW31,Homo sapiens,FALSE,E7EW31_T859t,41.83,TRUE,RAASAPPtDRSPQSP,0,E7EW31_T859t,-0.22,0.04,0.01,-0.68,-0.03,0.02,0.13,0.78,0.93,0,0.84,0.88,0.48,0.98,0.99,0,0.96,0.98,0.8,0.15,0.74,72,-1.52,0.28,0.09,-4.52,-0.2,0.15
Q05639_Y141y,Q05639,EEF1A2,1917,Q05639,Homo sapiens,FALSE,Q05639_Y141y,53.98,TRUE,REHALLAyTLGVKQL,0,Q05639_Y141y,-0.03,-0.02,-0.01,-0.16,-0.03,-0.05,0.52,0.68,0.78,0,0.57,0.33,0.83,0.97,0.99,0.01,0.87,0.81,0.8,0.18,0.74,90,-0.65,-0.41,-0.27,-3.15,-0.57,-0.97
P20929-2_T8235t,P20929-2,NEB,4703,P20929-2,Homo sapiens,FALSE,P20929-2_T8235t,83.98,TRUE,KENMRKAtPTPVTPE,0,P20929-2_T8235t,-0.3,-0.07,-0.17,-0.62,-0.12,-0.16,0,0.39,0.02,0,0.13,0.02,0,0.92,0.69,0,0.52,0.36,0.8,0.17,0.74,83,-3.92,-0.86,-2.35,-7.96,-1.51,-2.29
Q5VST9-6_T5303t,Q5VST9-6,OBSCN,84033,Q5VST9-6,Homo sapiens,FALSE,Q5VST9-6_T5303t,23.98,TRUE,DLSEGYStADELART,0,Q5VST9-6_T5303t,-0.12,0.05,0.04,-0.36,-0.06,-0.05,0.3,0.7,0.73,0,0.63,0.62,0.68,0.97,0.98,0.01,0.9,0.92,0.8,0.11,0.74,54,-1.04,0.39,0.35,-3.18,-0.48,-0.49
