"","EE_15min","EE_3.5hr","EE_24hr","RE_15min","RE_3.5hr","RE_24hr"
"PERT-PSP_VIRUS_INFECTION",1,0,0,1,0,0
"PERT-PSP_UV",1,0,1,1,0,0
"PERT-PSP_U0126",1,0,0,1,0,0
"PERT-PSP_TNF",1,0,0,1,0,0
"PERT-PSP_THROMBIN",1,0,0,1,0,0
"PERT-PSP_SPHINGOSINE_1_PHOSPHATE",1,0,0,1,0,0
"PERT-PSP_PHORBOL_ESTER",1,1,1,1,0,0
"PERT-PSP_LPS",1,0,1,1,0,0
"PERT-PSP_IONOMYCIN",1,0,0,0,0,0
"PERT-PSP_IONIZING_RADIATION",1,1,0,1,0,0
"PERT-PSP_IL_2",1,0,0,1,0,0
"PERT-PSP_IL_1B",1,0,0,1,0,0
"PERT-PSP_EXERCISE",1,0,0,1,0,1
"PERT-PSP_EGF",1,0,1,1,0,0
"PERT-PSP_ANTI_CD3",1,0,0,1,0,0
"PERT-PSP_ANISOMYCIN",1,0,0,1,0,0
"PERT-P100-PRM_VORINOSTAT",1,0,0,1,0,0
"PERT-P100-DIA2_VX-970",1,1,0,0,0,0
"PERT-P100-DIA2_TRETINOIN",1,1,0,1,1,0
"PERT-P100-DIA2_TRAMETINIB",1,0,0,1,0,0
"PERT-P100-DIA2_SEMAGACESTAT",1,0,0,1,1,0
"PERT-P100-DIA2_PD-0332991",1,0,0,0,0,0
"PERT-P100-DIA2_OSI-027",1,0,0,1,0,0
"PERT-P100-DIA2_OKADAIC_ACID",1,1,0,1,1,0
"PERT-P100-DIA2_MOMELOTINIB",1,1,0,1,0,0
"PERT-P100-DIA2_KN-93",1,0,0,1,0,0
"PERT-P100-DIA2_KN-62",1,0,0,0,0,0
"PERT-P100-DIA2_IPI145",1,0,0,1,0,0
"PERT-P100-DIA2_GOSSYPETIN",1,0,0,1,1,0
"PERT-P100-DIA2_FLECAINIDE",1,0,0,0,0,0
"PERT-P100-DIA2_ETOPOSIDE",1,1,0,0,1,0
"PERT-P100-DIA2_DACTOLISIB",1,0,0,1,0,0
"PERT-P100-DIA2_CRIZOTINIB",1,0,0,0,0,0
"PERT-P100-DIA2_CI-994",1,0,0,1,0,0
"PERT-P100-DIA2_CHIR99021",1,1,0,1,1,0
"PATH-WP_Translation_inhibitors_in_chronically_activated_PDGFRA_cells",1,0,0,1,0,0
"PATH-WP_Non-small_cell_lung_cancer",1,0,0,0,1,0
"PATH-WP_Hepatitis_B_infection",1,1,1,1,0,0
"PATH-NP_TWEAK_PATHWAY",1,0,0,1,0,0
"PATH-NP_TSLP_PATHWAY",1,0,1,1,0,0
"PATH-NP_TIE2_PATHWAY",1,0,0,1,0,0
"PATH-NP_T_CELL_RECEPTOR_PATHWAY",1,0,1,1,0,0
"PATH-NP_OXYTOCIN_PATHWAY",1,0,0,1,0,0
"PATH-NP_NOTCH_PATHWAY",1,0,1,1,0,0
"PATH-NP_LEPTIN_PATHWAY",1,0,1,1,0,0
"PATH-NP_IL6_PATHWAY",1,0,1,1,0,0
"PATH-NP_IL11_PATHWAY",1,0,1,1,0,0
"PATH-NP_CRH_PATHWAY",1,0,1,1,0,0
"PATH-BI_ISCHEMIA",1,0,1,1,0,0
"KINASE-PSP_Src/SRC",1,0,0,0,0,0
"KINASE-PSP_RSK2/RPS6KA3",1,0,0,1,0,0
"KINASE-PSP_PRKD1",1,0,1,1,0,0
"KINASE-PSP_PKG2/PRKG2",1,0,0,0,0,0
"KINASE-PSP_PKG1_iso2/PRKG1",1,0,0,1,0,0
"KINASE-PSP_PKACA/PRKACA",1,0,0,0,0,1
"KINASE-PSP_PDK1/PDPK1",1,0,0,1,0,0
"KINASE-PSP_PAK1",1,0,0,1,0,0
"KINASE-PSP_p90RSK/RPS6KA1",1,0,0,0,1,0
"KINASE-PSP_mTOR/MTOR",1,1,1,0,1,0
"KINASE-PSP_MKK6/MAP2K6",1,0,0,1,0,0
"KINASE-PSP_MAPKAPK2",1,1,0,1,1,0
"KINASE-PSP_Chk1/CHEK1",1,0,0,0,0,0
"KINASE-PSP_BRAF",1,0,0,0,0,0
"KINASE-PSP_AurB/AURKB",1,0,0,1,0,0
"KINASE-PSP_ATR",1,0,0,1,0,0
"KINASE-PSP_AMPKA1/PRKAA1",1,0,0,0,0,0
"KINASE-PSP_Akt1/AKT1",1,0,0,1,0,0
"KINASE-iKiP_TSSK2",1,0,0,0,0,0
"KINASE-iKiP_TSSK1",1,0,0,1,0,0
"KINASE-iKiP_TAOK2",1,0,0,0,0,0
"KINASE-iKiP_STK38L",1,0,0,1,1,0
"KINASE-iKiP_SIK2",1,0,0,0,0,0
"KINASE-iKiP_SIK1",1,0,0,0,0,0
"KINASE-iKiP_SGK3",1,0,0,0,0,0
"KINASE-iKiP_SGK2",1,0,0,1,0,0
"KINASE-iKiP_RPS6KB1",1,0,0,0,0,0
"KINASE-iKiP_RPS6KA6",1,0,0,0,0,0
"KINASE-iKiP_RPS6KA5.MSK1",1,0,0,1,0,0
"KINASE-iKiP_RPS6KA2",1,0,0,1,0,0
"KINASE-iKiP_RPS6KA1",1,0,0,1,0,0
"KINASE-iKiP_PRKD3",1,0,0,1,0,0
"KINASE-iKiP_PRKD1",1,0,0,1,1,0
"KINASE-iKiP_PRKCB",1,0,0,1,0,0
"KINASE-iKiP_PRKACA",1,0,0,1,0,1
"KINASE-iKiP_PLK1",1,0,0,1,0,0
"KINASE-iKiP_PKN1",1,0,0,1,0,0
"KINASE-iKiP_PAK3",1,0,0,0,0,1
"KINASE-iKiP_PAK2",1,0,1,0,0,1
"KINASE-iKiP_PAK1",1,0,1,0,0,0
"KINASE-iKiP_NIM1K",1,0,0,1,0,0
"KINASE-iKiP_MOK",1,0,0,1,0,1
"KINASE-iKiP_MKNK2",1,0,0,1,1,0
"KINASE-iKiP_MAST2",1,0,0,0,0,0
"KINASE-iKiP_MAPKAPK5",1,0,0,1,1,0
"KINASE-iKiP_MAPKAPK3",1,0,0,1,1,0
"KINASE-iKiP_MAPKAPK2",1,0,0,1,1,0
"KINASE-iKiP_MAPK1.ERK2",1,0,0,1,1,0
"KINASE-iKiP_MAP2K6",1,1,0,0,0,0
"KINASE-iKiP_HIPK3",1,0,1,1,0,0
"KINASE-iKiP_HIPK2",1,0,0,1,0,0
"KINASE-iKiP_EEF2K",1,0,0,0,0,0
"KINASE-iKiP_DYRK3",1,1,0,0,0,0
"KINASE-iKiP_DCLK2",1,0,0,0,0,0
"KINASE-iKiP_CSNK2A1.CK2A1",1,1,1,1,1,0
"KINASE-iKiP_CSNK1G3",1,0,0,1,0,0
"KINASE-iKiP_CSNK1G2",1,0,0,1,1,0
"KINASE-iKiP_CLK3",1,0,0,1,0,0
"KINASE-iKiP_CHUK.IKKA",1,0,0,0,0,0
"KINASE-iKiP_CGK2",1,0,0,0,0,0
"KINASE-iKiP_CDK9-CCNK",1,0,0,0,0,0
"KINASE-iKiP_CAMK2G",1,0,0,0,0,0
"KINASE-iKiP_CAMK2D",1,0,0,0,0,0
"KINASE-iKiP_CAMK2B",1,0,0,0,0,0
"KINASE-iKiP_CAMK2A",1,0,0,0,0,0
"KINASE-iKiP_BMPR1A",1,0,0,1,0,0
"KINASE-iKiP_AURKC",1,1,0,0,0,1
"KINASE-iKiP_AURKB",1,0,0,0,0,0
"KINASE-iKiP_AMPKA2",1,0,0,1,0,0
"KINASE-iKiP_AMPKA1",1,0,0,1,0,0
"KINASE-iKiP_AKT1",1,0,0,0,0,0
"PERT-PSP_TORIN1",0,1,0,0,1,0
"PERT-PSP_SU11274",0,1,1,1,1,0
"PERT-PSP_LY294002",0,1,1,0,1,0
"PERT-PSP_IGF_1",0,1,1,1,0,0
"PERT-PSP_AMINO_ACIDS",0,1,0,0,0,0
"PERT-P100-DIA2_SIROLIMUS",0,1,0,0,0,0
"PERT-P100-DIA2_SALERMIDE",0,1,0,0,0,0
"PERT-P100-DIA2_IBRUTINIB",0,1,0,0,0,0
"PERT-P100-DIA2_EVEROLIMUS",0,1,0,0,0,0
"PERT-P100-DIA2_EPZ-5687",0,1,0,0,0,0
"PERT-P100-DIA2_BMS-906024",0,1,0,1,1,0
"PATH-NP_TSH_PATHWAY",0,1,0,0,0,0
"PATH-NP_TNF_ALPHA_PATHWAY",0,1,0,0,0,0
"PATH-NP_IL33_PATHWAY",0,1,1,0,0,0
"PATH-NP_CCR7_PATHWAY",0,1,0,0,0,0
"KINASE-PSP_PKCD/PRKCD",0,1,0,0,1,0
"KINASE-PSP_P38B/MAPK11",0,1,0,1,1,0
"KINASE-PSP_CDC7",0,1,0,0,0,0
"KINASE-iKiP_MLCK",0,1,0,0,0,0
"KINASE-iKiP_MAP2K2",0,1,0,0,0,0
"KINASE-iKiP_LIMK1",0,1,0,0,0,0
"KINASE-iKiP_DYRK4",0,1,0,0,0,0
"KINASE-iKiP_CSNK2A2.CK2A2",0,1,1,1,1,0
"KINASE-iKiP_CDK6-CCND3",0,1,0,0,0,0
"KINASE-iKiP_CDK3-CCNE1",0,1,0,0,0,0
"KINASE-iKiP_CDK2-CCNE1",0,1,0,0,0,0
"KINASE-iKiP_AURKA",0,1,0,0,0,0
"DISEASE-PSP_DLB",0,1,0,0,0,0
"PERT-PSP_WORTMANNIN",0,0,1,0,0,0
"PERT-PSP_GEFITINIB",0,0,1,0,1,0
"PERT-PSP_EPO",0,0,1,0,0,0
"PERT-P100-DIA2_RESVERATROL",0,0,1,0,0,0
"PERT-P100-DIA2_MS-275",0,0,1,1,0,0
"PERT-P100-DIA2_KU-55933",0,0,1,0,0,0
"PERT-P100-DIA2_EPZ004777",0,0,1,1,0,0
"PERT-P100-DIA2_EPZ-5676",0,0,1,0,0,0
"PERT-P100-DIA2_BIX-01338",0,0,1,0,0,0
"PERT-P100-DIA2_BIX-01294",0,0,1,0,0,0
"PATH-NP_AGE_RAGE_PATHWAY",0,0,1,1,0,0
"KINASE-PSP_RAF1",0,0,1,0,0,0
"KINASE-PSP_JNK1/MAPK8",0,0,1,0,0,0
"KINASE-PSP_CK1A/CSNK1A1",0,0,1,0,0,0
"KINASE-PSP_CDK5",0,0,1,0,0,0
"KINASE-iKiP_TNIK",0,0,1,0,0,0
"KINASE-iKiP_STK3",0,0,1,0,0,0
"KINASE-iKiP_PRKX",0,0,1,0,0,1
"KINASE-iKiP_PIM3",0,0,1,1,0,0
"KINASE-iKiP_PAK5",0,0,1,0,0,1
"KINASE-iKiP_NEK1",0,0,1,0,0,0
"KINASE-iKiP_MARK4",0,0,1,0,0,0
"KINASE-iKiP_MAP3K9.MLK1",0,0,1,0,0,0
"KINASE-iKiP_MAP3K10.MLK2",0,0,1,0,0,0
"KINASE-iKiP_DYRK1A",0,0,1,0,0,1
"DISEASE-PSP_breast_cancer",0,0,1,0,0,0
"PERT-PSP_VANADATE",0,0,0,1,0,0
"PERT-PSP_SII_ANGIOTENSIN_2",0,0,0,1,0,0
"PERT-PSP_PHORBOL_ESTER_IONOMYCIN",0,0,0,1,0,0
"PERT-PSP_NOCODAZOLE",0,0,0,1,0,1
"PERT-PSP_LPA",0,0,0,1,0,0
"PERT-PSP_IL_1A",0,0,0,1,0,0
"PERT-PSP_HGF",0,0,0,1,0,0
"PERT-PSP_ARSENITE",0,0,0,1,0,0
"PERT-P100-DIA2_ZEBULARINE",0,0,0,1,0,0
"PERT-P100-DIA2_VERAPAMIL",0,0,0,1,1,0
"PERT-P100-DIA2_VEMURAFENIB",0,0,0,1,0,0
"PERT-P100-DIA2_PRAVASTATIN",0,0,0,1,0,0
"PERT-P100-DIA2_GSK126",0,0,0,1,0,0
"PERT-P100-DIA2_GELDANAMYCIN",0,0,0,1,0,0
"PERT-P100-DIA2_BAFILOMYCIN_A1",0,0,0,1,1,0
"PATH-NP_FSH_PATHWAY",0,0,0,1,0,0
"KINASE-PSP_Ret/RET",0,0,0,1,0,0
"KINASE-PSP_P38A/MAPK14",0,0,0,1,1,0
"KINASE-PSP_MARK2",0,0,0,1,0,0
"KINASE-PSP_MARK1",0,0,0,1,0,0
"KINASE-PSP_ERK1/MAPK3",0,0,0,1,0,0
"KINASE-PSP_ATM",0,0,0,1,0,0
"KINASE-iKiP_TTBK1",0,0,0,1,0,0
"KINASE-iKiP_TGFBR1",0,0,0,1,0,0
"KINASE-iKiP_STK11",0,0,0,1,1,0
"KINASE-iKiP_SPHK2",0,0,0,1,0,0
"KINASE-iKiP_RIPK5",0,0,0,1,0,0
"KINASE-iKiP_MAPK9.JNK2",0,0,0,1,1,0
"KINASE-iKiP_MAPK8.JNK1",0,0,0,1,1,0
"KINASE-iKiP_MAPK3.ERK1",0,0,0,1,1,1
"KINASE-iKiP_MAPK14",0,0,0,1,1,0
"KINASE-iKiP_MAPK13",0,0,0,1,1,0
"KINASE-iKiP_MAPK12",0,0,0,1,1,1
"KINASE-iKiP_MAPK11",0,0,0,1,0,0
"KINASE-iKiP_MAPK10.JNK3",0,0,0,1,1,0
"KINASE-iKiP_GRK7",0,0,0,1,0,0
"KINASE-iKiP_GRK5",0,0,0,1,1,0
"KINASE-iKiP_GRK2",0,0,0,1,0,0
"KINASE-iKiP_EIF2AK1",0,0,0,1,1,0
"KINASE-iKiP_BMPR1B",0,0,0,1,0,0
"KINASE-iKiP_ALK",0,0,0,1,0,0
"KINASE-iKiP_AKT2",0,0,0,1,0,0
"PERT-P100-DIA2_PAZOPANIB",0,0,0,0,1,0
"PERT-P100-DIA2_OLMESARTAN",0,0,0,0,1,0
"PERT-P100-DIA2_CERITINIB",0,0,0,0,1,0
"PERT-P100-DIA2_AFURESERTIB",0,0,0,0,1,0
"KINASE-iKiP_ULK3",0,0,0,0,1,0
"KINASE-iKiP_PIK3R5",0,0,0,0,1,0
"KINASE-iKiP_GSK3B",0,0,0,0,1,0
"KINASE-iKiP_CLK1",0,0,0,0,1,0
"DISEASE-PSP_Parkinsons_disease",0,0,0,0,1,0
"PERT-PSP_SERUM",0,0,0,0,0,1
"KINASE-iKiP_PRKG1",0,0,0,0,0,1
