GeneSym,Santini_et_al_2024,ATAC,any
PAX7,0,0,0
MED17,0,0,0
ADGRF5,0,0,0
DAZAP1,0,0,0
REXO2,0,0,0
SESN1,1,0,1
PLOD1,0,0,0
DOCK9,0,0,0
EZR,1,0,1
ARCN1,0,0,0
ASB2,0,0,0
LIPG,0,1,1
MOSPD1,0,0,0
SCML2,0,0,0
CSK,0,0,0
IKBKB,0,0,0
IL27RA,0,0,0
GTPBP4,0,0,0
ZBTB16,0,0,0
C5orf15,0,0,0
RBP1,0,0,0
ST3GAL5,0,0,0
KIAA2013,0,0,0
MTR,1,0,1
SLC16A7,0,1,1
RHOQ,0,0,0
NUDCD1,0,0,0
SLC25A51,0,0,0
BHLHE41,0,0,0
RAB9B,0,0,0
TTPAL,0,0,0
RREB1,1,0,1
PAX1,0,0,0
PCID2,0,0,0
RAB3IP,0,0,0
HIP1R,0,0,0
RBM39,0,0,0
ZNF341,0,0,0
USPL1,0,0,0
GRHL1,0,0,0
AKIRIN2,0,0,0
HEY2,0,0,0
GLUL,0,0,0
TTLL4,0,0,0
USP37,0,0,0
SETDB2,0,0,0
KAT7,0,0,0
TUBB2B,0,0,0
MTTP,0,1,1
RNF185,0,0,0
ESYT1,0,0,0
FAM181A,0,0,0
ST8SIA2,0,0,0
ZNF697,0,0,0
TEX30,0,0,0
FZD7,1,0,1
ANKRD9,0,0,0
PAXBP1,0,0,0
VMA21,0,0,0
FGFR4,0,0,0
DHRS3,1,0,1
MEAF6,0,0,0
HSPA4L,0,0,0
ABCA1,0,0,0
TRUB1,0,1,1
TRMT61A,0,0,0
GPRC5B,0,0,0
FN3K,0,0,0
E4F1,0,0,0
FADD,0,0,0
STAT3,0,0,0
FAM110B,0,0,0
MN1,0,0,0
ZRSR2,0,0,0
RNF34,0,0,0
TANC2,0,0,0
TPPP,0,0,0
ZBTB26,0,0,0
CHD2,0,0,0
ENDOV,0,0,0
ZBTB4,0,0,0
KLHL38,1,0,1
ZNF354B,0,0,0
PLD6,0,0,0
ARMCX2,0,0,0
LRRC14B,0,0,0
NSMCE3,0,0,0
ZNF696,0,0,0
HPDL,0,0,0
KBTBD12,0,0,0
CLN3,0,0,0
FAM53B,0,0,0
MPHOSPH8,0,0,0
KIAA1671,0,0,0
CCDC154,0,0,0
C1orf122,0,0,0
UCKL1,0,0,0
FICD,0,0,0
RBM20,0,0,0
DNLZ,0,0,0
RBMXL1,0,0,0
ENSG00000215158.9,0,0,0
ENSG00000227704.2,0,0,0
ENSG00000228172.5,0,0,0
ANKRD10-IT1,0,0,0
KRT8P12,0,0,0
RNASEH1-AS1,0,0,0
DAAM2-AS1,0,0,0
ENSG00000235560.4,0,0,0
OLMALINC,0,0,0
CNTFR-AS1,0,0,0
ENSG00000262420.3,0,0,0
ENSG00000263089.1,0,0,0
USP34-DT,0,1,1
ENSG00000274080.1,0,0,0
RAB7B,0,0,0
GPR179,0,0,0
ENSG00000288852.1,0,0,0
ENSG00000289230.1,0,0,0
ADIPOR2,0,0,0
MBTD1,0,0,0
POLA2,0,0,0
VEZT,0,0,0
LTBP1,0,0,0
TTC17,0,0,0
DHX8,0,1,1
NT5C2,0,0,0
MAP2K7,0,0,0
ADD1,0,0,0
SLC35E4,0,0,0
MMP15,0,1,1
RBL2,0,0,0
RFC5,1,0,1
RSPH4A,1,1,1
MAN2A1,0,1,1
CLK4,0,0,0
SLC25A16,0,0,0
TTC21B,0,0,0
ENKD1,0,0,0
ARMCX5,0,0,0
CDKN1C,0,0,0
COG2,0,0,0
VEZF1,0,0,0
CDK5RAP2,1,0,1
SLC38A4,0,0,0
SELENBP1,0,0,0
IL18,0,0,0
SMPD4BP,0,0,0
CETN3,0,0,0
LGI4,0,0,0
ABCA9,0,0,0
CHODL,0,0,0
ZBTB7B,0,0,0
PGAP4,0,0,0
VEGFD,0,0,0
RRM1,0,0,0
ZNF668,0,0,0
RAB4B,0,0,0
AR,0,0,0
SCN9A,0,0,0
SCAI,0,0,0
JUP,1,0,1
TNK1,0,0,0
C3orf33,0,0,0
FBXW8,0,0,0
CTNNBIP1,0,0,0
PARP10,0,0,0
ZNF707,0,0,0
ARHGEF37,0,0,0
CXorf38,0,0,0
TRMT2B,0,0,0
FAT4,0,0,0
SLC39A10,1,0,1
PCBP2,0,0,0
ZDBF2,1,0,1
SLC48A1,0,0,0
ATF6B,0,0,0
RTCA-AS1,0,0,0
ENSG00000226281.5,0,0,0
ENSG00000228434.1,0,0,0
CASP4LP,0,0,0
ENSG00000243696.5,0,0,0
UBAP1L,0,0,0
HOXA-AS2,0,0,0
ADAM20P1,0,0,0
RPH3AL-AS1,0,0,0
ENSG00000279722.1,0,0,0
LINC02767,0,0,0
PGM3,0,0,0
THOC3,0,0,0
OGFR,0,0,0
ELMO2,0,0,0
WAPL,1,0,1
RNF4,0,0,0
PUM3,1,0,1
CNOT4,0,0,0
ZNF213,0,0,0
WAC,1,0,1
TOP3B,0,0,0
GSPT1,0,0,0
MED25,0,0,0
TMEM97,0,0,0
CDKN1B,0,0,0
STRN,0,0,0
ANGPTL1,0,0,0
ZNF644,0,0,0
FAM126A,0,0,0
P4HA1,0,0,0
PNPLA7,0,0,0
LARGE1,1,0,1
SYNCRIP,0,0,0
ANP32B,0,0,0
AEBP2,1,0,1
TP53BP2,0,0,0
KANSL1L,0,0,0
TMF1,0,0,0
MFSD14A,0,0,0
ARL5A,0,0,0
STK17A,0,1,1
TMEM184A,0,0,0
CASP7,0,0,0
ZNF146,0,0,0
PPM1D,0,0,0
LCLAT1,1,0,1
ULK1,0,0,0
ERBB4,1,0,1
ZBTB7A,0,0,0
ZNF443,0,0,0
FRAT2,0,0,0
PRR14L,0,0,0
NKAIN2,0,0,0
SPATS2L,1,0,1
GDAP2,0,0,0
MCMBP,0,0,0
HMGN1,0,0,0
HLA-H,0,0,0
MYCBP,0,0,0
TRDN-AS1,0,0,0
RDH14,0,0,0
MOCS2-DT,0,0,0
OTUD7B,1,0,1
ENSG00000270210.1,0,0,0
ENSG00000272195.1,0,0,0
NOTCH2NLC,0,0,0
LAS1L,0,0,0
THSD7A,1,0,1
ETV1,1,0,1
MYLIP,0,0,0
HFE,0,0,0
BTN3A1,0,1,1
H6PD,0,0,0
RAD51,0,0,0
PLEKHH1,1,0,1
TMCC3,1,0,1
CDON,0,0,0
PMS1,0,0,0
TESK2,1,0,1
ANO8,0,0,0
MLLT10,1,0,1
DNMT3B,1,0,1
ARHGAP28,0,0,0
SLC8B1,0,0,0
HDAC6,0,0,0
CDC23,0,0,0
SEMA4G,0,0,0
TRMT2A,0,0,0
SPECC1L,0,0,0
NFKBIA,0,0,0
ITIH6,0,0,0
CTCF,0,0,0
HAS3,0,0,0
AMH,0,0,0
ARRDC2,0,0,0
HOXA13,0,0,0
DDX58,0,0,0
UBTF,1,0,1
MTMR4,0,0,0
CDK5RAP3,0,0,0
RECQL5,0,0,0
HLF,0,0,0
MANBA,1,0,1
STIM2,0,1,1
CTSC,1,0,1
ING4,0,0,0
BRD8,0,0,0
DROSHA,0,0,0
ACVR2B,0,0,0
PIKFYVE,0,0,0
STEAP3,1,0,1
ZNF142,0,0,0
FAAH,0,0,0
PILRB,0,0,0
POLM,0,0,0
EBPL,0,0,0
MXD4,0,0,0
NAGK,0,0,0
ZNF133,0,0,0
DYRK2,0,0,0
TAS2R4,0,0,0
SIN3B,0,0,0
APOBEC3F,0,0,0
SMO,0,0,0
SUMF2,0,0,0
CDH15,0,0,0
CBFA2T3,0,0,0
GADD45G,1,0,1
TXLNGY,0,0,0
PCED1A,0,0,0
CAPRIN1,0,0,0
AVIL,0,0,0
PAN2,0,0,0
FBXL8,0,0,0
FOXP4,1,0,1
BPHL,0,0,0
RIPK1,0,0,0
IDH1,0,0,0
AMDHD1,0,1,1
CSAD,0,0,0
TRIM65,0,0,0
GOLPH3L,0,0,0
SPOPL,0,0,0
YIPF5,1,0,1
HAUS6,0,0,0
KAT14,0,0,0
TMEM25,0,0,0
UPF2,0,0,0
RAD17,0,0,0
TSEN2,0,0,0
PLCL2,1,1,1
RNF20,0,0,0
CFAP70,0,0,0
TSSK3,0,0,0
EN1,0,0,0
PYGO2,0,0,0
ZNF148,0,0,0
CCDC127,0,0,0
SAP30L,0,0,0
SLC4A2,0,0,0
BRWD3,0,0,0
SNAPC4,0,0,0
FRAT1,0,1,1
PTER,0,1,1
HPS6,0,1,1
SENP8,0,0,0
MCM7,0,0,0
MARF1,0,0,0
CA4,0,0,0
SMG8,0,0,0
ZNF558,0,0,0
CX3CR1,0,0,0
CCDC110,0,0,0
INPP5D,1,0,1
SIN3A,0,0,0
DFFB,0,0,0
BRD3,0,0,0
GPRC5C,0,0,0
STAT2,0,0,0
ATF7,0,0,0
ZNF318,0,0,0
ZNF561,0,0,0
PIGG,0,0,0
KY,0,0,0
FZD4,0,0,0
PRIMA1,0,0,0
ZNF575,0,0,0
TCEANC,1,0,1
WDR73,0,0,0
MAN1B1,0,0,0
ZBTB33,0,0,0
ZNF619,0,1,1
C14orf28,0,0,0
TDRD6,0,0,0
CMTR2,0,0,0
ACBD4,0,0,0
FIGN,0,0,0
IGIP,0,0,0
ZNRF3,0,0,0
NOG,0,0,0
ZNF445,0,0,0
KLHL33,0,0,0
ROR1,1,0,1
NR2F2,0,0,0
CCDC190,0,0,0
POMK,0,0,0
MRTFB,0,0,0
SIRT7,0,0,0
TLR5,0,0,0
ZKSCAN4,0,0,0
NHEJ1,0,0,0
TMEM120B,0,0,0
LRRC66,0,0,0
KIAA0408,0,0,0
ZNF471,0,0,0
ANKRD36B,0,0,0
ZNF420,0,1,1
ZSCAN26,0,1,1
DDRGK1,0,0,0
MT-CYB,0,0,0
LDB1,0,0,0
GPATCH3,0,0,0
CHAMP1,0,0,0
MT-ND4,0,0,0
MT-ATP6,0,0,0
FKBPL,0,0,0
GPANK1,0,0,0
ZNF616,0,0,0
ZNRD1ASP,0,0,0
MT-TA,0,0,0
NUP62,0,0,0
ARHGAP19,0,0,0
TSPAN4,0,0,0
ARHGEF28,1,0,1
CYB5RL,0,0,0
SGMS1-AS1,0,0,0
ZNF37BP,0,0,0
ENSG00000238260.2,0,0,0
AMY2B,0,0,0
STAG3L5P,0,0,0
RPL5P30,0,0,0
ENSG00000255468.7,0,0,0
ENSG00000260197.1,0,0,0
ZNF595,0,0,0
ENSG00000272720.1,0,0,0
ENSG00000273729.1,0,0,0
ENSG00000273906.1,0,0,0
ENSG00000274292.1,0,0,0
ZNF2,0,0,0
TADA2A,0,0,0
ENSG00000277400.1,0,0,0
MARCKS,1,1,1
ENSG00000278867.1,0,0,0
ENSG00000279633.1,0,0,0
ENSG00000279833.1,0,0,0
ENSG00000284946.1,0,0,0
ENSG00000285571.1,0,0,0
ENSG00000285781.1,0,0,0
ENSG00000286190.2,0,0,0
ENSG00000288065.1,0,0,0
ENSG00000288162.1,0,0,0
CYP51A1,0,0,0
CLCN6,0,0,0
MNAT1,0,0,0
CELF2,0,0,0
POLR3E,0,1,1
DDX20,0,0,0
DNAAF9,0,0,0
RAB11FIP3,0,0,0
SYDE2,0,0,0
SNAPC2,0,0,0
RASIP1,0,0,0
NSMCE4A,0,0,0
ZNF330,0,0,0
FAF2,0,0,0
PIK3CA,0,0,0
TRMT5,0,0,0
KHDRBS3,0,0,0
NAT10,0,0,0
POLG,0,0,0
KSR1,1,0,1
TP53,1,0,1
DUS3L,0,0,0
C1orf216,0,0,0
CERS2,0,0,0
ESAM,0,0,0
ZNF256,0,0,0
SLC25A27,0,0,0
OXNAD1,0,0,0
FMNL2,1,0,1
SIK3,0,0,0
GTPBP8,0,0,0
STARD4,0,1,1
SOX17,0,0,0
PMPCA,0,0,0
ZBTB39,0,0,0
EEF2,0,0,0
ZBTB5,0,0,0
NPIPB12,0,0,0
MAP3K2,0,0,0
ARL10,0,0,0
TAF7,0,0,0
GATA2,0,0,0
ZNF154,0,0,0
YOD1,0,0,0
GPR157,0,0,0
BLOC1S4,0,1,1
LITAF,0,0,0
NOTCH4,1,0,1
ZNF551,0,0,0
DCTN1,0,0,0
ENSG00000226252.1,0,0,0
TMEM185B,0,0,0
ENSG00000233987.2,0,0,0
ENSG00000236304.2,0,0,0
ANKRD42-DT,0,0,0
SEC22B,0,0,0
NBPF26,0,0,0
ENSG00000286207.1,0,0,0
RANBP9,1,0,1
PHF7,0,0,0
CALCOCO1,0,0,0
ZMYND11,1,0,1
NUP160,0,0,0
PIAS1,0,0,0
VPS13D,1,0,1
PHRF1,0,0,0
ZFYVE26,0,0,0
MARK3,0,0,0
ITCH,0,0,0
NFE2L1,0,0,0
CHERP,0,0,0
KHSRP,0,0,0
CCNK,0,0,0
SF3A1,0,0,0
TOM1,0,0,0
SCN1B,0,0,0
PALS2,1,0,1
TASOR2,0,0,0
SUPT6H,0,0,0
AMOTL2,0,0,0
SRSF4,0,0,0
CTH,0,1,1
PRPF3,0,0,0
MXI1,0,0,0
MED20,0,0,0
ABCC4,1,0,1
TBC1D20,0,0,0
KLHL36,0,0,0
C2orf49,0,0,0
DGKB,0,0,0
UNC13C,0,0,0
CNOT6L,0,0,0
WDR20,0,0,0
RANBP10,0,0,0
RAB40B,0,0,0
SNX27,0,0,0
CDCA7,1,0,1
RETREG2,0,0,0
NAF1,1,0,1
MEPCE,0,0,0
CETN2,0,0,0
TAF5,0,0,0
SESN3,1,0,1
FHIP2A,0,0,0
CWF19L2,1,0,1
ZFYVE9,0,0,0
SKI,0,0,0
H2BC5,0,0,0
MRNIP,0,0,0
NXF1,0,0,0
CNST,0,0,0
H3-3A,0,0,0
INHBB,1,0,1
DCAF16,0,0,0
PPM1L,0,0,0
ABLIM2,0,0,0
ICE1,0,0,0
LSM6,0,0,0
RHOBTB3,0,0,0
ZNF704,1,0,1
ZFYVE1,1,0,1
ATP9B,0,0,0
PARM1,0,0,0
ROBO1,1,0,1
NPTX1,0,0,0
ZNF131,0,0,0
TADA2B,0,0,0
C9orf131,0,0,0
UCP3,0,0,0
PNMA1,0,0,0
ANKLE2,1,0,1
SMCR8,0,0,0
ZBTB34,0,0,0
ACBD3,0,0,0
TSPYL2,0,0,0
BICD2,0,0,0
LRCH3,0,0,0
MITF,0,0,0
UBQLN2,0,0,0
UVRAG,1,0,1
GIGYF2,0,0,0
SCAF8,0,1,1
LINC00390,0,0,0
ENSG00000229425.4,0,0,0
ENSG00000253115.1,0,0,0
ILF3-DT,0,0,0
CASTOR2,1,0,1
GGNBP2,0,1,1
ENSG00000279026.1,0,0,0
MATR3,0,0,0
