Regulator,site,Interaction,Target,Weight,Cluster,tissue,modality,regulator_id,target_id
FOXO1,S256s,regulates,PAX7,0.151557764,4,muscle,EE,Q12778_S256s,ENSG00000009709.12
FOXO1,S256s,regulates,MED17,0.256349785,4,muscle,EE,Q12778_S256s,ENSG00000042429.12
FOXO1,S256s,regulates,ADGRF5,0.109524838,4,muscle,EE,Q12778_S256s,ENSG00000069122.19
FOXO1,S256s,regulates,DAZAP1,0.137909242,4,muscle,EE,Q12778_S256s,ENSG00000071626.17
FOXO1,S256s,regulates,REXO2,0.103124226,4,muscle,EE,Q12778_S256s,ENSG00000076043.11
FOXO1,S256s,regulates,SESN1,0.129230138,4,muscle,EE,Q12778_S256s,ENSG00000080546.14
FOXO1,S256s,regulates,PLOD1,0.100279304,4,muscle,EE,Q12778_S256s,ENSG00000083444.17
FOXO1,S256s,regulates,DOCK9,0.140853503,4,muscle,EE,Q12778_S256s,ENSG00000088387.21
FOXO1,S256s,regulates,EZR,0.154126635,4,muscle,EE,Q12778_S256s,ENSG00000092820.19
FOXO1,S256s,regulates,ARCN1,0.155651931,4,muscle,EE,Q12778_S256s,ENSG00000095139.15
FOXO1,S256s,regulates,ASB2,0.131656995,4,muscle,EE,Q12778_S256s,ENSG00000100628.12
FOXO1,S256s,regulates,LIPG,0.100406446,4,muscle,EE,Q12778_S256s,ENSG00000101670.12
FOXO1,S256s,regulates,MOSPD1,0.104352127,4,muscle,EE,Q12778_S256s,ENSG00000101928.13
FOXO1,S256s,regulates,SCML2,0.108921686,4,muscle,EE,Q12778_S256s,ENSG00000102098.19
FOXO1,S256s,regulates,CSK,0.115444569,4,muscle,EE,Q12778_S256s,ENSG00000103653.17
FOXO1,S256s,regulates,IKBKB,0.149794749,4,muscle,EE,Q12778_S256s,ENSG00000104365.16
FOXO1,S256s,regulates,IL27RA,0.127285035,4,muscle,EE,Q12778_S256s,ENSG00000104998.4
FOXO1,S256s,regulates,GTPBP4,0.116863786,4,muscle,EE,Q12778_S256s,ENSG00000107937.19
FOXO1,S256s,regulates,ZBTB16,0.135785343,4,muscle,EE,Q12778_S256s,ENSG00000109906.15
FOXO1,S256s,regulates,C5orf15,0.100271591,4,muscle,EE,Q12778_S256s,ENSG00000113583.8
FOXO1,S256s,regulates,RBP1,0.204826793,4,muscle,EE,Q12778_S256s,ENSG00000114115.10
FOXO1,S256s,regulates,ST3GAL5,0.106358443,4,muscle,EE,Q12778_S256s,ENSG00000115525.18
FOXO1,S256s,regulates,KIAA2013,0.340481487,4,muscle,EE,Q12778_S256s,ENSG00000116685.16
FOXO1,S256s,regulates,MTR,0.11484935,4,muscle,EE,Q12778_S256s,ENSG00000116984.15
FOXO1,S256s,regulates,SLC16A7,0.115788084,4,muscle,EE,Q12778_S256s,ENSG00000118596.12
FOXO1,S256s,regulates,RHOQ,0.15173051,4,muscle,EE,Q12778_S256s,ENSG00000119729.12
FOXO1,S256s,regulates,NUDCD1,0.15372685,4,muscle,EE,Q12778_S256s,ENSG00000120526.12
FOXO1,S256s,regulates,SLC25A51,0.154554641,4,muscle,EE,Q12778_S256s,ENSG00000122696.14
FOXO1,S256s,regulates,BHLHE41,0.119425325,4,muscle,EE,Q12778_S256s,ENSG00000123095.6
FOXO1,S256s,regulates,RAB9B,0.107002862,4,muscle,EE,Q12778_S256s,ENSG00000123570.4
FOXO1,S256s,regulates,TTPAL,0.121597343,4,muscle,EE,Q12778_S256s,ENSG00000124120.11
FOXO1,S256s,regulates,RREB1,0.134247037,4,muscle,EE,Q12778_S256s,ENSG00000124782.21
FOXO1,S256s,regulates,PAX1,0.126627493,4,muscle,EE,Q12778_S256s,ENSG00000125813.14
FOXO1,S256s,regulates,PCID2,0.154637392,4,muscle,EE,Q12778_S256s,ENSG00000126226.22
FOXO1,S256s,regulates,RAB3IP,0.123677253,4,muscle,EE,Q12778_S256s,ENSG00000127328.22
FOXO1,S256s,regulates,HIP1R,0.112024567,4,muscle,EE,Q12778_S256s,ENSG00000130787.14
FOXO1,S256s,regulates,RBM39,0.236715742,4,muscle,EE,Q12778_S256s,ENSG00000131051.24
FOXO1,S256s,regulates,ZNF341,0.23048743,4,muscle,EE,Q12778_S256s,ENSG00000131061.14
FOXO1,S256s,regulates,USPL1,0.181628103,4,muscle,EE,Q12778_S256s,ENSG00000132952.12
FOXO1,S256s,regulates,GRHL1,0.188551954,4,muscle,EE,Q12778_S256s,ENSG00000134317.18
FOXO1,S256s,regulates,AKIRIN2,0.146202557,4,muscle,EE,Q12778_S256s,ENSG00000135334.9
FOXO1,S256s,regulates,HEY2,0.198216764,4,muscle,EE,Q12778_S256s,ENSG00000135547.9
FOXO1,S256s,regulates,GLUL,0.142297436,4,muscle,EE,Q12778_S256s,ENSG00000135821.19
FOXO1,S256s,regulates,TTLL4,0.221277874,4,muscle,EE,Q12778_S256s,ENSG00000135912.11
FOXO1,S256s,regulates,USP37,0.104346159,4,muscle,EE,Q12778_S256s,ENSG00000135913.11
FOXO1,S256s,regulates,SETDB2,0.101690033,4,muscle,EE,Q12778_S256s,ENSG00000136169.17
FOXO1,S256s,regulates,KAT7,0.13496317,4,muscle,EE,Q12778_S256s,ENSG00000136504.13
FOXO1,S256s,regulates,TUBB2B,0.197005702,4,muscle,EE,Q12778_S256s,ENSG00000137285.11
FOXO1,S256s,regulates,MTTP,0.140526616,4,muscle,EE,Q12778_S256s,ENSG00000138823.14
FOXO1,S256s,regulates,RNF185,0.101919915,4,muscle,EE,Q12778_S256s,ENSG00000138942.17
FOXO1,S256s,regulates,ESYT1,0.199420113,4,muscle,EE,Q12778_S256s,ENSG00000139641.13
FOXO1,S256s,regulates,FAM181A,0.121410954,4,muscle,EE,Q12778_S256s,ENSG00000140067.7
FOXO1,S256s,regulates,ST8SIA2,0.148407436,4,muscle,EE,Q12778_S256s,ENSG00000140557.12
FOXO1,S256s,regulates,ZNF697,0.149916267,4,muscle,EE,Q12778_S256s,ENSG00000143067.5
FOXO1,S256s,regulates,TEX30,0.102407225,4,muscle,EE,Q12778_S256s,ENSG00000151287.17
FOXO1,S256s,regulates,FZD7,0.153802224,4,muscle,EE,Q12778_S256s,ENSG00000155760.3
FOXO1,S256s,regulates,ANKRD9,0.113344904,4,muscle,EE,Q12778_S256s,ENSG00000156381.9
FOXO1,S256s,regulates,PAXBP1,0.10953448,4,muscle,EE,Q12778_S256s,ENSG00000159086.15
FOXO1,S256s,regulates,VMA21,0.209182724,4,muscle,EE,Q12778_S256s,ENSG00000160131.14
FOXO1,S256s,regulates,FGFR4,0.213364398,4,muscle,EE,Q12778_S256s,ENSG00000160867.15
FOXO1,S256s,regulates,DHRS3,0.169508731,4,muscle,EE,Q12778_S256s,ENSG00000162496.9
FOXO1,S256s,regulates,MEAF6,0.319081449,4,muscle,EE,Q12778_S256s,ENSG00000163875.16
FOXO1,S256s,regulates,HSPA4L,0.150599289,4,muscle,EE,Q12778_S256s,ENSG00000164070.12
FOXO1,S256s,regulates,ABCA1,0.142413582,4,muscle,EE,Q12778_S256s,ENSG00000165029.17
FOXO1,S256s,regulates,TRUB1,0.210449296,4,muscle,EE,Q12778_S256s,ENSG00000165832.6
FOXO1,S256s,regulates,TRMT61A,0.119587425,4,muscle,EE,Q12778_S256s,ENSG00000166166.13
FOXO1,S256s,regulates,GPRC5B,0.139674847,4,muscle,EE,Q12778_S256s,ENSG00000167191.12
FOXO1,S256s,regulates,FN3K,0.177801952,4,muscle,EE,Q12778_S256s,ENSG00000167363.14
FOXO1,S256s,regulates,E4F1,0.158177355,4,muscle,EE,Q12778_S256s,ENSG00000167967.16
FOXO1,S256s,regulates,FADD,0.117853542,4,muscle,EE,Q12778_S256s,ENSG00000168040.5
FOXO1,S256s,regulates,STAT3,0.104067744,4,muscle,EE,Q12778_S256s,ENSG00000168610.16
FOXO1,S256s,regulates,FAM110B,0.114367761,4,muscle,EE,Q12778_S256s,ENSG00000169122.12
FOXO1,S256s,regulates,MN1,0.106092074,4,muscle,EE,Q12778_S256s,ENSG00000169184.6
FOXO1,S256s,regulates,ZRSR2,0.104829748,4,muscle,EE,Q12778_S256s,ENSG00000169249.14
FOXO1,S256s,regulates,RNF34,0.153053778,4,muscle,EE,Q12778_S256s,ENSG00000170633.17
FOXO1,S256s,regulates,TANC2,0.157025932,4,muscle,EE,Q12778_S256s,ENSG00000170921.16
FOXO1,S256s,regulates,TPPP,0.120326526,4,muscle,EE,Q12778_S256s,ENSG00000171368.12
FOXO1,S256s,regulates,ZBTB26,0.112510436,4,muscle,EE,Q12778_S256s,ENSG00000171448.9
FOXO1,S256s,regulates,CHD2,0.119504772,4,muscle,EE,Q12778_S256s,ENSG00000173575.22
FOXO1,S256s,regulates,ENDOV,0.198273249,4,muscle,EE,Q12778_S256s,ENSG00000173818.17
FOXO1,S256s,regulates,ZBTB4,0.113663637,4,muscle,EE,Q12778_S256s,ENSG00000174282.12
FOXO1,S256s,regulates,KLHL38,0.105555249,4,muscle,EE,Q12778_S256s,ENSG00000175946.9
FOXO1,S256s,regulates,ZNF354B,0.184692419,4,muscle,EE,Q12778_S256s,ENSG00000178338.11
FOXO1,S256s,regulates,PLD6,0.165034594,4,muscle,EE,Q12778_S256s,ENSG00000179598.6
FOXO1,S256s,regulates,ARMCX2,0.121708551,4,muscle,EE,Q12778_S256s,ENSG00000184867.14
FOXO1,S256s,regulates,LRRC14B,0.107414203,4,muscle,EE,Q12778_S256s,ENSG00000185028.4
FOXO1,S256s,regulates,NSMCE3,0.152192983,4,muscle,EE,Q12778_S256s,ENSG00000185115.6
FOXO1,S256s,regulates,ZNF696,0.124172151,4,muscle,EE,Q12778_S256s,ENSG00000185730.8
FOXO1,S256s,regulates,HPDL,0.180781239,4,muscle,EE,Q12778_S256s,ENSG00000186603.7
FOXO1,S256s,regulates,KBTBD12,0.151066979,4,muscle,EE,Q12778_S256s,ENSG00000187715.13
FOXO1,S256s,regulates,CLN3,0.126228872,4,muscle,EE,Q12778_S256s,ENSG00000188603.22
FOXO1,S256s,regulates,FAM53B,0.136794738,4,muscle,EE,Q12778_S256s,ENSG00000189319.14
FOXO1,S256s,regulates,MPHOSPH8,0.182197455,4,muscle,EE,Q12778_S256s,ENSG00000196199.14
FOXO1,S256s,regulates,KIAA1671,0.104723449,4,muscle,EE,Q12778_S256s,ENSG00000197077.14
FOXO1,S256s,regulates,CCDC154,0.316107997,4,muscle,EE,Q12778_S256s,ENSG00000197599.13
FOXO1,S256s,regulates,C1orf122,0.157044419,4,muscle,EE,Q12778_S256s,ENSG00000197982.14
FOXO1,S256s,regulates,UCKL1,0.223976598,4,muscle,EE,Q12778_S256s,ENSG00000198276.16
FOXO1,S256s,regulates,FICD,0.100763399,4,muscle,EE,Q12778_S256s,ENSG00000198855.7
FOXO1,S256s,regulates,RBM20,0.18716481,4,muscle,EE,Q12778_S256s,ENSG00000203867.8
FOXO1,S256s,regulates,DNLZ,0.139915822,4,muscle,EE,Q12778_S256s,ENSG00000213221.5
FOXO1,S256s,regulates,RBMXL1,0.190372188,4,muscle,EE,Q12778_S256s,ENSG00000213516.10
FOXO1,S256s,regulates,ENSG00000215158.9,0.191848207,4,muscle,EE,Q12778_S256s,ENSG00000215158.9
FOXO1,S256s,regulates,ENSG00000227704.2,0.115776669,4,muscle,EE,Q12778_S256s,ENSG00000227704.2
FOXO1,S256s,regulates,ENSG00000228172.5,0.12363566,4,muscle,EE,Q12778_S256s,ENSG00000228172.5
FOXO1,S256s,regulates,ANKRD10-IT1,0.134471394,4,muscle,EE,Q12778_S256s,ENSG00000229152.2
FOXO1,S256s,regulates,KRT8P12,0.253911945,4,muscle,EE,Q12778_S256s,ENSG00000229320.3
FOXO1,S256s,regulates,RNASEH1-AS1,0.150129869,4,muscle,EE,Q12778_S256s,ENSG00000234171.4
FOXO1,S256s,regulates,DAAM2-AS1,0.139578459,4,muscle,EE,Q12778_S256s,ENSG00000235033.7
FOXO1,S256s,regulates,ENSG00000235560.4,0.107694229,4,muscle,EE,Q12778_S256s,ENSG00000235560.4
FOXO1,S256s,regulates,OLMALINC,0.209609636,4,muscle,EE,Q12778_S256s,ENSG00000235823.4
FOXO1,S256s,regulates,CNTFR-AS1,0.129692748,4,muscle,EE,Q12778_S256s,ENSG00000237159.6
FOXO1,S256s,regulates,ENSG00000262420.3,0.179066067,4,muscle,EE,Q12778_S256s,ENSG00000262420.3
FOXO1,S256s,regulates,ENSG00000263089.1,0.123951105,4,muscle,EE,Q12778_S256s,ENSG00000263089.1
FOXO1,S256s,regulates,USP34-DT,0.117393718,4,muscle,EE,Q12778_S256s,ENSG00000270820.7
FOXO1,S256s,regulates,ENSG00000274080.1,0.115472117,4,muscle,EE,Q12778_S256s,ENSG00000274080.1
FOXO1,S256s,regulates,RAB7B,0.203432006,4,muscle,EE,Q12778_S256s,ENSG00000276600.5
FOXO1,S256s,regulates,GPR179,0.149142181,4,muscle,EE,Q12778_S256s,ENSG00000277399.6
FOXO1,S256s,regulates,ENSG00000288852.1,0.146707301,4,muscle,EE,Q12778_S256s,ENSG00000288852.1
FOXO1,S256s,regulates,ENSG00000289230.1,0.118352187,4,muscle,EE,Q12778_S256s,ENSG00000289230.1
FOXO1,S287s,regulates,ADIPOR2,0.253438972,8,muscle,EE,Q12778_S287s,ENSG00000006831.10
FOXO1,S287s,regulates,MBTD1,0.116560164,8,muscle,EE,Q12778_S287s,ENSG00000011258.16
FOXO1,S287s,regulates,POLA2,0.123214307,8,muscle,EE,Q12778_S287s,ENSG00000014138.9
FOXO1,S287s,regulates,VEZT,0.127663426,8,muscle,EE,Q12778_S287s,ENSG00000028203.19
FOXO1,S287s,regulates,LTBP1,0.158873177,8,muscle,EE,Q12778_S287s,ENSG00000049323.16
FOXO1,S287s,regulates,TTC17,0.126623728,8,muscle,EE,Q12778_S287s,ENSG00000052841.15
FOXO1,S287s,regulates,DHX8,0.101594954,8,muscle,EE,Q12778_S287s,ENSG00000067596.12
FOXO1,S287s,regulates,NT5C2,0.194977183,8,muscle,EE,Q12778_S287s,ENSG00000076685.19
FOXO1,S287s,regulates,MAP2K7,0.120552491,8,muscle,EE,Q12778_S287s,ENSG00000076984.18
FOXO1,S287s,regulates,ADD1,0.159838279,8,muscle,EE,Q12778_S287s,ENSG00000087274.19
FOXO1,S287s,regulates,SLC35E4,0.139084958,8,muscle,EE,Q12778_S287s,ENSG00000100036.13
FOXO1,S287s,regulates,MMP15,0.107605104,8,muscle,EE,Q12778_S287s,ENSG00000102996.5
FOXO1,S287s,regulates,RBL2,0.166768952,8,muscle,EE,Q12778_S287s,ENSG00000103479.17
FOXO1,S287s,regulates,RFC5,0.171367933,8,muscle,EE,Q12778_S287s,ENSG00000111445.14
FOXO1,S287s,regulates,RSPH4A,0.104834467,8,muscle,EE,Q12778_S287s,ENSG00000111834.13
FOXO1,S287s,regulates,MAN2A1,0.128420305,8,muscle,EE,Q12778_S287s,ENSG00000112893.10
FOXO1,S287s,regulates,CLK4,0.115822206,8,muscle,EE,Q12778_S287s,ENSG00000113240.14
FOXO1,S287s,regulates,SLC25A16,0.101040294,8,muscle,EE,Q12778_S287s,ENSG00000122912.15
FOXO1,S287s,regulates,TTC21B,0.16951151,8,muscle,EE,Q12778_S287s,ENSG00000123607.16
FOXO1,S287s,regulates,ENKD1,0.172676431,8,muscle,EE,Q12778_S287s,ENSG00000124074.12
FOXO1,S287s,regulates,ARMCX5,0.116593586,8,muscle,EE,Q12778_S287s,ENSG00000125962.16
FOXO1,S287s,regulates,CDKN1C,0.103256551,8,muscle,EE,Q12778_S287s,ENSG00000129757.15
FOXO1,S287s,regulates,COG2,0.168507125,8,muscle,EE,Q12778_S287s,ENSG00000135775.14
FOXO1,S287s,regulates,VEZF1,0.103652202,8,muscle,EE,Q12778_S287s,ENSG00000136451.9
FOXO1,S287s,regulates,CDK5RAP2,0.177025547,8,muscle,EE,Q12778_S287s,ENSG00000136861.19
FOXO1,S287s,regulates,SLC38A4,0.147556644,8,muscle,EE,Q12778_S287s,ENSG00000139209.16
FOXO1,S287s,regulates,SELENBP1,0.11407331,8,muscle,EE,Q12778_S287s,ENSG00000143416.21
FOXO1,S287s,regulates,IL18,0.129387519,8,muscle,EE,Q12778_S287s,ENSG00000150782.12
FOXO1,S287s,regulates,SMPD4BP,0.104459004,8,muscle,EE,Q12778_S287s,ENSG00000152117.18
FOXO1,S287s,regulates,CETN3,0.126573348,8,muscle,EE,Q12778_S287s,ENSG00000153140.9
FOXO1,S287s,regulates,LGI4,0.102118751,8,muscle,EE,Q12778_S287s,ENSG00000153902.14
FOXO1,S287s,regulates,ABCA9,0.103901297,8,muscle,EE,Q12778_S287s,ENSG00000154258.17
FOXO1,S287s,regulates,CHODL,0.115365986,8,muscle,EE,Q12778_S287s,ENSG00000154645.14
FOXO1,S287s,regulates,ZBTB7B,0.112294306,8,muscle,EE,Q12778_S287s,ENSG00000160685.14
FOXO1,S287s,regulates,PGAP4,0.100602351,8,muscle,EE,Q12778_S287s,ENSG00000165152.9
FOXO1,S287s,regulates,VEGFD,0.131680219,8,muscle,EE,Q12778_S287s,ENSG00000165197.5
FOXO1,S287s,regulates,RRM1,0.161004881,8,muscle,EE,Q12778_S287s,ENSG00000167325.15
FOXO1,S287s,regulates,ZNF668,0.117244434,8,muscle,EE,Q12778_S287s,ENSG00000167394.13
FOXO1,S287s,regulates,RAB4B,0.152851709,8,muscle,EE,Q12778_S287s,ENSG00000167578.18
FOXO1,S287s,regulates,AR,0.137294861,8,muscle,EE,Q12778_S287s,ENSG00000169083.18
FOXO1,S287s,regulates,SCN9A,0.132042576,8,muscle,EE,Q12778_S287s,ENSG00000169432.19
FOXO1,S287s,regulates,SCAI,0.11095861,8,muscle,EE,Q12778_S287s,ENSG00000173611.18
FOXO1,S287s,regulates,JUP,0.148305729,8,muscle,EE,Q12778_S287s,ENSG00000173801.17
FOXO1,S287s,regulates,TNK1,0.107679861,8,muscle,EE,Q12778_S287s,ENSG00000174292.13
FOXO1,S287s,regulates,C3orf33,0.154770157,8,muscle,EE,Q12778_S287s,ENSG00000174928.16
FOXO1,S287s,regulates,FBXW8,0.100902399,8,muscle,EE,Q12778_S287s,ENSG00000174989.13
FOXO1,S287s,regulates,CTNNBIP1,0.135749739,8,muscle,EE,Q12778_S287s,ENSG00000178585.15
FOXO1,S287s,regulates,PARP10,0.112091353,8,muscle,EE,Q12778_S287s,ENSG00000178685.14
FOXO1,S287s,regulates,ZNF707,0.188451169,8,muscle,EE,Q12778_S287s,ENSG00000181135.16
FOXO1,S287s,regulates,ARHGEF37,0.207110114,8,muscle,EE,Q12778_S287s,ENSG00000183111.12
FOXO1,S287s,regulates,CXorf38,0.130908196,8,muscle,EE,Q12778_S287s,ENSG00000185753.13
FOXO1,S287s,regulates,TRMT2B,0.124647969,8,muscle,EE,Q12778_S287s,ENSG00000188917.15
FOXO1,S287s,regulates,FAT4,0.148552977,8,muscle,EE,Q12778_S287s,ENSG00000196159.14
FOXO1,S287s,regulates,SLC39A10,0.139596346,8,muscle,EE,Q12778_S287s,ENSG00000196950.14
FOXO1,S287s,regulates,PCBP2,0.100902386,8,muscle,EE,Q12778_S287s,ENSG00000197111.16
FOXO1,S287s,regulates,ZDBF2,0.103848615,8,muscle,EE,Q12778_S287s,ENSG00000204186.10
FOXO1,S287s,regulates,SLC48A1,0.142371778,8,muscle,EE,Q12778_S287s,ENSG00000211584.14
FOXO1,S287s,regulates,ATF6B,0.155118263,8,muscle,EE,Q12778_S287s,ENSG00000213676.13
FOXO1,S287s,regulates,RTCA-AS1,0.134148913,8,muscle,EE,Q12778_S287s,ENSG00000224616.4
FOXO1,S287s,regulates,ENSG00000226281.5,0.114395194,8,muscle,EE,Q12778_S287s,ENSG00000226281.5
FOXO1,S287s,regulates,ENSG00000228434.1,0.101061673,8,muscle,EE,Q12778_S287s,ENSG00000228434.1
FOXO1,S287s,regulates,CASP4LP,0.155143232,8,muscle,EE,Q12778_S287s,ENSG00000235505.8
FOXO1,S287s,regulates,ENSG00000243696.5,0.10308823,8,muscle,EE,Q12778_S287s,ENSG00000243696.5
FOXO1,S287s,regulates,UBAP1L,0.109091064,8,muscle,EE,Q12778_S287s,ENSG00000246922.10
FOXO1,S287s,regulates,HOXA-AS2,0.115454678,8,muscle,EE,Q12778_S287s,ENSG00000253552.8
FOXO1,S287s,regulates,ADAM20P1,0.119094831,8,muscle,EE,Q12778_S287s,ENSG00000259158.4
FOXO1,S287s,regulates,RPH3AL-AS1,0.139672748,8,muscle,EE,Q12778_S287s,ENSG00000262061.7
FOXO1,S287s,regulates,ENSG00000279722.1,0.105019926,8,muscle,EE,Q12778_S287s,ENSG00000279722.1
FOXO1,S287s,regulates,LINC02767,0.123897647,8,muscle,EE,Q12778_S287s,ENSG00000284237.1
FOXO1,S319s,regulates,PGM3,0.146047498,11,muscle,EE,Q12778_S319s,ENSG00000013375.16
FOXO1,S319s,regulates,THOC3,0.116839611,11,muscle,EE,Q12778_S319s,ENSG00000051596.10
FOXO1,S319s,regulates,OGFR,0.114513488,11,muscle,EE,Q12778_S319s,ENSG00000060491.17
FOXO1,S319s,regulates,ELMO2,0.103893013,11,muscle,EE,Q12778_S319s,ENSG00000062598.18
FOXO1,S319s,regulates,WAPL,0.105429072,11,muscle,EE,Q12778_S319s,ENSG00000062650.20
FOXO1,S319s,regulates,RNF4,0.140688336,11,muscle,EE,Q12778_S319s,ENSG00000063978.16
FOXO1,S319s,regulates,PUM3,0.183270149,11,muscle,EE,Q12778_S319s,ENSG00000080608.10
FOXO1,S319s,regulates,CNOT4,0.109794058,11,muscle,EE,Q12778_S319s,ENSG00000080802.20
FOXO1,S319s,regulates,ZNF213,0.112448618,11,muscle,EE,Q12778_S319s,ENSG00000085644.14
FOXO1,S319s,regulates,WAC,0.107828982,11,muscle,EE,Q12778_S319s,ENSG00000095787.24
FOXO1,S319s,regulates,TOP3B,0.124358368,11,muscle,EE,Q12778_S319s,ENSG00000100038.20
FOXO1,S319s,regulates,GSPT1,0.111224682,11,muscle,EE,Q12778_S319s,ENSG00000103342.13
FOXO1,S319s,regulates,MED25,0.107173322,11,muscle,EE,Q12778_S319s,ENSG00000104973.19
FOXO1,S319s,regulates,TMEM97,0.107661592,11,muscle,EE,Q12778_S319s,ENSG00000109084.14
FOXO1,S319s,regulates,CDKN1B,0.144924666,11,muscle,EE,Q12778_S319s,ENSG00000111276.12
FOXO1,S319s,regulates,STRN,0.148429171,11,muscle,EE,Q12778_S319s,ENSG00000115808.12
FOXO1,S319s,regulates,ANGPTL1,0.117451142,11,muscle,EE,Q12778_S319s,ENSG00000116194.13
FOXO1,S319s,regulates,ZNF644,0.105287017,11,muscle,EE,Q12778_S319s,ENSG00000122482.22
FOXO1,S319s,regulates,FAM126A,0.155777055,11,muscle,EE,Q12778_S319s,ENSG00000122591.13
FOXO1,S319s,regulates,P4HA1,0.172791302,11,muscle,EE,Q12778_S319s,ENSG00000122884.13
FOXO1,S319s,regulates,PNPLA7,0.18202073,11,muscle,EE,Q12778_S319s,ENSG00000130653.16
FOXO1,S319s,regulates,LARGE1,0.123726178,11,muscle,EE,Q12778_S319s,ENSG00000133424.22
FOXO1,S319s,regulates,SYNCRIP,0.237327364,11,muscle,EE,Q12778_S319s,ENSG00000135316.19
FOXO1,S319s,regulates,ANP32B,0.111787943,11,muscle,EE,Q12778_S319s,ENSG00000136938.9
FOXO1,S319s,regulates,AEBP2,0.151021788,11,muscle,EE,Q12778_S319s,ENSG00000139154.16
FOXO1,S319s,regulates,TP53BP2,0.13661434,11,muscle,EE,Q12778_S319s,ENSG00000143514.17
FOXO1,S319s,regulates,KANSL1L,0.105530423,11,muscle,EE,Q12778_S319s,ENSG00000144445.17
FOXO1,S319s,regulates,TMF1,0.12643001,11,muscle,EE,Q12778_S319s,ENSG00000144747.17
FOXO1,S319s,regulates,MFSD14A,0.26407303,11,muscle,EE,Q12778_S319s,ENSG00000156875.14
FOXO1,S319s,regulates,ARL5A,0.117167935,11,muscle,EE,Q12778_S319s,ENSG00000162980.17
FOXO1,S319s,regulates,STK17A,0.100568095,11,muscle,EE,Q12778_S319s,ENSG00000164543.7
FOXO1,S319s,regulates,TMEM184A,0.128567278,11,muscle,EE,Q12778_S319s,ENSG00000164855.16
FOXO1,S319s,regulates,CASP7,0.118636124,11,muscle,EE,Q12778_S319s,ENSG00000165806.21
FOXO1,S319s,regulates,ZNF146,0.117876963,11,muscle,EE,Q12778_S319s,ENSG00000167635.12
FOXO1,S319s,regulates,PPM1D,0.19075478,11,muscle,EE,Q12778_S319s,ENSG00000170836.13
FOXO1,S319s,regulates,LCLAT1,0.125275905,11,muscle,EE,Q12778_S319s,ENSG00000172954.14
FOXO1,S319s,regulates,ULK1,0.160029161,11,muscle,EE,Q12778_S319s,ENSG00000177169.10
FOXO1,S319s,regulates,ERBB4,0.113325172,11,muscle,EE,Q12778_S319s,ENSG00000178568.15
FOXO1,S319s,regulates,ZBTB7A,0.153566527,11,muscle,EE,Q12778_S319s,ENSG00000178951.9
FOXO1,S319s,regulates,ZNF443,0.113266328,11,muscle,EE,Q12778_S319s,ENSG00000180855.16
FOXO1,S319s,regulates,FRAT2,0.12843038,11,muscle,EE,Q12778_S319s,ENSG00000181274.7
FOXO1,S319s,regulates,PRR14L,0.202056736,11,muscle,EE,Q12778_S319s,ENSG00000183530.14
FOXO1,S319s,regulates,NKAIN2,0.194431119,11,muscle,EE,Q12778_S319s,ENSG00000188580.15
FOXO1,S319s,regulates,SPATS2L,0.107670078,11,muscle,EE,Q12778_S319s,ENSG00000196141.14
FOXO1,S319s,regulates,GDAP2,0.140810386,11,muscle,EE,Q12778_S319s,ENSG00000196505.11
FOXO1,S319s,regulates,MCMBP,0.135938045,11,muscle,EE,Q12778_S319s,ENSG00000197771.13
FOXO1,S319s,regulates,HMGN1,0.106457251,11,muscle,EE,Q12778_S319s,ENSG00000205581.11
FOXO1,S319s,regulates,HLA-H,0.14388281,11,muscle,EE,Q12778_S319s,ENSG00000206341.7
FOXO1,S319s,regulates,MYCBP,0.102057159,11,muscle,EE,Q12778_S319s,ENSG00000214114.9
FOXO1,S319s,regulates,TRDN-AS1,0.244293105,11,muscle,EE,Q12778_S319s,ENSG00000235535.9
FOXO1,S319s,regulates,RDH14,0.104458501,11,muscle,EE,Q12778_S319s,ENSG00000240857.2
FOXO1,S319s,regulates,MOCS2-DT,0.119151288,11,muscle,EE,Q12778_S319s,ENSG00000247796.3
FOXO1,S319s,regulates,OTUD7B,0.104876113,11,muscle,EE,Q12778_S319s,ENSG00000264522.6
FOXO1,S319s,regulates,ENSG00000270210.1,0.141475135,11,muscle,EE,Q12778_S319s,ENSG00000270210.1
FOXO1,S319s,regulates,ENSG00000272195.1,0.150275281,11,muscle,EE,Q12778_S319s,ENSG00000272195.1
FOXO1,S319s,regulates,NOTCH2NLC,0.100912382,11,muscle,EE,Q12778_S319s,ENSG00000286219.2
FOXO1,S287s,regulates,LAS1L,0.135246727,3,muscle,RE,Q12778_S287s,ENSG00000001497.18
FOXO1,S287s,regulates,THSD7A,0.161734704,3,muscle,RE,Q12778_S287s,ENSG00000005108.17
FOXO1,S287s,regulates,ETV1,0.165974341,3,muscle,RE,Q12778_S287s,ENSG00000006468.14
FOXO1,S287s,regulates,MYLIP,0.171914266,3,muscle,RE,Q12778_S287s,ENSG00000007944.15
FOXO1,S287s,regulates,HFE,0.128441017,3,muscle,RE,Q12778_S287s,ENSG00000010704.19
FOXO1,S287s,regulates,BTN3A1,0.159002761,3,muscle,RE,Q12778_S287s,ENSG00000026950.17
FOXO1,S287s,regulates,H6PD,0.143037214,3,muscle,RE,Q12778_S287s,ENSG00000049239.13
FOXO1,S287s,regulates,RAD51,0.112170997,3,muscle,RE,Q12778_S287s,ENSG00000051180.17
FOXO1,S287s,regulates,PLEKHH1,0.243449923,3,muscle,RE,Q12778_S287s,ENSG00000054690.14
FOXO1,S287s,regulates,TMCC3,0.117931142,3,muscle,RE,Q12778_S287s,ENSG00000057704.13
FOXO1,S287s,regulates,CDON,0.149739331,3,muscle,RE,Q12778_S287s,ENSG00000064309.16
FOXO1,S287s,regulates,PMS1,0.118805596,3,muscle,RE,Q12778_S287s,ENSG00000064933.19
FOXO1,S287s,regulates,TESK2,0.234717212,3,muscle,RE,Q12778_S287s,ENSG00000070759.17
FOXO1,S287s,regulates,ANO8,0.270944877,3,muscle,RE,Q12778_S287s,ENSG00000074855.11
FOXO1,S287s,regulates,MLLT10,0.212114844,3,muscle,RE,Q12778_S287s,ENSG00000078403.17
FOXO1,S287s,regulates,DNMT3B,0.145973986,3,muscle,RE,Q12778_S287s,ENSG00000088305.18
FOXO1,S287s,regulates,ARHGAP28,0.117919438,3,muscle,RE,Q12778_S287s,ENSG00000088756.13
FOXO1,S287s,regulates,SLC8B1,0.129555727,3,muscle,RE,Q12778_S287s,ENSG00000089060.12
FOXO1,S287s,regulates,HDAC6,0.194948025,3,muscle,RE,Q12778_S287s,ENSG00000094631.21
FOXO1,S287s,regulates,CDC23,0.147630969,3,muscle,RE,Q12778_S287s,ENSG00000094880.11
FOXO1,S287s,regulates,SEMA4G,0.23265518,3,muscle,RE,Q12778_S287s,ENSG00000095539.15
FOXO1,S287s,regulates,TRMT2A,0.126785476,3,muscle,RE,Q12778_S287s,ENSG00000099899.15
FOXO1,S287s,regulates,SPECC1L,0.102828665,3,muscle,RE,Q12778_S287s,ENSG00000100014.20
FOXO1,S287s,regulates,NFKBIA,0.181012791,3,muscle,RE,Q12778_S287s,ENSG00000100906.11
FOXO1,S287s,regulates,ITIH6,0.110628156,3,muscle,RE,Q12778_S287s,ENSG00000102313.9
FOXO1,S287s,regulates,CTCF,0.141489945,3,muscle,RE,Q12778_S287s,ENSG00000102974.16
FOXO1,S287s,regulates,HAS3,0.186523424,3,muscle,RE,Q12778_S287s,ENSG00000103044.11
FOXO1,S287s,regulates,AMH,0.104609804,3,muscle,RE,Q12778_S287s,ENSG00000104899.8
FOXO1,S287s,regulates,ARRDC2,0.112988968,3,muscle,RE,Q12778_S287s,ENSG00000105643.11
FOXO1,S287s,regulates,HOXA13,0.139149905,3,muscle,RE,Q12778_S287s,ENSG00000106031.9
FOXO1,S287s,regulates,DDX58,0.107984797,3,muscle,RE,Q12778_S287s,ENSG00000107201.11
FOXO1,S287s,regulates,UBTF,0.11989534,3,muscle,RE,Q12778_S287s,ENSG00000108312.15
FOXO1,S287s,regulates,MTMR4,0.10346234,3,muscle,RE,Q12778_S287s,ENSG00000108389.10
FOXO1,S287s,regulates,CDK5RAP3,0.314370984,3,muscle,RE,Q12778_S287s,ENSG00000108465.15
FOXO1,S287s,regulates,RECQL5,0.165187728,3,muscle,RE,Q12778_S287s,ENSG00000108469.15
FOXO1,S287s,regulates,HLF,0.110322536,3,muscle,RE,Q12778_S287s,ENSG00000108924.14
FOXO1,S287s,regulates,MANBA,0.136507984,3,muscle,RE,Q12778_S287s,ENSG00000109323.11
FOXO1,S287s,regulates,STIM2,0.141322908,3,muscle,RE,Q12778_S287s,ENSG00000109689.19
FOXO1,S287s,regulates,CTSC,0.182754672,3,muscle,RE,Q12778_S287s,ENSG00000109861.17
FOXO1,S287s,regulates,RFC5,0.26833965,3,muscle,RE,Q12778_S287s,ENSG00000111445.14
FOXO1,S287s,regulates,ING4,0.207710637,3,muscle,RE,Q12778_S287s,ENSG00000111653.20
FOXO1,S287s,regulates,BRD8,0.17196344,3,muscle,RE,Q12778_S287s,ENSG00000112983.18
FOXO1,S287s,regulates,DROSHA,0.253902688,3,muscle,RE,Q12778_S287s,ENSG00000113360.17
FOXO1,S287s,regulates,ACVR2B,0.175870786,3,muscle,RE,Q12778_S287s,ENSG00000114739.14
FOXO1,S287s,regulates,PIKFYVE,0.191411293,3,muscle,RE,Q12778_S287s,ENSG00000115020.17
FOXO1,S287s,regulates,STEAP3,0.311283054,3,muscle,RE,Q12778_S287s,ENSG00000115107.20
FOXO1,S287s,regulates,ZNF142,0.149337859,3,muscle,RE,Q12778_S287s,ENSG00000115568.16
FOXO1,S287s,regulates,FAAH,0.122252139,3,muscle,RE,Q12778_S287s,ENSG00000117480.16
FOXO1,S287s,regulates,PILRB,0.115816423,3,muscle,RE,Q12778_S287s,ENSG00000121716.21
FOXO1,S287s,regulates,POLM,0.118382676,3,muscle,RE,Q12778_S287s,ENSG00000122678.17
FOXO1,S287s,regulates,EBPL,0.109080307,3,muscle,RE,Q12778_S287s,ENSG00000123179.14
FOXO1,S287s,regulates,MXD4,0.106484539,3,muscle,RE,Q12778_S287s,ENSG00000123933.17
FOXO1,S287s,regulates,NAGK,0.110788968,3,muscle,RE,Q12778_S287s,ENSG00000124357.13
FOXO1,S287s,regulates,ZNF133,0.124353616,3,muscle,RE,Q12778_S287s,ENSG00000125846.16
FOXO1,S287s,regulates,DYRK2,0.171096051,3,muscle,RE,Q12778_S287s,ENSG00000127334.11
FOXO1,S287s,regulates,TAS2R4,0.133427719,3,muscle,RE,Q12778_S287s,ENSG00000127364.4
FOXO1,S287s,regulates,SIN3B,0.137051484,3,muscle,RE,Q12778_S287s,ENSG00000127511.10
FOXO1,S287s,regulates,APOBEC3F,0.197091687,3,muscle,RE,Q12778_S287s,ENSG00000128394.17
FOXO1,S287s,regulates,SMO,0.170138979,3,muscle,RE,Q12778_S287s,ENSG00000128602.11
FOXO1,S287s,regulates,SUMF2,0.1757273,3,muscle,RE,Q12778_S287s,ENSG00000129103.19
FOXO1,S287s,regulates,CDH15,0.262095438,3,muscle,RE,Q12778_S287s,ENSG00000129910.8
FOXO1,S287s,regulates,CBFA2T3,0.218587452,3,muscle,RE,Q12778_S287s,ENSG00000129993.15
FOXO1,S287s,regulates,GADD45G,0.183898735,3,muscle,RE,Q12778_S287s,ENSG00000130222.11
FOXO1,S287s,regulates,TXLNGY,0.170985521,3,muscle,RE,Q12778_S287s,ENSG00000131002.13
FOXO1,S287s,regulates,PCED1A,0.194571318,3,muscle,RE,Q12778_S287s,ENSG00000132635.17
FOXO1,S287s,regulates,CAPRIN1,0.105993437,3,muscle,RE,Q12778_S287s,ENSG00000135387.21
FOXO1,S287s,regulates,AVIL,0.285310433,3,muscle,RE,Q12778_S287s,ENSG00000135407.11
FOXO1,S287s,regulates,PAN2,0.133045228,3,muscle,RE,Q12778_S287s,ENSG00000135473.16
FOXO1,S287s,regulates,FBXL8,0.126323764,3,muscle,RE,Q12778_S287s,ENSG00000135722.9
FOXO1,S287s,regulates,FOXP4,0.21997581,3,muscle,RE,Q12778_S287s,ENSG00000137166.17
FOXO1,S287s,regulates,BPHL,0.106899913,3,muscle,RE,Q12778_S287s,ENSG00000137274.13
FOXO1,S287s,regulates,RIPK1,0.157523494,3,muscle,RE,Q12778_S287s,ENSG00000137275.16
FOXO1,S287s,regulates,IDH1,0.119542412,3,muscle,RE,Q12778_S287s,ENSG00000138413.14
FOXO1,S287s,regulates,AMDHD1,0.128559498,3,muscle,RE,Q12778_S287s,ENSG00000139344.8
FOXO1,S287s,regulates,CSAD,0.125650455,3,muscle,RE,Q12778_S287s,ENSG00000139631.20
FOXO1,S287s,regulates,TRIM65,0.185254293,3,muscle,RE,Q12778_S287s,ENSG00000141569.12
FOXO1,S287s,regulates,GOLPH3L,0.13921522,3,muscle,RE,Q12778_S287s,ENSG00000143457.11
FOXO1,S287s,regulates,SPOPL,0.155919178,3,muscle,RE,Q12778_S287s,ENSG00000144228.9
FOXO1,S287s,regulates,YIPF5,0.164989901,3,muscle,RE,Q12778_S287s,ENSG00000145817.17
FOXO1,S287s,regulates,HAUS6,0.154888779,3,muscle,RE,Q12778_S287s,ENSG00000147874.11
FOXO1,S287s,regulates,KAT14,0.103833015,3,muscle,RE,Q12778_S287s,ENSG00000149474.15
FOXO1,S287s,regulates,TMEM25,0.130998431,3,muscle,RE,Q12778_S287s,ENSG00000149582.16
FOXO1,S287s,regulates,UPF2,0.209163674,3,muscle,RE,Q12778_S287s,ENSG00000151461.20
FOXO1,S287s,regulates,RAD17,0.116824214,3,muscle,RE,Q12778_S287s,ENSG00000152942.19
FOXO1,S287s,regulates,LGI4,0.103807944,3,muscle,RE,Q12778_S287s,ENSG00000153902.14
FOXO1,S287s,regulates,TSEN2,0.175913831,3,muscle,RE,Q12778_S287s,ENSG00000154743.19
FOXO1,S287s,regulates,PLCL2,0.114324067,3,muscle,RE,Q12778_S287s,ENSG00000154822.18
FOXO1,S287s,regulates,RNF20,0.135769816,3,muscle,RE,Q12778_S287s,ENSG00000155827.12
FOXO1,S287s,regulates,CFAP70,0.128406603,3,muscle,RE,Q12778_S287s,ENSG00000156042.19
FOXO1,S287s,regulates,TSSK3,0.164691233,3,muscle,RE,Q12778_S287s,ENSG00000162526.7
FOXO1,S287s,regulates,EN1,0.121475601,3,muscle,RE,Q12778_S287s,ENSG00000163064.7
FOXO1,S287s,regulates,PYGO2,0.142545983,3,muscle,RE,Q12778_S287s,ENSG00000163348.4
FOXO1,S287s,regulates,ZNF148,0.140046048,3,muscle,RE,Q12778_S287s,ENSG00000163848.20
FOXO1,S287s,regulates,CCDC127,0.150695599,3,muscle,RE,Q12778_S287s,ENSG00000164366.4
FOXO1,S287s,regulates,SAP30L,0.194648707,3,muscle,RE,Q12778_S287s,ENSG00000164576.12
FOXO1,S287s,regulates,SLC4A2,0.159577712,3,muscle,RE,Q12778_S287s,ENSG00000164889.15
FOXO1,S287s,regulates,VEGFD,0.208967924,3,muscle,RE,Q12778_S287s,ENSG00000165197.5
FOXO1,S287s,regulates,BRWD3,0.126625903,3,muscle,RE,Q12778_S287s,ENSG00000165288.11
FOXO1,S287s,regulates,SNAPC4,0.124742919,3,muscle,RE,Q12778_S287s,ENSG00000165684.6
FOXO1,S287s,regulates,FRAT1,0.12845088,3,muscle,RE,Q12778_S287s,ENSG00000165879.9
FOXO1,S287s,regulates,PTER,0.12848753,3,muscle,RE,Q12778_S287s,ENSG00000165983.15
FOXO1,S287s,regulates,HPS6,0.111453125,3,muscle,RE,Q12778_S287s,ENSG00000166189.8
FOXO1,S287s,regulates,SENP8,0.193220595,3,muscle,RE,Q12778_S287s,ENSG00000166192.15
FOXO1,S287s,regulates,MCM7,0.17637898,3,muscle,RE,Q12778_S287s,ENSG00000166508.18
FOXO1,S287s,regulates,MARF1,0.108802531,3,muscle,RE,Q12778_S287s,ENSG00000166783.22
FOXO1,S287s,regulates,CA4,0.10903054,3,muscle,RE,Q12778_S287s,ENSG00000167434.10
FOXO1,S287s,regulates,SMG8,0.137745388,3,muscle,RE,Q12778_S287s,ENSG00000167447.13
FOXO1,S287s,regulates,ZNF558,0.104608942,3,muscle,RE,Q12778_S287s,ENSG00000167785.9
FOXO1,S287s,regulates,CX3CR1,0.227817252,3,muscle,RE,Q12778_S287s,ENSG00000168329.14
FOXO1,S287s,regulates,CCDC110,0.178498119,3,muscle,RE,Q12778_S287s,ENSG00000168491.10
FOXO1,S287s,regulates,INPP5D,0.130156994,3,muscle,RE,Q12778_S287s,ENSG00000168918.14
FOXO1,S287s,regulates,AR,0.167145719,3,muscle,RE,Q12778_S287s,ENSG00000169083.18
FOXO1,S287s,regulates,SIN3A,0.201797057,3,muscle,RE,Q12778_S287s,ENSG00000169375.16
FOXO1,S287s,regulates,DFFB,0.153756851,3,muscle,RE,Q12778_S287s,ENSG00000169598.17
FOXO1,S287s,regulates,BRD3,0.157951229,3,muscle,RE,Q12778_S287s,ENSG00000169925.17
FOXO1,S287s,regulates,GPRC5C,0.209204614,3,muscle,RE,Q12778_S287s,ENSG00000170412.18
FOXO1,S287s,regulates,STAT2,0.141884601,3,muscle,RE,Q12778_S287s,ENSG00000170581.14
FOXO1,S287s,regulates,ATF7,0.103812361,3,muscle,RE,Q12778_S287s,ENSG00000170653.19
FOXO1,S287s,regulates,ZNF318,0.105456093,3,muscle,RE,Q12778_S287s,ENSG00000171467.16
FOXO1,S287s,regulates,ZNF561,0.103795243,3,muscle,RE,Q12778_S287s,ENSG00000171469.11
FOXO1,S287s,regulates,PIGG,0.101168808,3,muscle,RE,Q12778_S287s,ENSG00000174227.16
FOXO1,S287s,regulates,TNK1,0.14901968,3,muscle,RE,Q12778_S287s,ENSG00000174292.13
FOXO1,S287s,regulates,KY,0.182448388,3,muscle,RE,Q12778_S287s,ENSG00000174611.12
FOXO1,S287s,regulates,FZD4,0.101305697,3,muscle,RE,Q12778_S287s,ENSG00000174804.4
FOXO1,S287s,regulates,PRIMA1,0.135977634,3,muscle,RE,Q12778_S287s,ENSG00000175785.13
FOXO1,S287s,regulates,ZNF575,0.162884778,3,muscle,RE,Q12778_S287s,ENSG00000176472.11
FOXO1,S287s,regulates,TCEANC,0.29917932,3,muscle,RE,Q12778_S287s,ENSG00000176896.8
FOXO1,S287s,regulates,WDR73,0.223206623,3,muscle,RE,Q12778_S287s,ENSG00000177082.13
FOXO1,S287s,regulates,MAN1B1,0.214969792,3,muscle,RE,Q12778_S287s,ENSG00000177239.16
FOXO1,S287s,regulates,ZBTB33,0.20797515,3,muscle,RE,Q12778_S287s,ENSG00000177485.7
FOXO1,S287s,regulates,ZNF619,0.106942038,3,muscle,RE,Q12778_S287s,ENSG00000177873.14
FOXO1,S287s,regulates,CTNNBIP1,0.138934291,3,muscle,RE,Q12778_S287s,ENSG00000178585.15
FOXO1,S287s,regulates,C14orf28,0.161022704,3,muscle,RE,Q12778_S287s,ENSG00000179476.8
FOXO1,S287s,regulates,TDRD6,0.146833395,3,muscle,RE,Q12778_S287s,ENSG00000180113.16
FOXO1,S287s,regulates,CMTR2,0.102948967,3,muscle,RE,Q12778_S287s,ENSG00000180917.18
FOXO1,S287s,regulates,ACBD4,0.258150499,3,muscle,RE,Q12778_S287s,ENSG00000181513.15
FOXO1,S287s,regulates,FIGN,0.123858143,3,muscle,RE,Q12778_S287s,ENSG00000182263.14
FOXO1,S287s,regulates,IGIP,0.120365456,3,muscle,RE,Q12778_S287s,ENSG00000182700.5
FOXO1,S287s,regulates,ZNRF3,0.110328314,3,muscle,RE,Q12778_S287s,ENSG00000183579.16
FOXO1,S287s,regulates,NOG,0.132265856,3,muscle,RE,Q12778_S287s,ENSG00000183691.6
FOXO1,S287s,regulates,ZNF445,0.127066199,3,muscle,RE,Q12778_S287s,ENSG00000185219.18
FOXO1,S287s,regulates,KLHL33,0.13378013,3,muscle,RE,Q12778_S287s,ENSG00000185271.9
FOXO1,S287s,regulates,ROR1,0.168650751,3,muscle,RE,Q12778_S287s,ENSG00000185483.13
FOXO1,S287s,regulates,NR2F2,0.105999923,3,muscle,RE,Q12778_S287s,ENSG00000185551.15
FOXO1,S287s,regulates,CCDC190,0.169767184,3,muscle,RE,Q12778_S287s,ENSG00000185860.14
FOXO1,S287s,regulates,POMK,0.116039814,3,muscle,RE,Q12778_S287s,ENSG00000185900.11
FOXO1,S287s,regulates,MRTFB,0.18410134,3,muscle,RE,Q12778_S287s,ENSG00000186260.17
FOXO1,S287s,regulates,SIRT7,0.122024422,3,muscle,RE,Q12778_S287s,ENSG00000187531.14
FOXO1,S287s,regulates,TLR5,0.176938365,3,muscle,RE,Q12778_S287s,ENSG00000187554.14
FOXO1,S287s,regulates,ZKSCAN4,0.113557814,3,muscle,RE,Q12778_S287s,ENSG00000187626.9
FOXO1,S287s,regulates,NHEJ1,0.13770606,3,muscle,RE,Q12778_S287s,ENSG00000187736.13
FOXO1,S287s,regulates,TMEM120B,0.10278787,3,muscle,RE,Q12778_S287s,ENSG00000188735.13
FOXO1,S287s,regulates,LRRC66,0.168404468,3,muscle,RE,Q12778_S287s,ENSG00000188993.4
FOXO1,S287s,regulates,KIAA0408,0.146358184,3,muscle,RE,Q12778_S287s,ENSG00000189367.15
FOXO1,S287s,regulates,ZNF471,0.1180879,3,muscle,RE,Q12778_S287s,ENSG00000196263.8
FOXO1,S287s,regulates,ANKRD36B,0.113182153,3,muscle,RE,Q12778_S287s,ENSG00000196912.13
FOXO1,S287s,regulates,ZNF420,0.105801623,3,muscle,RE,Q12778_S287s,ENSG00000197050.11
FOXO1,S287s,regulates,ZSCAN26,0.146968391,3,muscle,RE,Q12778_S287s,ENSG00000197062.12
FOXO1,S287s,regulates,DDRGK1,0.111574038,3,muscle,RE,Q12778_S287s,ENSG00000198171.13
FOXO1,S287s,regulates,MT-CYB,0.139106959,3,muscle,RE,Q12778_S287s,ENSG00000198727.2
FOXO1,S287s,regulates,LDB1,0.100468772,3,muscle,RE,Q12778_S287s,ENSG00000198728.11
FOXO1,S287s,regulates,GPATCH3,0.130832591,3,muscle,RE,Q12778_S287s,ENSG00000198746.13
FOXO1,S287s,regulates,CHAMP1,0.149566491,3,muscle,RE,Q12778_S287s,ENSG00000198824.7
FOXO1,S287s,regulates,MT-ND4,0.112017364,3,muscle,RE,Q12778_S287s,ENSG00000198886.2
FOXO1,S287s,regulates,MT-ATP6,0.126233924,3,muscle,RE,Q12778_S287s,ENSG00000198899.2
FOXO1,S287s,regulates,FKBPL,0.171112598,3,muscle,RE,Q12778_S287s,ENSG00000204315.4
FOXO1,S287s,regulates,GPANK1,0.116823186,3,muscle,RE,Q12778_S287s,ENSG00000204438.11
FOXO1,S287s,regulates,ZNF616,0.172680851,3,muscle,RE,Q12778_S287s,ENSG00000204611.7
FOXO1,S287s,regulates,ZNRD1ASP,0.103341394,3,muscle,RE,Q12778_S287s,ENSG00000204623.10
FOXO1,S287s,regulates,MT-TA,0.101614406,3,muscle,RE,Q12778_S287s,ENSG00000210127.1
FOXO1,S287s,regulates,NUP62,0.108169069,3,muscle,RE,Q12778_S287s,ENSG00000213024.12
FOXO1,S287s,regulates,ARHGAP19,0.115475929,3,muscle,RE,Q12778_S287s,ENSG00000213390.11
FOXO1,S287s,regulates,TSPAN4,0.116573842,3,muscle,RE,Q12778_S287s,ENSG00000214063.12
FOXO1,S287s,regulates,ARHGEF28,0.100018447,3,muscle,RE,Q12778_S287s,ENSG00000214944.10
FOXO1,S287s,regulates,CYB5RL,0.159322676,3,muscle,RE,Q12778_S287s,ENSG00000215883.11
FOXO1,S287s,regulates,SGMS1-AS1,0.122914266,3,muscle,RE,Q12778_S287s,ENSG00000226200.7
FOXO1,S287s,regulates,ZNF37BP,0.163343755,3,muscle,RE,Q12778_S287s,ENSG00000234420.8
FOXO1,S287s,regulates,ENSG00000238260.2,0.101237186,3,muscle,RE,Q12778_S287s,ENSG00000238260.2
FOXO1,S287s,regulates,AMY2B,0.124283583,3,muscle,RE,Q12778_S287s,ENSG00000240038.7
FOXO1,S287s,regulates,STAG3L5P,0.133653789,3,muscle,RE,Q12778_S287s,ENSG00000242294.6
FOXO1,S287s,regulates,RPL5P30,0.117323567,3,muscle,RE,Q12778_S287s,ENSG00000243431.1
FOXO1,S287s,regulates,ENSG00000255468.7,0.132786442,3,muscle,RE,Q12778_S287s,ENSG00000255468.7
FOXO1,S287s,regulates,ENSG00000260197.1,0.168870333,3,muscle,RE,Q12778_S287s,ENSG00000260197.1
FOXO1,S287s,regulates,ZNF595,0.234611263,3,muscle,RE,Q12778_S287s,ENSG00000272602.6
FOXO1,S287s,regulates,ENSG00000272720.1,0.206851756,3,muscle,RE,Q12778_S287s,ENSG00000272720.1
FOXO1,S287s,regulates,ENSG00000273729.1,0.179163761,3,muscle,RE,Q12778_S287s,ENSG00000273729.1
FOXO1,S287s,regulates,ENSG00000273906.1,0.142677403,3,muscle,RE,Q12778_S287s,ENSG00000273906.1
FOXO1,S287s,regulates,ENSG00000274292.1,0.109934364,3,muscle,RE,Q12778_S287s,ENSG00000274292.1
FOXO1,S287s,regulates,ZNF2,0.299865611,3,muscle,RE,Q12778_S287s,ENSG00000275111.5
FOXO1,S287s,regulates,TADA2A,0.110672651,3,muscle,RE,Q12778_S287s,ENSG00000276234.5
FOXO1,S287s,regulates,ENSG00000277400.1,0.129086271,3,muscle,RE,Q12778_S287s,ENSG00000277400.1
FOXO1,S287s,regulates,MARCKS,0.223124495,3,muscle,RE,Q12778_S287s,ENSG00000277443.3
FOXO1,S287s,regulates,ENSG00000278867.1,0.149180612,3,muscle,RE,Q12778_S287s,ENSG00000278867.1
FOXO1,S287s,regulates,ENSG00000279633.1,0.169619408,3,muscle,RE,Q12778_S287s,ENSG00000279633.1
FOXO1,S287s,regulates,ENSG00000279833.1,0.14162122,3,muscle,RE,Q12778_S287s,ENSG00000279833.1
FOXO1,S287s,regulates,ENSG00000284946.1,0.114747881,3,muscle,RE,Q12778_S287s,ENSG00000284946.1
FOXO1,S287s,regulates,ENSG00000285571.1,0.154628685,3,muscle,RE,Q12778_S287s,ENSG00000285571.1
FOXO1,S287s,regulates,ENSG00000285781.1,0.166332061,3,muscle,RE,Q12778_S287s,ENSG00000285781.1
FOXO1,S287s,regulates,ENSG00000286190.2,0.120660284,3,muscle,RE,Q12778_S287s,ENSG00000286190.2
FOXO1,S287s,regulates,ENSG00000288065.1,0.105912678,3,muscle,RE,Q12778_S287s,ENSG00000288065.1
FOXO1,S287s,regulates,ENSG00000288162.1,0.127816093,3,muscle,RE,Q12778_S287s,ENSG00000288162.1
FOXO1,S256s,regulates,CYP51A1,0.162313321,5,muscle,RE,Q12778_S256s,ENSG00000001630.18
FOXO1,S256s,regulates,CLCN6,0.114169198,5,muscle,RE,Q12778_S256s,ENSG00000011021.23
FOXO1,S256s,regulates,MNAT1,0.139940457,5,muscle,RE,Q12778_S256s,ENSG00000020426.11
FOXO1,S256s,regulates,CELF2,0.118515071,5,muscle,RE,Q12778_S256s,ENSG00000048740.19
FOXO1,S256s,regulates,POLR3E,0.111527758,5,muscle,RE,Q12778_S256s,ENSG00000058600.16
FOXO1,S256s,regulates,DDX20,0.117768786,5,muscle,RE,Q12778_S256s,ENSG00000064703.13
FOXO1,S256s,regulates,DNAAF9,0.128403291,5,muscle,RE,Q12778_S256s,ENSG00000088854.13
FOXO1,S256s,regulates,RAB11FIP3,0.12008313,5,muscle,RE,Q12778_S256s,ENSG00000090565.17
FOXO1,S256s,regulates,SYDE2,0.111928103,5,muscle,RE,Q12778_S256s,ENSG00000097096.9
FOXO1,S256s,regulates,SNAPC2,0.174366923,5,muscle,RE,Q12778_S256s,ENSG00000104976.12
FOXO1,S256s,regulates,RASIP1,0.1384067,5,muscle,RE,Q12778_S256s,ENSG00000105538.10
FOXO1,S256s,regulates,NSMCE4A,0.118044551,5,muscle,RE,Q12778_S256s,ENSG00000107672.15
FOXO1,S256s,regulates,ZNF330,0.246592298,5,muscle,RE,Q12778_S256s,ENSG00000109445.11
FOXO1,S256s,regulates,FAF2,0.17677842,5,muscle,RE,Q12778_S256s,ENSG00000113194.13
FOXO1,S256s,regulates,ST3GAL5,0.10754068,5,muscle,RE,Q12778_S256s,ENSG00000115525.18
FOXO1,S256s,regulates,PIK3CA,0.126038872,5,muscle,RE,Q12778_S256s,ENSG00000121879.6
FOXO1,S256s,regulates,TRMT5,0.123472475,5,muscle,RE,Q12778_S256s,ENSG00000126814.7
FOXO1,S256s,regulates,KHDRBS3,0.155765862,5,muscle,RE,Q12778_S256s,ENSG00000131773.14
FOXO1,S256s,regulates,NAT10,0.115371717,5,muscle,RE,Q12778_S256s,ENSG00000135372.10
FOXO1,S256s,regulates,POLG,0.262874125,5,muscle,RE,Q12778_S256s,ENSG00000140521.17
FOXO1,S256s,regulates,KSR1,0.118139207,5,muscle,RE,Q12778_S256s,ENSG00000141068.15
FOXO1,S256s,regulates,TP53,0.137662531,5,muscle,RE,Q12778_S256s,ENSG00000141510.18
FOXO1,S256s,regulates,DUS3L,0.178385304,5,muscle,RE,Q12778_S256s,ENSG00000141994.16
FOXO1,S256s,regulates,C1orf216,0.146463268,5,muscle,RE,Q12778_S256s,ENSG00000142686.8
FOXO1,S256s,regulates,CERS2,0.133587454,5,muscle,RE,Q12778_S256s,ENSG00000143418.20
FOXO1,S256s,regulates,ESAM,0.158880262,5,muscle,RE,Q12778_S256s,ENSG00000149564.12
FOXO1,S256s,regulates,ZNF256,0.234189444,5,muscle,RE,Q12778_S256s,ENSG00000152454.4
FOXO1,S256s,regulates,SLC25A27,0.120655012,5,muscle,RE,Q12778_S256s,ENSG00000153291.16
FOXO1,S256s,regulates,OXNAD1,0.280003684,5,muscle,RE,Q12778_S256s,ENSG00000154814.14
FOXO1,S256s,regulates,FMNL2,0.102628358,5,muscle,RE,Q12778_S256s,ENSG00000157827.20
FOXO1,S256s,regulates,SIK3,0.135402029,5,muscle,RE,Q12778_S256s,ENSG00000160584.17
FOXO1,S256s,regulates,GTPBP8,0.115863767,5,muscle,RE,Q12778_S256s,ENSG00000163607.18
FOXO1,S256s,regulates,STARD4,0.177174556,5,muscle,RE,Q12778_S256s,ENSG00000164211.13
FOXO1,S256s,regulates,SOX17,0.184376007,5,muscle,RE,Q12778_S256s,ENSG00000164736.6
FOXO1,S256s,regulates,PMPCA,0.127181833,5,muscle,RE,Q12778_S256s,ENSG00000165688.12
FOXO1,S256s,regulates,ZBTB39,0.208735136,5,muscle,RE,Q12778_S256s,ENSG00000166860.3
FOXO1,S256s,regulates,EEF2,0.105014526,5,muscle,RE,Q12778_S256s,ENSG00000167658.16
FOXO1,S256s,regulates,ZBTB5,0.11444307,5,muscle,RE,Q12778_S256s,ENSG00000168795.5
FOXO1,S256s,regulates,NPIPB12,0.115023814,5,muscle,RE,Q12778_S256s,ENSG00000169203.17
FOXO1,S256s,regulates,MAP3K2,0.105265078,5,muscle,RE,Q12778_S256s,ENSG00000169967.17
FOXO1,S256s,regulates,ARL10,0.126371823,5,muscle,RE,Q12778_S256s,ENSG00000175414.7
FOXO1,S256s,regulates,TAF7,0.128562426,5,muscle,RE,Q12778_S256s,ENSG00000178913.9
FOXO1,S256s,regulates,GATA2,0.108451519,5,muscle,RE,Q12778_S256s,ENSG00000179348.12
FOXO1,S256s,regulates,ZNF154,0.11590067,5,muscle,RE,Q12778_S256s,ENSG00000179909.16
FOXO1,S256s,regulates,YOD1,0.126124346,5,muscle,RE,Q12778_S256s,ENSG00000180667.11
FOXO1,S256s,regulates,GPR157,0.176513642,5,muscle,RE,Q12778_S256s,ENSG00000180758.12
FOXO1,S256s,regulates,BLOC1S4,0.19661703,5,muscle,RE,Q12778_S256s,ENSG00000186222.5
FOXO1,S256s,regulates,LITAF,0.158584223,5,muscle,RE,Q12778_S256s,ENSG00000189067.14
FOXO1,S256s,regulates,NOTCH4,0.113420379,5,muscle,RE,Q12778_S256s,ENSG00000204301.6
FOXO1,S256s,regulates,ZNF551,0.149265541,5,muscle,RE,Q12778_S256s,ENSG00000204519.11
FOXO1,S256s,regulates,DCTN1,0.230611496,5,muscle,RE,Q12778_S256s,ENSG00000204843.13
FOXO1,S256s,regulates,ENSG00000226252.1,0.177158287,5,muscle,RE,Q12778_S256s,ENSG00000226252.1
FOXO1,S256s,regulates,TMEM185B,0.116997642,5,muscle,RE,Q12778_S256s,ENSG00000226479.4
FOXO1,S256s,regulates,ENSG00000233987.2,0.218009558,5,muscle,RE,Q12778_S256s,ENSG00000233987.2
FOXO1,S256s,regulates,ENSG00000236304.2,0.133383757,5,muscle,RE,Q12778_S256s,ENSG00000236304.2
FOXO1,S256s,regulates,ANKRD42-DT,0.130425545,5,muscle,RE,Q12778_S256s,ENSG00000247137.9
FOXO1,S256s,regulates,SEC22B,0.127858409,5,muscle,RE,Q12778_S256s,ENSG00000265808.4
FOXO1,S256s,regulates,NBPF26,0.112478152,5,muscle,RE,Q12778_S256s,ENSG00000273136.8
FOXO1,S256s,regulates,ENSG00000286207.1,0.150968221,5,muscle,RE,Q12778_S256s,ENSG00000286207.1
FOXO1,S319s,regulates,RANBP9,0.110964812,13,muscle,RE,Q12778_S319s,ENSG00000010017.13
FOXO1,S319s,regulates,PHF7,0.177337784,13,muscle,RE,Q12778_S319s,ENSG00000010318.22
FOXO1,S319s,regulates,CALCOCO1,0.18222226,13,muscle,RE,Q12778_S319s,ENSG00000012822.16
FOXO1,S319s,regulates,ZMYND11,0.155418505,13,muscle,RE,Q12778_S319s,ENSG00000015171.20
FOXO1,S319s,regulates,NUP160,0.125394122,13,muscle,RE,Q12778_S319s,ENSG00000030066.13
FOXO1,S319s,regulates,PIAS1,0.169462713,13,muscle,RE,Q12778_S319s,ENSG00000033800.14
FOXO1,S319s,regulates,VPS13D,0.139424334,13,muscle,RE,Q12778_S319s,ENSG00000048707.15
FOXO1,S319s,regulates,THOC3,0.202836107,13,muscle,RE,Q12778_S319s,ENSG00000051596.10
FOXO1,S319s,regulates,WAPL,0.192235539,13,muscle,RE,Q12778_S319s,ENSG00000062650.20
FOXO1,S319s,regulates,PHRF1,0.157656313,13,muscle,RE,Q12778_S319s,ENSG00000070047.13
FOXO1,S319s,regulates,ZFYVE26,0.16633026,13,muscle,RE,Q12778_S319s,ENSG00000072121.17
FOXO1,S319s,regulates,MARK3,0.104013513,13,muscle,RE,Q12778_S319s,ENSG00000075413.19
FOXO1,S319s,regulates,NT5C2,0.113717149,13,muscle,RE,Q12778_S319s,ENSG00000076685.19
FOXO1,S319s,regulates,ITCH,0.106927471,13,muscle,RE,Q12778_S319s,ENSG00000078747.16
FOXO1,S319s,regulates,NFE2L1,0.199623154,13,muscle,RE,Q12778_S319s,ENSG00000082641.16
FOXO1,S319s,regulates,CHERP,0.109240989,13,muscle,RE,Q12778_S319s,ENSG00000085872.15
FOXO1,S319s,regulates,KHSRP,0.133889582,13,muscle,RE,Q12778_S319s,ENSG00000088247.19
FOXO1,S319s,regulates,CCNK,0.118616034,13,muscle,RE,Q12778_S319s,ENSG00000090061.17
FOXO1,S319s,regulates,WAC,0.303972079,13,muscle,RE,Q12778_S319s,ENSG00000095787.24
FOXO1,S319s,regulates,SF3A1,0.315552151,13,muscle,RE,Q12778_S319s,ENSG00000099995.19
FOXO1,S319s,regulates,TOM1,0.109016979,13,muscle,RE,Q12778_S319s,ENSG00000100284.22
FOXO1,S319s,regulates,SCN1B,0.103588285,13,muscle,RE,Q12778_S319s,ENSG00000105711.14
FOXO1,S319s,regulates,PALS2,0.167974397,13,muscle,RE,Q12778_S319s,ENSG00000105926.16
FOXO1,S319s,regulates,TASOR2,0.150536283,13,muscle,RE,Q12778_S319s,ENSG00000108021.20
FOXO1,S319s,regulates,SUPT6H,0.190268783,13,muscle,RE,Q12778_S319s,ENSG00000109111.15
FOXO1,S319s,regulates,AMOTL2,0.144259841,13,muscle,RE,Q12778_S319s,ENSG00000114019.15
FOXO1,S319s,regulates,SRSF4,0.156615758,13,muscle,RE,Q12778_S319s,ENSG00000116350.18
FOXO1,S319s,regulates,CTH,0.116704368,13,muscle,RE,Q12778_S319s,ENSG00000116761.12
FOXO1,S319s,regulates,PRPF3,0.150030123,13,muscle,RE,Q12778_S319s,ENSG00000117360.13
FOXO1,S319s,regulates,MXI1,0.134437419,13,muscle,RE,Q12778_S319s,ENSG00000119950.21
FOXO1,S319s,regulates,FAM126A,0.161413717,13,muscle,RE,Q12778_S319s,ENSG00000122591.13
FOXO1,S319s,regulates,MED20,0.151807409,13,muscle,RE,Q12778_S319s,ENSG00000124641.16
FOXO1,S319s,regulates,ABCC4,0.118087507,13,muscle,RE,Q12778_S319s,ENSG00000125257.16
FOXO1,S319s,regulates,TBC1D20,0.132755931,13,muscle,RE,Q12778_S319s,ENSG00000125875.15
FOXO1,S319s,regulates,KLHL36,0.123692421,13,muscle,RE,Q12778_S319s,ENSG00000135686.13
FOXO1,S319s,regulates,C2orf49,0.119315747,13,muscle,RE,Q12778_S319s,ENSG00000135974.10
FOXO1,S319s,regulates,DGKB,0.127713414,13,muscle,RE,Q12778_S319s,ENSG00000136267.14
FOXO1,S319s,regulates,UNC13C,0.180029568,13,muscle,RE,Q12778_S319s,ENSG00000137766.18
FOXO1,S319s,regulates,CNOT6L,0.116327128,13,muscle,RE,Q12778_S319s,ENSG00000138767.14
FOXO1,S319s,regulates,WDR20,0.239515771,13,muscle,RE,Q12778_S319s,ENSG00000140153.18
FOXO1,S319s,regulates,RANBP10,0.13487289,13,muscle,RE,Q12778_S319s,ENSG00000141084.12
FOXO1,S319s,regulates,RAB40B,0.261319585,13,muscle,RE,Q12778_S319s,ENSG00000141542.11
FOXO1,S319s,regulates,SNX27,0.13279261,13,muscle,RE,Q12778_S319s,ENSG00000143376.14
FOXO1,S319s,regulates,CDCA7,0.106788396,13,muscle,RE,Q12778_S319s,ENSG00000144354.14
FOXO1,S319s,regulates,RETREG2,0.15693154,13,muscle,RE,Q12778_S319s,ENSG00000144567.11
FOXO1,S319s,regulates,NAF1,0.124935166,13,muscle,RE,Q12778_S319s,ENSG00000145414.9
FOXO1,S319s,regulates,MEPCE,0.204586285,13,muscle,RE,Q12778_S319s,ENSG00000146834.14
FOXO1,S319s,regulates,CETN2,0.145265887,13,muscle,RE,Q12778_S319s,ENSG00000147400.10
FOXO1,S319s,regulates,TAF5,0.135851704,13,muscle,RE,Q12778_S319s,ENSG00000148835.12
FOXO1,S319s,regulates,SESN3,0.160770048,13,muscle,RE,Q12778_S319s,ENSG00000149212.12
FOXO1,S319s,regulates,FHIP2A,0.103861777,13,muscle,RE,Q12778_S319s,ENSG00000151553.15
FOXO1,S319s,regulates,CWF19L2,0.138496854,13,muscle,RE,Q12778_S319s,ENSG00000152404.16
FOXO1,S319s,regulates,ZFYVE9,0.100614588,13,muscle,RE,Q12778_S319s,ENSG00000157077.16
FOXO1,S319s,regulates,SKI,0.184243848,13,muscle,RE,Q12778_S319s,ENSG00000157933.10
FOXO1,S319s,regulates,H2BC5,0.139954944,13,muscle,RE,Q12778_S319s,ENSG00000158373.9
FOXO1,S319s,regulates,MRNIP,0.119829661,13,muscle,RE,Q12778_S319s,ENSG00000161010.16
FOXO1,S319s,regulates,NXF1,0.185848903,13,muscle,RE,Q12778_S319s,ENSG00000162231.14
FOXO1,S319s,regulates,CNST,0.100205912,13,muscle,RE,Q12778_S319s,ENSG00000162852.14
FOXO1,S319s,regulates,H3-3A,0.145288271,13,muscle,RE,Q12778_S319s,ENSG00000163041.13
FOXO1,S319s,regulates,INHBB,0.122632477,13,muscle,RE,Q12778_S319s,ENSG00000163083.6
FOXO1,S319s,regulates,DCAF16,0.100777324,13,muscle,RE,Q12778_S319s,ENSG00000163257.11
FOXO1,S319s,regulates,PPM1L,0.101223785,13,muscle,RE,Q12778_S319s,ENSG00000163590.14
FOXO1,S319s,regulates,ABLIM2,0.121665538,13,muscle,RE,Q12778_S319s,ENSG00000163995.21
FOXO1,S319s,regulates,ICE1,0.104228797,13,muscle,RE,Q12778_S319s,ENSG00000164151.12
FOXO1,S319s,regulates,LSM6,0.116548921,13,muscle,RE,Q12778_S319s,ENSG00000164167.12
FOXO1,S319s,regulates,RHOBTB3,0.113024754,13,muscle,RE,Q12778_S319s,ENSG00000164292.13
FOXO1,S319s,regulates,ZNF704,0.121280189,13,muscle,RE,Q12778_S319s,ENSG00000164684.13
FOXO1,S319s,regulates,ZFYVE1,0.107814462,13,muscle,RE,Q12778_S319s,ENSG00000165861.14
FOXO1,S319s,regulates,ATP9B,0.17148213,13,muscle,RE,Q12778_S319s,ENSG00000166377.21
FOXO1,S319s,regulates,PARM1,0.154529491,13,muscle,RE,Q12778_S319s,ENSG00000169116.11
FOXO1,S319s,regulates,ROBO1,0.148425865,13,muscle,RE,Q12778_S319s,ENSG00000169855.21
FOXO1,S319s,regulates,NPTX1,0.14244031,13,muscle,RE,Q12778_S319s,ENSG00000171246.6
FOXO1,S319s,regulates,ZNF131,0.15184392,13,muscle,RE,Q12778_S319s,ENSG00000172262.12
FOXO1,S319s,regulates,TADA2B,0.146633075,13,muscle,RE,Q12778_S319s,ENSG00000173011.12
FOXO1,S319s,regulates,C9orf131,0.127219977,13,muscle,RE,Q12778_S319s,ENSG00000174038.13
FOXO1,S319s,regulates,UCP3,0.10205678,13,muscle,RE,Q12778_S319s,ENSG00000175564.13
FOXO1,S319s,regulates,PNMA1,0.12878135,13,muscle,RE,Q12778_S319s,ENSG00000176903.5
FOXO1,S319s,regulates,ANKLE2,0.110699307,13,muscle,RE,Q12778_S319s,ENSG00000176915.15
FOXO1,S319s,regulates,SMCR8,0.181194341,13,muscle,RE,Q12778_S319s,ENSG00000176994.11
FOXO1,S319s,regulates,ZBTB34,0.127274642,13,muscle,RE,Q12778_S319s,ENSG00000177125.5
FOXO1,S319s,regulates,ERBB4,0.164604458,13,muscle,RE,Q12778_S319s,ENSG00000178568.15
FOXO1,S319s,regulates,ACBD3,0.134573625,13,muscle,RE,Q12778_S319s,ENSG00000182827.9
FOXO1,S319s,regulates,TSPYL2,0.104400133,13,muscle,RE,Q12778_S319s,ENSG00000184205.14
FOXO1,S319s,regulates,BICD2,0.153730682,13,muscle,RE,Q12778_S319s,ENSG00000185963.14
FOXO1,S319s,regulates,LRCH3,0.151187905,13,muscle,RE,Q12778_S319s,ENSG00000186001.14
FOXO1,S319s,regulates,MITF,0.106370624,13,muscle,RE,Q12778_S319s,ENSG00000187098.18
FOXO1,S319s,regulates,UBQLN2,0.173325095,13,muscle,RE,Q12778_S319s,ENSG00000188021.9
FOXO1,S319s,regulates,UVRAG,0.180434247,13,muscle,RE,Q12778_S319s,ENSG00000198382.9
FOXO1,S319s,regulates,GIGYF2,0.116854623,13,muscle,RE,Q12778_S319s,ENSG00000204120.16
FOXO1,S319s,regulates,SCAF8,0.147290247,13,muscle,RE,Q12778_S319s,ENSG00000213079.10
FOXO1,S319s,regulates,LINC00390,0.213730996,13,muscle,RE,Q12778_S319s,ENSG00000226519.3
FOXO1,S319s,regulates,ENSG00000229425.4,0.118267291,13,muscle,RE,Q12778_S319s,ENSG00000229425.4
FOXO1,S319s,regulates,ENSG00000253115.1,0.240843717,13,muscle,RE,Q12778_S319s,ENSG00000253115.1
FOXO1,S319s,regulates,ILF3-DT,0.11776041,13,muscle,RE,Q12778_S319s,ENSG00000267100.1
FOXO1,S319s,regulates,CASTOR2,0.184684263,13,muscle,RE,Q12778_S319s,ENSG00000274070.2
FOXO1,S319s,regulates,GGNBP2,0.199362805,13,muscle,RE,Q12778_S319s,ENSG00000278311.5
FOXO1,S319s,regulates,ENSG00000279026.1,0.107318015,13,muscle,RE,Q12778_S319s,ENSG00000279026.1
FOXO1,S319s,regulates,MATR3,0.224292899,13,muscle,RE,Q12778_S319s,ENSG00000280987.4